Timestamp,User Count,Type,Name,Requests/s,Failures/s,50%,66%,75%,80%,90%,95%,98%,99%,99.9%,99.99%,100%,Total Request Count,Total Failure Count,Total Median Response Time,Total Average Response Time,Total Min Response Time,Total Max Response Time,Total Average Content Size
1778863380,0,,Aggregated,0.000000,0.000000,N/A,N/A,N/A,N/A,N/A,N/A,N/A,N/A,N/A,N/A,N/A,0,0,0,0.0,0,0,0
1778863381,10,,Aggregated,0.000000,0.000000,370,370,440,510,570,570,570,570,570,570,570,10,0,370.0,407.7457550999952,360.62957499996173,574.9538589999474,13.0
1778863382,20,,Aggregated,0.000000,0.000000,240,360,370,370,510,510,570,570,570,570,570,30,0,210.0,259.1267058999999,71.6278910000483,574.9538589999474,13.0
1778863383,40,,Aggregated,0.000000,0.000000,260,370,400,410,510,520,540,570,570,570,570,70,0,240.0,270.5647339428652,67.53258199989887,574.9538589999474,13.0
1778863384,50,,Aggregated,10.000000,0.000000,180,220,350,370,440,510,530,540,570,570,570,120,0,180.0,210.99564272500402,66.75021900002776,574.9538589999474,13.0
1778863385,70,,Aggregated,23.333333,0.000000,190,240,340,360,430,500,520,540,570,570,570,183,0,190.0,221.3930430655816,66.75021900002776,574.9538589999474,13.0
1778863386,80,,Aggregated,30.000000,0.000000,200,270,360,370,450,510,540,550,570,570,570,224,0,200.0,234.24813141964873,66.75021900002776,574.9538589999474,13.0
1778863387,100,,Aggregated,35.200000,0.000000,220,360,420,490,590,880,1100,1100,1300,1300,1300,257,0,220.0,310.3983467704324,66.75021900002776,1277.3997919999829,13.0
1778863388,106,,Aggregated,36.833333,0.000000,250,400,500,540,1100,1300,1700,1700,1900,1900,1900,281,0,250.0,403.31355348399046,66.75021900002776,1939.9159900000313,13.0
1778863389,106,,Aggregated,36.142857,0.000000,340,510,880,1200,1700,2500,2700,2700,2800,2800,2800,325,0,340.0,632.2782850800046,66.75021900002776,2774.647165999909,13.0
1778863390,107,,Aggregated,34.875000,0.000000,430,870,1300,1400,2300,2600,2700,2800,2900,2900,2900,400,0,430.0,788.6615872725034,66.75021900002776,2935.87555900001,13.0
1778863391,108,,Aggregated,35.555556,0.000000,360,650,1300,1400,2100,2400,2700,2700,2900,2900,2900,481,0,360.0,721.1954533866981,66.75021900002776,2935.87555900001,13.0
1778863392,109,,Aggregated,39.000000,0.000000,280,540,1100,1300,1700,2400,2600,2700,2900,2900,2900,573,0,280.0,652.2697693961632,66.75021900002776,2935.87555900001,13.0
1778863393,110,,Aggregated,46.100000,0.000000,220,480,870,1100,1600,2300,2600,2700,2900,2900,2900,675,0,220.0,579.9471658607447,66.75021900002776,2935.87555900001,13.0
1778863394,111,,Aggregated,53.700000,0.000000,190,370,600,980,1500,2300,2600,2700,2900,2900,2900,778,0,190.0,521.0994334935764,66.75021900002776,2935.87555900001,13.0
1778863395,112,,Aggregated,59.600000,0.000000,170,310,510,820,1500,2200,2600,2700,2900,2900,2900,877,0,170.0,472.7382362497175,66.75021900002776,2935.87555900001,13.0
1778863396,112,,Aggregated,64.200000,0.000000,140,240,440,600,1400,2100,2600,2700,2900,2900,2900,975,0,140.0,434.91529350871986,66.75021900002776,2935.87555900001,13.0
1778863397,113,,Aggregated,69.000000,0.000000,130,210,370,510,1300,1900,2500,2700,2900,2900,2900,1081,0,130.0,402.3764414449596,66.75021900002776,2935.87555900001,13.0
1778863398,114,,Aggregated,74.100000,0.000000,130,190,320,450,1300,1700,2400,2600,2900,2900,2900,1187,0,130.0,375.356264683237,66.75021900002776,2935.87555900001,13.0
1778863399,115,,Aggregated,81.700000,0.000000,120,180,260,390,1200,1600,2400,2600,2900,2900,2900,1294,0,120.0,352.88390082225834,66.75021900002776,2935.87555900001,13.0
1778863400,116,,Aggregated,89.700000,0.000000,120,170,230,360,1100,1600,2400,2600,2900,2900,2900,1392,0,120.0,336.05447005675495,66.75021900002776,2935.87555900001,13.0
1778863401,117,,Aggregated,96.400000,0.000000,110,160,210,310,1000,1500,2400,2600,2900,2900,2900,1499,0,110.0,320.0589133035373,66.75021900002776,2935.87555900001,13.0
1778863402,117,,Aggregated,98.700000,0.000000,110,150,210,270,940,1500,2300,2600,2900,2900,2900,1609,0,110.0,304.31361755313975,66.75021900002776,2935.87555900001,13.0
1778863403,118,,Aggregated,101.800000,0.000000,99,150,190,240,850,1500,2300,2600,2900,2900,2900,1719,0,99,289.8827309808045,66.75021900002776,2935.87555900001,13.0
1778863404,119,,Aggregated,102.900000,0.000000,92,140,180,220,750,1400,2300,2600,2900,2900,2900,1829,0,92,277.1846934811385,66.75021900002776,2935.87555900001,13.0
1778863405,120,,Aggregated,103.900000,0.000000,90,140,180,220,600,1400,2300,2600,2900,2900,2900,1936,0,90,268.09445765599287,66.75021900002776,2935.87555900001,13.0
1778863406,121,,Aggregated,105.200000,0.000000,90,130,170,210,550,1400,2200,2600,2800,2900,2900,2050,0,90,259.8991854487809,66.75021900002776,2935.87555900001,13.0
1778863407,121,,Aggregated,105.900000,0.000000,89,130,170,200,510,1300,2200,2500,2800,2900,2900,2152,0,89,252.21265430901485,66.75021900002776,2935.87555900001,13.0
1778863408,122,,Aggregated,107.200000,0.000000,94,140,170,200,500,1300,2200,2500,2800,2900,2900,2261,0,94,247.71235104113123,66.75021900002776,2935.87555900001,13.0
1778863409,123,,Aggregated,106.700000,0.000000,92,130,160,190,450,1300,2100,2400,2800,2900,2900,2376,0,92,240.04244725925835,66.75021900002776,2935.87555900001,13.0
1778863410,124,,Aggregated,107.100000,0.000000,88,130,160,190,430,1200,2100,2400,2800,2900,2900,2493,0,88,232.41544844003084,66.75021900002776,2935.87555900001,13.0
1778863411,125,,Aggregated,107.900000,0.000000,87,130,150,180,400,1100,2000,2400,2800,2900,2900,2607,0,87,226.19054799424546,66.75021900002776,2935.87555900001,13.0
1778863412,125,,Aggregated,109.700000,0.000000,86,120,150,180,380,1100,1900,2400,2800,2900,2900,2723,0,86,220.5204381604838,66.75021900002776,2935.87555900001,13.0
1778863413,126,,Aggregated,110.100000,0.000000,85,120,150,170,360,1100,1700,2400,2800,2900,2900,2835,0,85,215.00054627160432,66.75021900002776,2935.87555900001,13.0
1778863414,127,,Aggregated,110.700000,0.000000,85,120,150,170,350,1000,1700,2400,2800,2900,2900,2948,0,85,210.60351078256343,66.75021900002776,2935.87555900001,13.0
1778863415,128,,Aggregated,111.400000,0.000000,86,120,150,180,340,990,1600,2400,2800,2900,2900,3055,0,86,210.6915747682477,66.75021900002776,2935.87555900001,13.0
1778863416,128,,Aggregated,111.800000,0.000000,89,130,160,190,320,950,1600,2300,2800,2900,2900,3162,0,89,210.36284032131468,66.75021900002776,2935.87555900001,13.0
1778863417,129,,Aggregated,111.300000,0.000000,92,140,170,190,310,920,1600,2300,2800,2900,2900,3270,0,92,209.8521433146777,66.75021900002776,2935.87555900001,13.0
1778863418,130,,Aggregated,111.200000,0.000000,96,140,180,200,300,870,1600,2300,2800,2900,2900,3385,0,96,208.8070022862612,66.75021900002776,2935.87555900001,13.0
1778863419,130,,Aggregated,111.600000,0.000000,95,140,170,190,290,820,1500,2300,2800,2900,2900,3503,0,95,205.25056911361546,66.75021900002776,2935.87555900001,13.0
1778863420,131,,Aggregated,111.800000,0.000000,93,140,170,190,280,770,1500,2300,2800,2900,2900,3625,0,93,201.5628331216532,66.75021900002776,2935.87555900001,13.0
1778863421,132,,Aggregated,112.100000,0.000000,91,130,170,190,270,660,1500,2300,2800,2900,2900,3748,0,91,197.4837840736369,66.75021900002776,2935.87555900001,13.0
1778863422,132,,Aggregated,112.900000,0.000000,89,130,160,190,270,600,1500,2300,2800,2900,2900,3868,0,89,193.84279179032848,66.75021900002776,2935.87555900001,13.0
1778863423,133,,Aggregated,113.600000,0.000000,91,130,160,190,270,560,1500,2300,2800,2900,2900,3982,0,91,192.46233576719976,66.75021900002776,2935.87555900001,13.0
1778863424,134,,Aggregated,114.400000,0.000000,93,140,170,190,280,550,1500,2200,2700,2900,2900,4071,0,93,194.32591875411183,66.75021900002776,2935.87555900001,13.0
1778863425,134,,Aggregated,114.600000,0.000000,94,140,170,200,310,710,1500,2200,2700,2900,2900,4137,0,94,200.61017593618308,66.75021900002776,2935.87555900001,13.0
1778863426,135,,Aggregated,112.500000,0.000000,97,140,180,210,360,870,1500,2200,2700,2900,2900,4195,0,97,210.43356221739873,66.75021900002776,2935.87555900001,13.0
1778863427,136,,Aggregated,108.600000,0.000000,99,150,190,220,440,1100,1500,2200,2700,2900,2900,4280,0,99,227.32345079952952,66.75021900002776,2935.87555900001,13.0
1778863428,136,,Aggregated,103.500000,0.000000,100,150,190,230,510,1100,1500,2200,2700,2900,2900,4378,0,100.0,235.93770850136735,66.75021900002776,2935.87555900001,13.0
1778863429,137,,Aggregated,100.900000,0.000000,110,160,210,250,510,1100,1400,2200,2700,2900,2900,4488,0,110.0,238.30883034603087,66.75021900002776,2935.87555900001,13.0
1778863430,137,,Aggregated,99.400000,0.000000,110,170,220,270,510,1100,1400,2200,2700,2900,2900,4569,0,110.0,240.84875064959218,66.75021900002776,2935.87555900001,13.0
1778863431,138,,Aggregated,98.300000,0.000000,110,170,230,280,550,1100,1400,2100,2700,2900,2900,4652,0,110.0,247.46147567433073,66.75021900002776,2935.87555900001,13.0
1778863432,138,,Aggregated,95.000000,0.000000,110,180,240,300,550,1100,1400,2100,2700,2900,2900,4767,0,110.0,251.82182083406514,66.75021900002776,2935.87555900001,13.0
1778863433,139,,Aggregated,90.700000,0.000000,110,170,230,300,550,1100,1400,2100,2700,2900,2900,4878,0,110.0,251.5295646760945,66.75021900002776,2935.87555900001,13.0
1778863434,140,,Aggregated,89.600000,0.000000,110,170,230,290,550,1100,1400,2000,2700,2900,2900,5008,0,110.0,249.9787631355811,66.75021900002776,2935.87555900001,13.0
1778863435,140,,Aggregated,88.900000,0.000000,110,170,230,290,550,1100,1400,2000,2700,2900,2900,5133,0,110.0,246.31809802922064,66.75021900002776,2935.87555900001,13.0
1778863436,141,,Aggregated,92.600000,0.000000,100,170,220,280,540,1100,1400,2000,2700,2900,2900,5266,0,100.0,242.55779119312385,66.75021900002776,2935.87555900001,13.0
1778863437,141,,Aggregated,98.800000,0.000000,100,160,220,270,530,1100,1300,1900,2700,2900,2900,5402,0,100.0,238.4103046736377,66.75021900002776,2935.87555900001,13.0
1778863438,142,,Aggregated,105.800000,0.000000,97,160,210,270,520,1100,1300,1800,2700,2900,2900,5534,0,97,234.55669576075033,66.75021900002776,2935.87555900001,13.0
1778863439,142,,Aggregated,111.000000,0.000000,94,150,210,260,510,1000,1300,1700,2700,2900,2900,5660,0,94,231.2104433031789,66.75021900002776,2935.87555900001,13.0
1778863440,142,,Aggregated,114.600000,0.000000,92,150,200,260,510,1000,1300,1700,2700,2900,2900,5793,0,92,228.02877519903186,66.75021900002776,2935.87555900001,13.0
1778863441,143,,Aggregated,117.100000,0.000000,91,150,200,250,500,1000,1300,1700,2700,2900,2900,5926,0,91,225.02377473945188,66.75021900002776,2935.87555900001,13.0
1778863442,143,,Aggregated,121.000000,0.000000,89,150,200,250,490,980,1300,1700,2700,2900,2900,6062,0,89,221.8175628607709,66.75021900002776,2935.87555900001,13.0
1778863443,144,,Aggregated,126.100000,0.000000,88,140,190,240,470,970,1300,1600,2700,2900,2900,6192,0,88,218.82235487209223,66.75021900002776,2935.87555900001,13.0
1778863444,144,,Aggregated,128.300000,0.000000,87,140,190,230,460,950,1300,1600,2700,2900,2900,6323,0,87,216.30286845737706,66.75021900002776,2935.87555900001,13.0
1778863445,145,,Aggregated,130.800000,0.000000,86,140,190,230,450,930,1300,1600,2700,2900,2900,6457,0,86,213.49679516865334,66.75021900002776,2935.87555900001,13.0
1778863446,145,,Aggregated,130.600000,0.000000,85,140,180,230,450,910,1300,1600,2700,2900,2900,6590,0,85,210.89115468467304,66.75021900002776,2935.87555900001,13.0
1778863447,145,,Aggregated,131.400000,0.000000,85,130,180,220,440,880,1300,1600,2700,2900,2900,6724,0,85,208.41786657911828,66.75021900002776,2935.87555900001,13.0
1778863448,146,,Aggregated,132.000000,0.000000,85,130,180,220,430,870,1300,1600,2700,2900,2900,6854,0,85,206.4566074393041,66.75021900002776,2935.87555900001,13.0
1778863449,146,,Aggregated,131.400000,0.000000,84,130,180,220,430,860,1300,1600,2700,2900,2900,6991,0,84,204.15297538892725,66.75021900002776,2935.87555900001,13.0
1778863450,146,,Aggregated,131.800000,0.000000,84,130,170,210,420,840,1300,1500,2700,2900,2900,7122,0,84,202.51658542207133,66.75021900002776,2935.87555900001,13.0
1778863451,147,,Aggregated,131.800000,0.000000,84,130,170,210,410,820,1300,1500,2700,2900,2900,7254,0,84,200.8062020374957,66.75021900002776,2935.87555900001,13.0
1778863452,147,,Aggregated,132.200000,0.000000,84,130,170,210,410,800,1300,1500,2700,2900,2900,7384,0,84,199.4953643637583,66.75021900002776,2935.87555900001,13.0
1778863453,147,,Aggregated,132.400000,0.000000,85,130,170,210,410,790,1300,1500,2700,2900,2900,7492,0,85,199.28593413133882,66.75021900002776,2935.87555900001,13.0
1778863454,147,,Aggregated,131.900000,0.000000,85,130,180,220,430,790,1300,1500,2700,2900,2900,7581,0,85,201.63569526553118,66.75021900002776,2935.87555900001,13.0
1778863455,148,,Aggregated,130.500000,0.000000,86,130,180,230,450,830,1300,1500,2700,2900,2900,7646,0,86,205.95658079557833,66.75021900002776,2935.87555900001,13.0
1778863456,148,,Aggregated,127.300000,0.000000,86,140,180,230,490,930,1300,1500,2700,2900,2900,7703,0,86,213.0027734994147,66.75021900002776,2935.87555900001,13.0
1778863457,148,,Aggregated,120.600000,0.000000,87,140,190,240,520,1100,1400,1600,2700,2900,2900,7774,0,87,224.34846263519313,66.75021900002776,2935.87555900001,13.0
1778863458,148,,Aggregated,112.800000,0.000000,88,140,200,260,560,1100,1400,1600,2700,2900,2900,7873,0,88,234.33825991184938,66.75021900002776,2935.87555900001,13.0
1778863459,148,,Aggregated,106.500000,0.000000,89,140,210,270,560,1100,1400,1600,2700,2900,2900,7975,0,89,237.38433609253792,66.75021900002776,2935.87555900001,13.0
1778863460,149,,Aggregated,101.900000,0.000000,90,150,220,300,560,1100,1400,1600,2700,2900,2900,8087,0,90,240.07923711598747,66.75021900002776,2935.87555900001,13.0
1778863461,149,,Aggregated,99.200000,0.000000,92,150,220,300,560,1100,1400,1600,2700,2900,2900,8210,0,92,240.28471965566285,66.75021900002776,2935.87555900001,13.0
1778863462,149,,Aggregated,96.700000,0.000000,93,150,220,300,560,1100,1400,1600,2700,2900,2900,8325,0,93,239.98975445225133,66.75021900002776,2935.87555900001,13.0
1778863463,149,,Aggregated,96.000000,0.000000,95,160,230,300,570,1100,1400,1600,2700,2900,2900,8429,0,95,241.30240266947345,66.75021900002776,2935.87555900001,13.0
1778863464,149,,Aggregated,95.100000,0.000000,97,160,240,320,570,1100,1400,1600,2700,2900,2900,8519,0,97,244.07702466838737,66.75021900002776,2935.87555900001,13.0
1778863465,149,,Aggregated,93.300000,0.000000,98,170,250,340,600,1100,1400,1600,2700,2900,2900,8605,0,98,248.53079576850564,66.75021900002776,2935.87555900001,13.0
1778863466,149,,Aggregated,92.900000,0.000000,99,170,260,350,620,1100,1400,1600,2700,2900,2900,8689,0,99,252.74911889630462,66.75021900002776,2935.87555900001,13.0
1778863467,149,,Aggregated,94.700000,0.000000,100,170,270,370,660,1100,1400,1600,2700,2900,2900,8770,0,100.0,258.03118071459403,66.75021900002776,2935.87555900001,13.0
1778863468,149,,Aggregated,98.000000,0.000000,100,180,280,380,700,1100,1400,1600,2700,2900,2900,8860,0,100.0,263.3985457478541,66.75021900002776,2935.87555900001,13.0
1778863469,149,,Aggregated,99.100000,0.000000,100,180,290,400,720,1100,1400,1500,2700,2900,2900,8942,0,100.0,267.53569733102046,66.75021900002776,2935.87555900001,13.0
1778863470,149,,Aggregated,99.300000,0.000000,110,190,310,420,750,1100,1400,1500,2700,2900,2900,9037,0,110.0,272.8524714314466,66.75021900002776,2935.87555900001,13.0
1778863471,149,,Aggregated,96.900000,0.000000,110,190,330,430,750,1100,1400,1500,2700,2900,2900,9136,0,110.0,275.72956316965656,66.75021900002776,2935.87555900001,13.0
1778863472,149,,Aggregated,94.900000,0.000000,110,200,350,450,740,1100,1300,1500,2700,2900,2900,9221,0,110.0,278.60173490467224,66.75021900002776,2935.87555900001,13.0
1778863473,149,,Aggregated,92.900000,0.000000,110,210,360,470,750,1100,1300,1500,2700,2900,2900,9319,0,110.0,282.4993442843636,66.75021900002776,2935.87555900001,13.0
1778863474,149,,Aggregated,89.600000,0.000000,110,210,370,490,740,1100,1300,1500,2700,2900,2900,9415,0,110.0,285.33081857493187,66.75021900002776,2935.87555900001,13.0
1778863475,149,,Aggregated,88.700000,0.000000,110,220,390,500,740,1100,1300,1500,2700,2900,2900,9505,0,110.0,287.92932512982475,66.75021900002776,2935.87555900001,13.0
1778863476,149,,Aggregated,89.100000,0.000000,120,230,410,520,740,1000,1300,1500,2700,2900,2900,9597,0,120.0,291.5637095914331,66.75021900002776,2935.87555900001,13.0
1778863477,149,,Aggregated,89.900000,0.000000,120,240,420,530,740,1000,1300,1500,2700,2900,2900,9695,0,120.0,294.22098042939496,66.75021900002776,2935.87555900001,13.0
1778863478,149,,Aggregated,89.300000,0.000000,120,240,430,540,740,1000,1300,1500,2700,2900,2900,9774,0,120.0,296.50311076785187,66.75021900002776,2935.87555900001,13.0
1778863479,149,,Aggregated,92.800000,0.000000,120,250,450,550,760,1000,1300,1500,2700,2900,2900,9845,0,120.0,300.906622349313,66.75021900002776,2935.87555900001,13.0
1778863480,149,,Aggregated,91.500000,0.000000,130,260,460,560,780,1000,1300,1500,2700,2900,2900,9928,0,130.0,306.7374516280204,66.75021900002776,2935.87555900001,13.0
1778863481,149,,Aggregated,90.400000,0.000000,130,270,480,570,810,1000,1300,1500,2700,2900,2900,10013,0,130.0,311.38869791191325,66.75021900002776,2935.87555900001,13.0
1778863482,149,,Aggregated,90.000000,0.000000,130,280,490,580,810,1000,1300,1500,2700,2900,2900,10101,0,130.0,314.86951990377037,66.75021900002776,2935.87555900001,13.0
1778863483,148,,Aggregated,87.500000,0.000000,130,290,500,590,820,1000,1300,1500,2700,2900,2900,10174,0,130.0,318.1901614594049,66.75021900002776,2935.87555900001,13.0
1778863484,148,,Aggregated,88.200000,0.000000,130,300,510,600,830,1000,1300,1500,2700,2900,2900,10250,0,130.0,322.7716541389254,66.75021900002776,2935.87555900001,13.0
1778863485,148,,Aggregated,86.200000,0.000000,140,310,520,600,850,1100,1300,1500,2700,2900,2900,10310,0,140.0,327.316608247428,66.75021900002776,2935.87555900001,13.0
1778863486,148,,Aggregated,84.500000,0.000000,140,330,530,620,870,1100,1300,1500,2700,2900,2900,10394,0,140.0,333.9834593030577,66.75021900002776,2935.87555900001,13.0
1778863487,147,,Aggregated,80.900000,0.000000,140,340,540,620,870,1100,1300,1500,2700,2900,2900,10484,0,140.0,338.0169368922149,66.75021900002776,2935.87555900001,13.0
1778863488,147,,Aggregated,79.900000,0.000000,140,360,550,630,870,1100,1300,1500,2700,2900,2900,10564,0,140.0,340.41422557042614,66.75021900002776,2935.87555900001,13.0
1778863489,147,,Aggregated,78.300000,0.000000,140,360,560,630,880,1100,1300,1500,2700,2900,2900,10618,0,140.0,343.6198330481241,66.75021900002776,2935.87555900001,13.0
1778863490,147,,Aggregated,78.500000,0.000000,140,370,570,640,900,1100,1300,1500,2700,2900,2900,10686,0,140.0,349.2103690979772,66.75021900002776,2935.87555900001,13.0
1778863491,146,,Aggregated,77.700000,0.000000,150,380,570,650,920,1100,1400,1600,2700,2900,2900,10741,0,150.0,354.8009462693402,66.75021900002776,2935.87555900001,13.0
1778863492,146,,Aggregated,76.000000,0.000000,150,380,580,650,940,1200,1400,1600,2700,2900,2900,10779,0,150.0,359.4022328845889,66.75021900002776,2935.87555900001,13.0
1778863493,146,,Aggregated,74.000000,0.000000,150,390,580,660,950,1200,1500,1700,2700,2900,2900,10805,0,150.0,363.1953049653848,66.75021900002776,2935.87555900001,13.0
1778863494,145,,Aggregated,69.300000,0.000000,150,390,580,660,960,1200,1500,1900,2800,3200,3300,10833,0,150.0,368.7108971090172,66.75021900002776,3282.451071999958,13.0
1778863495,145,,Aggregated,64.800000,0.000000,150,400,580,670,970,1200,1600,2000,3500,4000,4000,10860,0,150.0,375.5098046166651,66.75021900002776,4027.942807000045,13.0
1778863496,145,,Aggregated,59.800000,0.000000,150,410,590,670,990,1200,1700,2500,4100,4300,4300,10909,0,150.0,390.30951074094634,66.75021900002776,4289.742433000129,13.0
1778863497,144,,Aggregated,56.100000,0.000000,150,410,590,680,1000,1300,2000,2800,4100,4300,4300,10965,0,150.0,403.6175548689449,66.75021900002776,4289.742433000129,13.0
1778863498,144,,Aggregated,53.200000,0.000000,150,430,600,690,1000,1300,2100,2800,4100,4300,4300,11046,0,150.0,412.2967963231023,66.75021900002776,4289.742433000129,13.0
1778863499,144,,Aggregated,49.200000,0.000000,160,430,600,690,1000,1300,2100,2800,4100,4300,4300,11157,0,160.0,414.53113770511726,66.75021900002776,4289.742433000129,13.0
1778863500,143,,Aggregated,47.800000,0.000000,160,420,600,690,1000,1300,2100,2800,4100,4300,4300,11250,0,160.0,415.5398549042662,66.75021900002776,4289.742433000129,13.0
1778863501,143,,Aggregated,51.300000,0.000000,160,430,600,690,1000,1300,2100,2800,4100,4300,4300,11344,0,160.0,416.00484970098677,66.75021900002776,4289.742433000129,13.0
1778863502,142,,Aggregated,55.100000,0.000000,170,430,600,690,1000,1300,2100,2800,4100,4300,4300,11416,0,170.0,417.37136989856276,66.75021900002776,4289.742433000129,13.0
1778863503,142,,Aggregated,58.700000,0.000000,170,440,610,700,1000,1300,2100,2800,4100,4300,4300,11509,0,170.0,419.8546715924056,66.75021900002776,4289.742433000129,13.0
1778863504,141,,Aggregated,62.100000,0.000000,170,440,610,700,1000,1300,2100,2700,4100,4300,4300,11629,0,170.0,419.58864762567714,66.75021900002776,4289.742433000129,13.0
1778863505,141,,Aggregated,67.300000,0.000000,170,430,600,690,1000,1300,2100,2700,4100,4300,4300,11742,0,170.0,418.30214376818265,66.75021900002776,4289.742433000129,13.0
1778863506,140,,Aggregated,75.600000,0.000000,170,430,600,690,1000,1300,2100,2700,4100,4300,4300,11843,0,170.0,417.1677903699231,66.75021900002776,4289.742433000129,13.0
1778863507,140,,Aggregated,84.500000,0.000000,180,430,600,690,1000,1300,2000,2700,4100,4300,4300,11948,0,180.0,416.56232999455995,66.75021900002776,4289.742433000129,13.0
1778863508,139,,Aggregated,91.200000,0.000000,180,420,600,690,1000,1300,2000,2700,4100,4300,4300,12050,0,180.0,415.8015916508715,66.75021900002776,4289.742433000129,13.0
1778863509,139,,Aggregated,96.100000,0.000000,180,420,600,690,1000,1300,2000,2700,4100,4300,4300,12142,0,180.0,416.0323520964426,66.75021900002776,4289.742433000129,13.0
1778863510,138,,Aggregated,99.300000,0.000000,180,420,600,680,1000,1300,2000,2700,4100,4300,4300,12230,0,180.0,416.53798130923997,66.75021900002776,4289.742433000129,13.0
1778863511,138,,Aggregated,99.100000,0.000000,190,430,600,690,1000,1300,2000,2700,4100,4300,4300,12301,0,190.0,418.11966558767625,66.75021900002776,4289.742433000129,13.0
1778863512,137,,Aggregated,98.000000,0.000000,190,430,610,700,1000,1300,2000,2700,4100,4300,4300,12359,0,190.0,420.6379726912375,66.75021900002776,4289.742433000129,13.0
1778863513,136,,Aggregated,96.400000,0.000000,190,440,610,710,1100,1300,2000,2700,4100,4300,4300,12431,0,190.0,424.9157633421288,66.75021900002776,4289.742433000129,13.0
1778863514,136,,Aggregated,94.800000,0.000000,190,450,620,720,1100,1300,2000,2700,4100,4300,4300,12523,0,190.0,427.85175828252073,66.75021900002776,4289.742433000129,13.0
1778863515,135,,Aggregated,92.800000,0.000000,200,460,620,710,1100,1300,2000,2700,4100,4300,4300,12603,0,200.0,428.6060829941288,66.75021900002776,4289.742433000129,13.0
1778863516,135,,Aggregated,90.000000,0.000000,200,470,620,720,1000,1300,2000,2700,4100,4300,4300,12689,0,200.0,430.321173761684,66.75021900002776,4289.742433000129,13.0
1778863517,134,,Aggregated,88.000000,0.000000,200,470,620,710,1000,1300,2000,2700,4100,4300,4300,12767,0,200.0,431.3183370950895,66.75021900002776,4289.742433000129,13.0
1778863518,133,,Aggregated,84.300000,0.000000,210,480,630,720,1000,1300,2000,2700,4100,4300,4300,12837,0,210.0,432.9799905299531,66.75021900002776,4289.742433000129,13.0
1778863519,133,,Aggregated,83.100000,0.000000,210,490,640,730,1000,1300,2000,2700,4100,4300,4300,12921,0,210.0,435.67158629935835,66.75021900002776,4289.742433000129,13.0
1778863520,132,,Aggregated,80.000000,0.000000,210,490,630,730,1000,1300,2000,2700,4100,4300,4300,13015,0,210.0,436.16301467914013,66.75021900002776,4289.742433000129,13.0
1778863521,131,,Aggregated,77.600000,0.000000,220,490,630,720,1000,1300,2000,2700,4100,4300,4300,13122,0,220.0,435.40012715615063,66.75021900002776,4289.742433000129,13.0
1778863522,131,,Aggregated,78.000000,0.000000,210,490,630,720,1000,1300,2000,2700,4100,4300,4300,13230,0,210.0,433.44808848208726,66.75021900002776,4289.742433000129,13.0
1778863523,130,,Aggregated,79.800000,0.000000,210,480,630,720,1000,1300,2000,2700,4100,4300,4300,13339,0,210.0,431.58894565889574,66.75021900002776,4289.742433000129,13.0
1778863524,129,,Aggregated,84.200000,0.000000,210,480,630,710,1000,1300,2000,2700,4100,4300,4300,13448,0,210.0,429.6905714028119,66.75021900002776,4289.742433000129,13.0
1778863525,129,,Aggregated,89.100000,0.000000,210,470,620,710,1000,1300,1900,2700,4100,4300,4300,13568,0,210.0,427.2862283559118,66.75021900002776,4289.742433000129,13.0
1778863526,128,,Aggregated,91.700000,0.000000,200,460,620,710,1000,1300,1900,2700,4100,4300,4300,13691,0,200.0,424.1823464606685,66.75021900002776,4289.742433000129,13.0
1778863527,127,,Aggregated,93.400000,0.000000,200,460,610,700,1000,1300,1900,2700,4100,4300,4300,13807,0,200.0,421.3304806758174,66.75021900002776,4289.742433000129,13.0
1778863528,126,,Aggregated,98.000000,0.000000,190,450,610,700,1000,1300,1900,2600,4100,4300,4300,13923,0,190.0,418.48166596100083,66.75021900002776,4289.742433000129,13.0
1778863529,126,,Aggregated,100.700000,0.000000,190,450,610,690,1000,1300,1900,2600,4100,4300,4300,14036,0,190.0,415.7836939026797,66.75021900002776,4289.742433000129,13.0
1778863530,125,,Aggregated,105.800000,0.000000,190,440,610,690,1000,1200,1900,2600,4100,4300,4300,14151,0,190.0,413.01734774546026,66.75021900002776,4289.742433000129,13.0
1778863531,124,,Aggregated,109.900000,0.000000,180,440,600,690,1000,1200,1900,2600,4100,4300,4300,14270,0,180.0,410.248320777786,66.75021900002776,4289.742433000129,13.0
1778863532,123,,Aggregated,112.400000,0.000000,180,430,600,680,1000,1200,1900,2600,4100,4300,4300,14384,0,180.0,407.5970658546308,66.75021900002776,4289.742433000129,13.0
1778863533,123,,Aggregated,114.100000,0.000000,180,420,600,680,1000,1200,1900,2600,4100,4300,4300,14498,0,180.0,405.0035628576363,66.75021900002776,4289.742433000129,13.0
1778863534,122,,Aggregated,114.800000,0.000000,170,420,590,680,990,1200,1900,2600,4100,4300,4300,14612,0,170.0,402.4619459623607,66.75021900002776,4289.742433000129,13.0
1778863535,121,,Aggregated,115.200000,0.000000,170,410,590,680,990,1200,1800,2600,4100,4300,4300,14721,0,170.0,400.0470421330761,66.75021900002776,4289.742433000129,13.0
1778863536,120,,Aggregated,116.100000,0.000000,170,410,590,670,990,1200,1800,2600,4100,4300,4300,14833,0,170.0,397.6427733215815,66.75021900002776,4289.742433000129,13.0
1778863537,119,,Aggregated,116.400000,0.000000,160,400,580,670,980,1200,1800,2600,4100,4300,4300,14942,0,160.0,395.305054163634,66.75021900002776,4289.742433000129,13.0
1778863538,119,,Aggregated,115.100000,0.000000,160,400,580,670,980,1200,1800,2600,4100,4300,4300,15053,0,160.0,392.9495845014964,66.75021900002776,4289.742433000129,13.0
1778863539,118,,Aggregated,114.400000,0.000000,160,390,580,660,980,1200,1800,2600,4100,4300,4300,15168,0,160.0,390.5783671438573,66.75021900002776,4289.742433000129,13.0
1778863540,117,,Aggregated,113.200000,0.000000,160,390,580,660,970,1200,1800,2600,4100,4300,4300,15277,0,160.0,388.35041847522615,66.75021900002776,4289.742433000129,13.0
1778863541,116,,Aggregated,112.800000,0.000000,150,380,570,660,970,1200,1800,2600,4100,4300,4300,15382,0,150.0,386.24031529905267,66.75021900002776,4289.742433000129,13.0
1778863542,115,,Aggregated,111.800000,0.000000,150,380,570,650,970,1200,1800,2600,4100,4300,4300,15484,0,150.0,384.2088108158118,66.75021900002776,4289.742433000129,13.0
1778863543,115,,Aggregated,111.200000,0.000000,150,370,570,650,960,1200,1800,2600,4100,4300,4300,15591,0,150.0,382.1203392455928,66.75021900002776,4289.742433000129,13.0
1778863544,114,,Aggregated,110.600000,0.000000,150,370,560,650,960,1200,1800,2600,4100,4300,4300,15699,0,150.0,380.0406141721152,66.75021900002776,4289.742433000129,13.0
1778863545,113,,Aggregated,109.500000,0.000000,150,360,560,650,960,1200,1800,2600,4100,4300,4300,15806,0,150.0,378.0133769619788,66.75021900002776,4289.742433000129,13.0
1778863546,112,,Aggregated,108.200000,0.000000,140,360,560,640,950,1200,1800,2500,4100,4300,4300,15909,0,140.0,376.0885203060556,66.75021900002776,4289.742433000129,13.0
1778863547,111,,Aggregated,108.300000,0.000000,140,360,560,640,950,1200,1800,2500,4100,4300,4300,16012,0,140.0,374.1751075628926,66.75021900002776,4289.742433000129,13.0
1778863548,110,,Aggregated,108.000000,0.000000,140,350,550,640,940,1200,1800,2500,4100,4300,4300,16115,0,140.0,372.2927927098378,66.75021900002776,4289.742433000129,13.0
1778863549,109,,Aggregated,107.100000,0.000000,140,350,550,640,940,1200,1700,2500,4100,4300,4300,16216,0,140.0,370.4688732974242,66.75021900002776,4289.742433000129,13.0
1778863550,109,,Aggregated,106.200000,0.000000,140,340,550,640,940,1200,1700,2500,4100,4300,4300,16312,0,140.0,368.79609702317515,66.75021900002776,4289.742433000129,13.0
1778863551,108,,Aggregated,105.200000,0.000000,140,340,540,630,940,1200,1700,2500,4100,4300,4300,16412,0,140.0,367.1024725522195,66.75021900002776,4289.742433000129,13.0
1778863552,107,,Aggregated,104.400000,0.000000,130,340,540,630,930,1200,1700,2500,4100,4300,4300,16511,0,130.0,365.39987733517233,66.75021900002776,4289.742433000129,13.0
1778863553,106,,Aggregated,103.200000,0.000000,130,330,540,630,930,1200,1700,2500,4100,4300,4300,16608,0,130.0,363.747947788116,66.75021900002776,4289.742433000129,13.0
1778863554,105,,Aggregated,102.200000,0.000000,130,330,530,630,930,1200,1700,2500,4100,4300,4300,16710,0,130.0,362.0111559296844,66.75021900002776,4289.742433000129,13.0
1778863555,104,,Aggregated,102.000000,0.000000,130,320,530,630,920,1200,1700,2400,4100,4300,4300,16804,0,130.0,360.42459171340334,66.75021900002776,4289.742433000129,13.0
1778863556,103,,Aggregated,101.300000,0.000000,130,320,530,620,920,1200,1700,2400,4100,4300,4300,16899,0,130.0,358.83511023634713,66.75021900002776,4289.742433000129,13.0
1778863557,103,,Aggregated,100.000000,0.000000,120,310,520,620,920,1200,1700,2400,4100,4300,4300,16994,0,120.0,357.2675057020139,66.75021900002776,4289.742433000129,13.0
1778863558,102,,Aggregated,99.200000,0.000000,120,310,520,620,920,1200,1700,2400,4100,4300,4300,17087,0,120.0,355.7622324854583,66.75021900002776,4289.742433000129,13.0
1778863559,101,,Aggregated,98.400000,0.000000,120,310,520,620,920,1200,1700,2400,4100,4300,4300,17185,0,120.0,354.18466029636465,66.75021900002776,4289.742433000129,13.0
1778863560,100,,Aggregated,98.200000,0.000000,120,300,510,610,910,1200,1700,2400,4100,4300,4300,17281,0,120.0,352.67039455234226,66.75021900002776,4289.742433000129,13.0
1778863561,99,,Aggregated,97.600000,0.000000,120,300,510,610,910,1200,1700,2400,4100,4300,4300,17372,0,120.0,351.2360588520045,66.75021900002776,4289.742433000129,13.0
1778863562,98,,Aggregated,96.500000,0.000000,110,290,510,610,910,1200,1700,2400,4100,4300,4300,17461,0,110.0,349.85117963444384,66.75021900002776,4289.742433000129,13.0
1778863563,97,,Aggregated,95.800000,0.000000,110,290,500,610,910,1200,1700,2400,4100,4300,4300,17550,0,110.0,348.47378962233745,66.75021900002776,4289.742433000129,13.0
1778863564,96,,Aggregated,95.500000,0.000000,110,290,500,610,900,1200,1600,2400,4100,4300,4300,17640,0,110.0,347.0877994892872,66.75021900002776,4289.742433000129,13.0
1778863565,96,,Aggregated,94.400000,0.000000,110,280,500,610,900,1200,1600,2400,4100,4300,4300,17726,0,110.0,345.80519052741863,66.75021900002776,4289.742433000129,13.0
1778863566,95,,Aggregated,93.500000,0.000000,110,280,500,600,900,1200,1600,2400,4100,4300,4300,17814,0,110.0,344.66544566431025,66.75021900002776,4289.742433000129,13.0
1778863567,94,,Aggregated,92.200000,0.000000,110,280,490,600,900,1200,1600,2400,4100,4300,4300,17904,0,110.0,343.38794039935345,66.75021900002776,4289.742433000129,13.0
1778863568,93,,Aggregated,91.400000,0.000000,110,270,490,600,900,1200,1600,2400,4100,4300,4300,17988,0,110.0,342.20175815832897,66.75021900002776,4289.742433000129,13.0
1778863569,92,,Aggregated,90.700000,0.000000,110,270,490,600,890,1200,1600,2400,4000,4300,4300,18070,0,110.0,341.02380559684696,66.75021900002776,4289.742433000129,13.0
1778863570,91,,Aggregated,89.200000,0.000000,100,270,480,600,890,1200,1600,2400,4000,4300,4300,18154,0,100.0,339.80985044006957,66.75021900002776,4289.742433000129,13.0
1778863571,90,,Aggregated,88.400000,0.000000,100,270,480,590,890,1200,1600,2400,4000,4300,4300,18237,0,100.0,338.63430508778976,66.75021900002776,4289.742433000129,13.0
1778863572,89,,Aggregated,88.000000,0.000000,100,260,480,590,890,1200,1600,2400,4000,4300,4300,18320,0,100.0,337.49275051779614,66.75021900002776,4289.742433000129,13.0
1778863573,89,,Aggregated,87.900000,0.000000,100,260,470,590,880,1200,1600,2400,4000,4300,4300,18404,0,100.0,336.3535487905362,66.75021900002776,4289.742433000129,13.0
1778863574,88,,Aggregated,86.200000,0.000000,100,260,470,590,880,1200,1600,2400,4000,4300,4300,18487,0,100.0,335.2136856734476,66.75021900002776,4289.742433000129,13.0
1778863575,87,,Aggregated,85.200000,0.000000,100,250,470,590,880,1200,1600,2400,4000,4300,4300,18565,0,100.0,334.1623426252101,66.75021900002776,4289.742433000129,13.0
1778863576,86,,Aggregated,84.600000,0.000000,100,250,460,590,880,1200,1600,2400,4000,4300,4300,18625,0,100.0,333.5831956486994,66.75021900002776,4289.742433000129,13.0
1778863577,85,,Aggregated,83.900000,0.000000,100,250,460,580,880,1200,1600,2400,4000,4300,4300,18709,0,100.0,333.28567960211785,66.75021900002776,4289.742433000129,13.0
1778863578,84,,Aggregated,83.100000,0.000000,100,250,460,580,870,1200,1600,2400,4000,4300,4300,18767,0,100.0,332.79473530191405,66.75021900002776,4289.742433000129,13.0
1778863579,84,,Aggregated,80.200000,0.000000,100,250,460,580,870,1200,1600,2300,4000,4300,4300,18837,0,100.0,332.55829836492114,66.75021900002776,4289.742433000129,13.0
1778863580,83,,Aggregated,79.700000,0.000000,100,250,460,580,870,1200,1600,2300,4000,4300,4300,18904,0,100.0,332.1621101748848,66.75021900002776,4289.742433000129,13.0
1778863581,82,,Aggregated,77.400000,0.000000,100,250,460,580,870,1100,1600,2300,4000,4300,4300,18976,0,100.0,331.6942618423808,66.75021900002776,4289.742433000129,13.0
1778863582,81,,Aggregated,75.400000,0.000000,100,250,450,580,870,1100,1600,2300,4000,4300,4300,19050,0,100.0,330.76927337412155,66.75021900002776,4289.742433000129,13.0
1778863583,80,,Aggregated,73.600000,0.000000,100,250,450,580,870,1100,1600,2300,4000,4300,4300,19125,0,100.0,329.8164699787722,66.75021900002776,4289.742433000129,13.0
1778863584,79,,Aggregated,73.600000,0.000000,99,240,450,580,870,1100,1600,2300,4000,4300,4300,19200,0,99,328.87601998489674,66.75021900002776,4289.742433000129,13.0
1778863585,79,,Aggregated,72.800000,0.000000,98,240,450,580,860,1100,1600,2300,4000,4300,4300,19273,0,98,327.94586018056464,66.75021900002776,4289.742433000129,13.0
1778863586,78,,Aggregated,71.500000,0.000000,98,240,440,570,860,1100,1600,2300,4000,4300,4300,19346,0,98,326.99026546169864,66.75021900002776,4289.742433000129,13.0
1778863587,77,,Aggregated,70.700000,0.000000,97,240,440,570,860,1100,1600,2300,4000,4300,4300,19417,0,97,326.0650663902779,66.75021900002776,4289.742433000129,13.0
1778863588,76,,Aggregated,70.400000,0.000000,97,230,440,570,860,1100,1600,2300,4000,4300,4300,19487,0,97,325.19242508995865,66.75021900002776,4289.742433000129,13.0
1778863589,76,,Aggregated,71.600000,0.000000,96,230,440,570,860,1100,1600,2300,4000,4300,4300,19557,0,96,324.3057482331659,66.75021900002776,4289.742433000129,13.0
1778863590,75,,Aggregated,71.100000,0.000000,95,230,430,570,860,1100,1600,2300,4000,4300,4300,19626,0,95,323.46136512233915,66.75021900002776,4289.742433000129,13.0
1778863591,74,,Aggregated,72.000000,0.000000,94,230,430,570,860,1100,1600,2300,4000,4300,4300,19697,0,94,322.563717845003,66.75021900002776,4289.742433000129,13.0
1778863592,73,,Aggregated,72.400000,0.000000,94,230,430,570,860,1100,1600,2300,4000,4300,4300,19765,0,94,321.70577150392245,66.75021900002776,4289.742433000129,13.0
1778863593,73,,Aggregated,72.100000,0.000000,93,230,430,560,860,1100,1600,2300,4000,4300,4300,19830,0,93,320.92775138714194,66.75021900002776,4289.742433000129,13.0
1778863594,72,,Aggregated,71.100000,0.000000,93,220,420,560,850,1100,1600,2300,4000,4300,4300,19898,0,93,320.17457589375925,66.75021900002776,4289.742433000129,13.0
1778863595,71,,Aggregated,70.400000,0.000000,92,220,420,560,850,1100,1600,2300,4000,4300,4300,19964,0,92,319.3864205314577,66.75021900002776,4289.742433000129,13.0
1778863596,70,,Aggregated,70.400000,0.000000,92,220,420,560,850,1100,1600,2300,4000,4300,4300,20030,0,92,318.6307959054428,66.75021900002776,4289.742433000129,13.0
1778863597,70,,Aggregated,69.700000,0.000000,92,220,420,560,850,1100,1500,2300,4000,4300,4300,20095,0,92,317.8480882508593,66.75021900002776,4289.742433000129,13.0
1778863598,69,,Aggregated,68.400000,0.000000,91,220,410,560,850,1100,1500,2300,4000,4300,4300,20160,0,91,317.0681490922627,66.75021900002776,4289.742433000129,13.0
1778863599,68,,Aggregated,67.900000,0.000000,91,220,410,550,850,1100,1500,2300,4000,4300,4300,20224,0,91,316.3105121401313,66.75021900002776,4289.742433000129,13.0
1778863600,68,,Aggregated,67.500000,0.000000,90,210,410,550,850,1100,1500,2300,4000,4300,4300,20282,0,90,315.6197777510607,66.75021900002776,4289.742433000129,13.0
1778863601,67,,Aggregated,66.600000,0.000000,90,210,410,550,840,1100,1500,2300,4000,4300,4300,20335,0,90,315.13477828694437,66.75021900002776,4289.742433000129,13.0
1778863602,66,,Aggregated,66.200000,0.000000,91,220,410,550,840,1100,1500,2300,4000,4300,4300,20397,0,91,315.0860139882343,66.75021900002776,4289.742433000129,13.0
1778863603,66,,Aggregated,64.900000,0.000000,91,210,410,550,840,1100,1500,2300,4000,4300,4300,20444,0,91,314.57466413241093,66.75021900002776,4289.742433000129,13.0
1778863604,65,,Aggregated,63.200000,0.000000,91,220,410,550,840,1100,1500,2300,4000,4300,4300,20506,0,91,314.43798103798946,66.75021900002776,4289.742433000129,13.0
1778863605,64,,Aggregated,62.500000,0.000000,91,210,400,550,840,1100,1500,2300,4000,4300,4300,20567,0,91,313.7574547560662,66.75021900002776,4289.742433000129,13.0
1778863606,64,,Aggregated,60.100000,0.000000,90,210,400,550,840,1100,1500,2200,4000,4300,4300,20622,0,90,313.14116045049036,66.75021900002776,4289.742433000129,13.0
1778863607,63,,Aggregated,59.800000,0.000000,90,210,400,540,840,1100,1500,2200,4000,4300,4300,20678,0,90,312.49707056746365,66.75021900002776,4289.742433000129,13.0
1778863608,63,,Aggregated,59.500000,0.000000,89,210,400,540,840,1100,1500,2200,4000,4300,4300,20738,0,89,311.80178971197864,66.75021900002776,4289.742433000129,13.0
1778863609,62,,Aggregated,59.200000,0.000000,89,210,400,540,830,1100,1500,2200,4000,4300,4300,20795,0,89,311.1473169595102,66.75021900002776,4289.742433000129,13.0
1778863610,61,,Aggregated,58.400000,0.000000,89,210,390,540,830,1100,1500,2200,4000,4300,4300,20853,0,89,310.4871470112701,66.75021900002776,4289.742433000129,13.0
1778863611,61,,Aggregated,58.300000,0.000000,89,210,390,540,830,1100,1500,2200,4000,4300,4300,20910,0,89,309.8414639311341,66.75021900002776,4289.742433000129,13.0
1778863612,60,,Aggregated,57.400000,0.000000,88,210,390,540,830,1100,1500,2200,4000,4300,4300,20965,0,88,309.21992375912293,66.75021900002776,4289.742433000129,13.0
1778863613,60,,Aggregated,57.100000,0.000000,88,210,390,530,830,1100,1500,2200,4000,4300,4300,21022,0,88,308.58322716287756,66.75021900002776,4289.742433000129,13.0
1778863614,59,,Aggregated,57.300000,0.000000,88,200,390,530,830,1100,1500,2200,4000,4300,4300,21075,0,88,307.99583267701115,66.75021900002776,4289.742433000129,13.0
1778863615,59,,Aggregated,57.100000,0.000000,88,200,390,530,830,1100,1500,2200,4000,4300,4300,21128,0,88,307.4079685337945,66.75021900002776,4289.742433000129,13.0
1778863616,58,,Aggregated,58.000000,0.000000,87,200,380,530,830,1100,1500,2200,4000,4300,4300,21186,0,87,306.77316841357543,66.75021900002776,4289.742433000129,13.0
1778863617,58,,Aggregated,57.500000,0.000000,87,200,380,530,830,1100,1500,2200,4000,4300,4300,21242,0,87,306.15884142472504,66.75021900002776,4289.742433000129,13.0
1778863618,57,,Aggregated,56.600000,0.000000,87,200,380,530,830,1100,1500,2200,4000,4300,4300,21298,0,87,305.5521119455352,66.75021900002776,4289.742433000129,13.0
1778863619,57,,Aggregated,56.100000,0.000000,87,200,380,530,830,1100,1500,2200,4000,4300,4300,21352,0,87,304.9704144271265,66.75021900002776,4289.742433000129,13.0
1778863620,56,,Aggregated,55.100000,0.000000,86,200,380,520,820,1100,1500,2200,4000,4300,4300,21402,0,86,304.4367022496497,66.75021900002776,4289.742433000129,13.0
1778863621,56,,Aggregated,54.200000,0.000000,86,190,380,520,820,1100,1500,2200,4000,4300,4300,21451,0,86,303.91474004027793,66.75021900002776,4289.742433000129,13.0
1778863622,55,,Aggregated,54.100000,0.000000,86,190,380,520,820,1100,1500,2200,4000,4300,4300,21500,0,86,303.39559732000004,66.75021900002776,4289.742433000129,13.0
1778863623,55,,Aggregated,54.400000,0.000000,86,190,370,520,820,1100,1500,2200,4000,4300,4300,21555,0,86,302.8147759485503,66.75021900002776,4289.742433000129,13.0
1778863624,55,,Aggregated,54.500000,0.000000,86,190,370,520,820,1100,1500,2200,4000,4300,4300,21607,0,86,302.2729974492526,66.75021900002776,4289.742433000129,13.0
1778863625,54,,Aggregated,53.900000,0.000000,86,190,370,520,820,1100,1500,2200,4000,4300,4300,21654,0,86,301.78407441747487,66.75021900002776,4289.742433000129,13.0
1778863626,54,,Aggregated,53.400000,0.000000,86,190,370,520,820,1100,1500,2200,4000,4300,4300,21702,0,86,301.29824667053737,66.75021900002776,4289.742433000129,13.0
1778863627,54,,Aggregated,52.400000,0.000000,85,190,370,510,820,1100,1500,2200,4000,4300,4300,21756,0,85,300.7426432365324,66.75021900002776,4289.742433000129,13.0
1778863628,53,,Aggregated,52.100000,0.000000,85,190,370,510,820,1100,1500,2100,4000,4300,4300,21803,0,85,300.2608366164747,66.75021900002776,4289.742433000129,13.0
1778863629,53,,Aggregated,51.800000,0.000000,85,190,360,510,820,1100,1500,2100,4000,4300,4300,21850,0,85,299.7777168302973,66.75021900002776,4289.742433000129,13.0
1778863630,53,,Aggregated,51.900000,0.000000,85,190,360,510,810,1100,1500,2100,4000,4300,4300,21903,0,85,299.2375277920831,66.75021900002776,4289.742433000129,13.0
1778863631,52,,Aggregated,51.300000,0.000000,85,190,360,510,810,1100,1500,2100,4000,4300,4300,21955,0,85,298.7151876501023,66.75021900002776,4289.742433000129,13.0
1778863632,52,,Aggregated,50.400000,0.000000,85,180,360,510,810,1100,1500,2100,4000,4300,4300,22004,0,85,298.22322226358824,66.75021900002776,4289.742433000129,13.0
1778863633,52,,Aggregated,50.000000,0.000000,84,180,360,510,810,1100,1500,2100,4000,4300,4300,22054,0,84,297.7373609396932,66.75021900002776,4289.742433000129,13.0
1778863634,52,,Aggregated,49.200000,0.000000,84,180,360,500,810,1100,1500,2100,4000,4300,4300,22098,0,84,297.29676203828376,66.75021900002776,4289.742433000129,13.0
1778863635,51,,Aggregated,48.800000,0.000000,84,180,360,500,810,1100,1500,2100,4000,4300,4300,22141,0,84,296.8862387523596,66.75021900002776,4289.742433000129,13.0
1778863636,51,,Aggregated,49.000000,0.000000,84,180,360,500,810,1100,1500,2100,4000,4300,4300,22190,0,84,296.40428702460525,66.75021900002776,4289.742433000129,13.0
1778863637,51,,Aggregated,49.300000,0.000000,84,180,360,500,810,1100,1500,2100,4000,4300,4300,22237,0,84,295.9637015986415,66.75021900002776,4289.742433000129,13.0
1778863638,51,,Aggregated,49.300000,0.000000,84,180,350,500,810,1100,1500,2100,4000,4300,4300,22286,0,84,295.47861737444987,66.75021900002776,4289.742433000129,13.0
1778863639,50,,Aggregated,48.500000,0.000000,84,180,350,500,800,1100,1500,2100,4000,4300,4300,22330,0,84,295.0561191209579,66.75021900002776,4289.742433000129,13.0
1778863640,50,,Aggregated,48.000000,0.000000,84,180,350,500,800,1100,1500,2100,4000,4300,4300,22375,0,84,294.61317071334037,66.75021900002776,4289.742433000129,13.0
1778863641,50,,Aggregated,47.800000,0.000000,84,180,350,500,800,1100,1500,2100,4000,4300,4300,22424,0,84,294.140704799099,66.75021900002776,4289.742433000129,13.0
1778863642,50,,Aggregated,48.000000,0.000000,84,180,350,490,800,1100,1500,2100,4000,4300,4300,22474,0,84,293.65555347494876,66.75021900002776,4289.742433000129,13.0
1778863643,50,,Aggregated,47.400000,0.000000,83,170,350,490,800,1100,1500,2100,4000,4300,4300,22519,0,83,293.22315225422966,66.75021900002776,4289.742433000129,13.0
1778863644,50,,Aggregated,47.000000,0.000000,83,170,350,490,800,1100,1500,2100,4000,4300,4300,22564,0,83,292.7983039275392,66.75021900002776,4289.742433000129,13.0
1778863645,50,,Aggregated,47.300000,0.000000,83,170,350,490,800,1100,1500,2100,4000,4300,4300,22614,0,83,292.3184253358537,66.75021900002776,4289.742433000129,13.0
1778863646,50,,Aggregated,46.500000,0.000000,83,170,340,490,800,1100,1500,2100,4000,4300,4300,22659,0,83,291.88804063767134,66.75021900002776,4289.742433000129,13.0
1778863647,50,,Aggregated,46.500000,0.000000,83,170,340,490,800,1100,1500,2100,4000,4300,4300,22707,0,83,291.4359856005635,66.75021900002776,4289.742433000129,13.0
1778863648,50,,Aggregated,46.200000,0.000000,83,170,340,490,800,1100,1500,2100,4000,4300,4300,22749,0,83,291.03831416400703,66.75021900002776,4289.742433000129,13.0
1778863649,50,,Aggregated,46.100000,0.000000,83,170,340,490,800,1100,1500,2100,4000,4300,4300,22793,0,83,290.6699195771067,66.75021900002776,4289.742433000129,13.0
1778863650,50,,Aggregated,46.500000,0.000000,83,170,340,480,790,1100,1500,2100,4000,4300,4300,22841,0,83,290.23611149135303,66.75021900002776,4289.742433000129,13.0
1778863651,50,,Aggregated,46.600000,0.000000,83,170,340,480,790,1100,1500,2100,4000,4300,4300,22889,0,83,289.79856035243984,66.75021900002776,4289.742433000129,13.0
1778863652,50,,Aggregated,46.300000,0.000000,83,170,340,480,790,1100,1500,2100,4000,4300,4300,22932,0,83,289.39845294261266,66.75021900002776,4289.742433000129,13.0
1778863653,50,,Aggregated,46.000000,0.000000,83,170,340,480,790,1100,1500,2100,4000,4300,4300,22979,0,83,288.9619632111489,66.75021900002776,4289.742433000129,13.0
1778863654,50,,Aggregated,46.400000,0.000000,83,170,340,480,790,1100,1500,2100,4000,4300,4300,23026,0,83,288.5419125648827,66.75021900002776,4289.742433000129,13.0
1778863655,50,,Aggregated,46.100000,0.000000,83,170,330,480,790,1100,1500,2100,4000,4300,4300,23073,0,83,288.1093072214272,66.75021900002776,4289.742433000129,13.0
1778863656,50,,Aggregated,46.400000,0.000000,82,170,330,470,790,1100,1500,2100,4000,4300,4300,23122,0,82,287.6751151786606,66.75021900002776,4289.742433000129,13.0
1778863657,50,,Aggregated,45.700000,0.000000,82,170,330,470,790,1100,1500,2100,4000,4300,4300,23168,0,82,287.32350159936084,66.75021900002776,4289.742433000129,13.0
1778863658,50,,Aggregated,46.000000,0.000000,83,170,330,470,790,1100,1500,2100,4000,4300,4300,23202,0,83,287.11986158663007,66.75021900002776,4289.742433000129,13.0
1778863659,50,,Aggregated,46.200000,0.000000,83,170,330,470,790,1100,1500,2100,4000,4300,4300,23249,0,83,287.1376234942573,66.75021900002776,4289.742433000129,13.0
1778863660,50,,Aggregated,45.800000,0.000000,83,170,330,470,790,1100,1500,2100,4000,4300,4300,23297,0,83,286.7308199398202,66.75021900002776,4289.742433000129,13.0
1778863661,50,,Aggregated,44.500000,0.000000,82,170,330,470,780,1100,1500,2100,4000,4300,4300,23342,0,82,286.323958519621,66.75021900002776,4289.742433000129,13.0
1778863662,51,,Aggregated,44.700000,0.000000,82,160,330,470,780,1100,1500,2100,4000,4300,4300,23389,0,82,285.9051561909442,66.75021900002776,4289.742433000129,13.0
1778863663,51,,Aggregated,45.200000,0.000000,82,160,330,470,780,1100,1500,2100,4000,4300,4300,23434,0,82,285.5036101351025,66.75021900002776,4289.742433000129,13.0
1778863664,51,,Aggregated,45.500000,0.000000,82,160,320,470,780,1100,1500,2100,4000,4300,4300,23476,0,82,285.17849733378745,66.75021900002776,4289.742433000129,13.0
1778863665,51,,Aggregated,45.700000,0.000000,82,160,330,470,780,1100,1500,2100,4000,4300,4300,23512,0,82,285.4222341268285,66.75021900002776,4289.742433000129,13.0
1778863666,51,,Aggregated,45.300000,0.000000,82,160,330,470,780,1100,1500,2100,4000,4300,4300,23556,0,82,285.3417985574373,66.75021900002776,4289.742433000129,13.0
1778863667,52,,Aggregated,44.600000,0.000000,82,160,320,460,780,1100,1500,2100,4000,4300,4300,23602,0,82,284.9663773009064,66.75021900002776,4289.742433000129,13.0
1778863668,52,,Aggregated,43.800000,0.000000,82,160,320,460,780,1100,1500,2100,4000,4300,4300,23649,0,82,284.5753427727172,66.75021900002776,4289.742433000129,13.0
1778863669,52,,Aggregated,43.800000,0.000000,83,160,320,460,780,1100,1500,2100,4000,4300,4300,23696,0,82,284.470156459191,66.75021900002776,4289.742433000129,13.0
1778863670,52,,Aggregated,43.700000,0.000000,83,160,320,460,770,1100,1500,2100,4000,4300,4300,23728,0,83,284.45754150556246,66.75021900002776,4289.742433000129,13.0
1778863671,53,,Aggregated,44.900000,0.000000,83,170,320,460,770,1100,1500,2100,4000,4300,4300,23775,0,83,284.4115696867292,66.75021900002776,4289.742433000129,13.0
1778863672,53,,Aggregated,44.600000,0.000000,83,160,320,460,770,1100,1400,2000,4000,4300,4300,23825,0,83,284.0329606175441,66.75021900002776,4289.742433000129,13.0
1778863673,53,,Aggregated,43.400000,0.000000,83,160,320,460,770,1100,1400,2000,4000,4300,4300,23874,0,83,283.62882741580756,66.75021900002776,4289.742433000129,13.0
1778863674,54,,Aggregated,43.100000,0.000000,82,160,320,460,770,1100,1400,2000,4000,4300,4300,23926,0,82,283.2149520402069,66.75021900002776,4289.742433000129,13.0
1778863675,54,,Aggregated,43.200000,0.000000,82,160,320,450,770,1100,1400,2000,4000,4300,4300,23976,0,82,282.8659035624788,66.75021900002776,4289.742433000129,13.0
1778863676,55,,Aggregated,43.900000,0.000000,82,160,320,450,770,1100,1400,2000,4000,4300,4300,24020,0,82,282.4977043281013,66.75021900002776,4289.742433000129,13.0
1778863677,55,,Aggregated,45.200000,0.000000,83,160,320,450,770,1100,1400,2000,4000,4300,4300,24068,0,82,282.27493477443045,66.75021900002776,4289.742433000129,13.0
1778863678,55,,Aggregated,46.300000,0.000000,83,160,320,450,770,1100,1400,2000,4000,4300,4300,24088,0,83,282.46033762445995,66.75021900002776,4289.742433000129,13.0
1778863679,56,,Aggregated,46.100000,0.000000,83,160,320,460,770,1100,1400,2000,4000,4300,4300,24131,0,83,283.02433510737194,66.75021900002776,4289.742433000129,13.0
1778863680,56,,Aggregated,46.100000,0.000000,83,160,320,460,770,1100,1400,2000,4000,4300,4300,24162,0,83,283.7493977775016,66.75021900002776,4289.742433000129,13.0
1778863681,57,,Aggregated,43.600000,0.000000,83,170,330,460,780,1100,1400,2000,4000,4300,4300,24187,0,83,284.5708084933227,66.75021900002776,4289.742433000129,13.0
1778863682,57,,Aggregated,43.400000,0.000000,83,170,330,470,780,1100,1400,2000,4000,4300,4300,24209,0,83,285.2808375188565,66.75021900002776,4289.742433000129,13.0
1778863683,58,,Aggregated,42.800000,0.000000,83,170,330,470,790,1100,1400,2000,4000,4300,4300,24253,0,83,286.0081177333524,66.75021900002776,4289.742433000129,13.0
1778863684,58,,Aggregated,40.800000,0.000000,83,170,330,470,790,1100,1400,2000,4000,4300,4300,24306,0,83,286.1225154458567,66.75021900002776,4289.742433000129,13.0
1778863685,58,,Aggregated,38.300000,0.000000,83,170,330,470,790,1100,1400,2000,4000,4300,4300,24353,0,83,285.9194403742862,66.75021900002776,4289.742433000129,13.0
1778863686,59,,Aggregated,37.500000,0.000000,83,170,330,470,790,1100,1400,2000,4000,4300,4300,24404,0,83,285.87791595902286,66.75021900002776,4289.742433000129,13.0
1778863687,60,,Aggregated,38.000000,0.000000,83,170,330,470,790,1100,1400,2000,4000,4300,4300,24461,0,83,285.56099809210554,66.75021900002776,4289.742433000129,13.0
1778863688,60,,Aggregated,37.400000,0.000000,83,170,330,470,780,1100,1400,2000,4000,4300,4300,24517,0,83,285.09769181037626,66.75021900002776,4289.742433000129,13.0
1778863689,61,,Aggregated,38.100000,0.000000,83,160,320,460,780,1100,1400,2000,4000,4300,4300,24574,0,83,284.6184393399119,66.75021900002776,4289.742433000129,13.0
1778863690,61,,Aggregated,39.300000,0.000000,82,160,320,460,780,1100,1400,2000,4000,4300,4300,24627,0,82,284.1783551738333,66.75021900002776,4289.742433000129,13.0
1778863691,62,,Aggregated,43.200000,0.000000,83,160,320,460,780,1100,1400,2000,4000,4300,4300,24683,0,83,283.7702562456747,66.75021900002776,4289.742433000129,13.0
1778863692,62,,Aggregated,44.500000,0.000000,83,160,320,460,780,1100,1400,2000,4000,4300,4300,24728,0,83,283.6286738550223,66.75021900002776,4289.742433000129,13.0
1778863693,63,,Aggregated,46.800000,0.000000,83,160,320,460,780,1100,1400,2000,4000,4300,4300,24779,0,83,283.7917405756081,66.75021900002776,4289.742433000129,13.0
1778863694,63,,Aggregated,49.900000,0.000000,83,170,320,460,780,1100,1400,2000,4000,4300,4300,24814,0,83,283.8615271502778,66.75021900002776,4289.742433000129,13.0
1778863695,64,,Aggregated,51.800000,0.000000,83,170,330,460,780,1100,1400,2000,4000,4300,4300,24841,0,83,284.1205557787526,66.75021900002776,4289.742433000129,13.0
1778863696,65,,Aggregated,52.600000,0.000000,83,170,330,460,780,1100,1400,2000,4000,4300,4300,24870,0,83,285.0448621271409,66.75021900002776,4289.742433000129,13.0
1778863697,65,,Aggregated,50.500000,0.000000,83,170,330,470,780,1100,1500,2000,4000,4300,4300,24897,0,83,286.23966794248287,66.75021900002776,4289.742433000129,13.0
1778863698,66,,Aggregated,48.800000,0.000000,83,170,330,470,790,1100,1500,2100,4000,4300,4300,24922,0,83,287.2751344378859,66.75021900002776,4289.742433000129,13.0
1778863699,67,,Aggregated,46.500000,0.000000,83,170,330,470,790,1100,1500,2100,4000,4300,4300,24948,0,83,288.3130634093311,66.75021900002776,4289.742433000129,13.0
1778863700,67,,Aggregated,43.400000,0.000000,83,170,330,470,790,1100,1500,2200,4000,4300,4300,24975,0,83,289.5201149828626,66.75021900002776,4289.742433000129,13.0
1778863701,68,,Aggregated,40.100000,0.000000,83,170,340,470,790,1100,1500,2300,4000,4300,4300,25009,0,83,291.29476263609064,66.75021900002776,4289.742433000129,13.0
1778863702,69,,Aggregated,37.100000,0.000000,83,170,340,480,800,1100,1500,2300,4000,4300,4300,25054,0,83,292.9540326294001,66.75021900002776,4289.742433000129,13.0
1778863703,69,,Aggregated,34.500000,0.000000,83,170,340,480,800,1100,1500,2300,4000,4300,4300,25117,0,83,293.2964203801802,66.75021900002776,4289.742433000129,13.0
1778863705,70,,Aggregated,32.400000,0.000000,83,170,340,470,800,1100,1500,2300,4000,4300,4300,25177,0,83,292.8672356487662,66.75021900002776,4289.742433000129,13.0
1778863706,71,,Aggregated,32.400000,0.000000,83,170,340,470,800,1100,1500,2300,4000,4300,4300,25242,0,83,292.40095551041867,66.75021900002776,4289.742433000129,13.0
1778863707,71,,Aggregated,36.200000,0.000000,83,170,340,470,800,1100,1500,2300,4000,4300,4300,25306,0,83,292.0034736011613,66.75021900002776,4289.742433000129,13.0
1778863708,72,,Aggregated,40.000000,0.000000,83,170,330,470,790,1100,1500,2300,4000,4300,4300,25352,0,83,291.82187074861895,66.75021900002776,4289.742433000129,13.0
1778863709,73,,Aggregated,43.400000,0.000000,83,170,340,470,790,1100,1500,2300,4000,4300,4300,25404,0,83,292.19855487616087,66.75021900002776,4289.742433000129,13.0
1778863710,74,,Aggregated,45.200000,0.000000,83,170,340,470,790,1100,1500,2300,4000,4300,4300,25459,0,83,292.5045966490038,66.75021900002776,4289.742433000129,13.0
1778863711,74,,Aggregated,45.200000,0.000000,84,180,340,470,790,1100,1500,2300,4000,4300,4300,25490,0,84,292.772871365437,66.75021900002776,4289.742433000129,13.0
1778863712,75,,Aggregated,48.100000,0.000000,84,180,340,480,800,1100,1500,2300,4000,4300,4300,25517,0,84,293.49776809660193,66.75021900002776,4289.742433000129,13.0
1778863713,76,,Aggregated,50.900000,0.000000,84,180,340,480,800,1100,1500,2300,4000,4300,4300,25544,0,84,294.881633350258,66.75021900002776,4289.742433000129,13.0
1778863714,77,,Aggregated,51.500000,0.000000,84,180,350,480,810,1100,1600,2300,4000,4300,4300,25570,0,84,296.4517309580364,66.75021900002776,4289.742433000129,13.0
1778863715,78,,Aggregated,48.900000,0.000000,84,180,350,490,810,1100,1600,2300,4000,4300,4300,25606,0,84,298.7217237895412,66.75021900002776,4289.742433000129,13.0
1778863716,78,,Aggregated,45.300000,0.000000,84,180,350,490,820,1100,1600,2300,4000,4300,4300,25647,0,84,300.23004641334234,66.75021900002776,4289.742433000129,13.0
1778863717,79,,Aggregated,42.700000,0.000000,84,180,350,490,820,1100,1600,2300,4000,4300,4300,25695,0,84,301.11675168083246,66.75021900002776,4289.742433000129,13.0
1778863718,80,,Aggregated,40.300000,0.000000,84,180,360,500,820,1100,1600,2300,4000,4300,4300,25748,0,84,301.63913331322794,66.75021900002776,4289.742433000129,13.0
1778863719,81,,Aggregated,38.800000,0.000000,84,180,360,500,820,1100,1600,2300,4000,4300,4300,25793,0,84,301.9579539997671,66.75021900002776,4289.742433000129,13.0
1778863720,82,,Aggregated,38.800000,0.000000,84,180,360,500,830,1100,1600,2300,4000,4300,4300,25827,0,84,302.70709650907924,66.75021900002776,4289.742433000129,13.0
1778863721,82,,Aggregated,38.900000,0.000000,84,190,360,500,830,1200,1600,2300,4000,4300,4300,25864,0,84,304.1785976117379,66.75021900002776,4289.742433000129,13.0
1778863722,83,,Aggregated,37.000000,0.000000,84,190,360,500,830,1200,1600,2300,4000,4300,4300,25923,0,84,305.2300598702692,66.75021900002776,4289.742433000129,13.0
1778863723,84,,Aggregated,37.000000,0.000000,84,190,360,510,830,1200,1600,2300,4000,4300,4300,25978,0,84,305.87134458141463,66.75021900002776,4289.742433000129,13.0
1778863724,85,,Aggregated,40.100000,0.000000,85,190,360,510,840,1200,1600,2300,3900,4300,4300,26022,0,85,306.59454477088576,66.75021900002776,4289.742433000129,13.0
1778863725,86,,Aggregated,43.400000,0.000000,85,190,370,510,840,1200,1600,2300,3900,4300,4300,26064,0,85,307.59833355478776,66.75021900002776,4289.742433000129,13.0
1778863726,87,,Aggregated,45.100000,0.000000,85,190,370,510,850,1200,1600,2300,3900,4300,4300,26095,0,85,308.67065128147107,66.75021900002776,4289.742433000129,13.0
1778863727,87,,Aggregated,45.800000,0.000000,85,190,370,520,850,1200,1700,2300,3900,4300,4300,26122,0,85,309.9145187908272,66.75021900002776,4289.742433000129,13.0
1778863728,88,,Aggregated,44.800000,0.000000,85,190,370,520,850,1200,1700,2300,3900,4300,4300,26147,0,85,311.36102325161534,66.75021900002776,4289.742433000129,13.0
1778863729,89,,Aggregated,42.800000,0.000000,85,190,370,520,860,1200,1700,2400,3900,4300,4300,26171,0,85,313.00919777073807,66.75021900002776,4289.742433000129,13.0
1778863730,90,,Aggregated,39.800000,0.000000,85,190,380,520,860,1200,1800,2400,3900,4300,4300,26206,0,85,315.75732014882044,66.75021900002776,4289.742433000129,13.0
1778863731,91,,Aggregated,37.800000,0.000000,85,200,380,530,870,1200,1800,2400,3900,4300,4300,26269,0,85,318.74335656028,66.75021900002776,4289.742433000129,13.0
1778863732,92,,Aggregated,37.700000,0.000000,85,200,380,530,870,1200,1800,2400,3900,4300,4300,26348,0,85,318.70898641597046,66.75021900002776,4289.742433000129,13.0
1778863733,93,,Aggregated,40.000000,0.000000,85,200,380,530,870,1200,1800,2400,3900,4300,4300,26432,0,85,318.23025953193047,66.75021900002776,4289.742433000129,13.0
1778863734,93,,Aggregated,42.300000,0.000000,85,190,380,530,870,1200,1800,2400,3900,4300,4300,26516,0,85,317.6667372859023,66.75021900002776,4289.742433000129,13.0
1778863735,94,,Aggregated,44.800000,0.000000,85,190,380,530,870,1200,1800,2400,3900,4300,4300,26600,0,85,317.13400276368355,66.75021900002776,4289.742433000129,13.0
1778863736,95,,Aggregated,48.600000,0.000000,85,190,380,520,870,1200,1800,2400,3900,4300,4300,26682,0,85,316.5572540086195,66.75021900002776,4289.742433000129,13.0
1778863737,96,,Aggregated,53.200000,0.000000,85,190,370,520,860,1200,1800,2400,3900,4300,4300,26764,0,85,315.9499344604311,66.75021900002776,4289.742433000129,13.0
1778863738,97,,Aggregated,57.900000,0.000000,85,190,370,520,860,1200,1800,2400,3900,4300,4300,26848,0,85,315.7271159109423,66.75021900002776,4289.742433000129,13.0
1778863739,98,,Aggregated,63.600000,0.000000,85,190,370,520,860,1200,1800,2400,3900,4300,4300,26922,0,85,315.3394993522764,66.75021900002776,4289.742433000129,13.0
1778863740,99,,Aggregated,68.900000,0.000000,86,200,370,520,860,1200,1800,2400,3900,4300,4300,26985,0,86,315.54877594570985,66.75021900002776,4289.742433000129,13.0
1778863741,100,,Aggregated,74.300000,0.000000,86,200,380,520,860,1200,1800,2400,3900,4300,4300,27044,0,86,316.29807216554434,66.75021900002776,4289.742433000129,13.0
1778863742,100,,Aggregated,77.400000,0.000000,86,200,380,520,860,1200,1800,2400,3900,4300,4300,27117,0,86,316.769218953239,66.75021900002776,4289.742433000129,13.0
1778863743,101,,Aggregated,77.000000,0.000000,86,200,380,530,860,1200,1800,2400,3900,4300,4300,27165,0,86,317.16806399190045,66.75021900002776,4289.742433000129,13.0
1778863744,102,,Aggregated,77.300000,0.000000,86,200,390,530,860,1200,1800,2400,3900,4300,4300,27194,0,86,318.0589733187459,66.75021900002776,4289.742433000129,13.0
1778863745,103,,Aggregated,73.600000,0.000000,86,210,390,530,870,1200,1800,2400,3900,4300,4300,27249,0,86,320.2985865922776,66.75021900002776,4289.742433000129,13.0
1778863746,104,,Aggregated,68.100000,0.000000,87,210,390,530,870,1200,1800,2400,3900,4300,4300,27330,0,87,321.0923738144517,66.75021900002776,4289.742433000129,13.0
1778863747,105,,Aggregated,64.400000,0.000000,87,210,390,530,870,1200,1800,2400,3900,4300,4300,27412,0,87,321.3979418994954,66.75021900002776,4289.742433000129,13.0
1778863748,106,,Aggregated,64.800000,0.000000,87,210,390,530,870,1200,1800,2400,3900,4300,4300,27490,0,87,321.41236437817264,66.75021900002776,4289.742433000129,13.0
1778863749,107,,Aggregated,64.800000,0.000000,87,210,390,530,870,1200,1800,2400,3900,4300,4300,27556,0,87,321.844478735737,66.75021900002776,4289.742433000129,13.0
1778863750,107,,Aggregated,64.800000,0.000000,87,210,390,540,880,1200,1800,2400,3900,4300,4300,27607,0,87,322.63530371735317,66.75021900002776,4289.742433000129,13.0
1778863751,108,,Aggregated,63.600000,0.000000,87,210,400,540,880,1200,1800,2400,3900,4300,4300,27633,0,87,323.4733719567535,66.75021900002776,4289.742433000129,13.0
1778863752,109,,Aggregated,62.300000,0.000000,87,210,400,550,890,1200,1800,2400,3900,4300,4300,27685,0,87,325.7038540891806,66.75021900002776,4289.742433000129,13.0
1778863753,110,,Aggregated,59.600000,0.000000,87,210,410,550,900,1200,1800,2400,3900,4300,4300,27739,0,87,327.5115293833938,66.75021900002776,4289.742433000129,13.0
1778863754,111,,Aggregated,56.500000,0.000000,88,210,410,550,900,1300,1800,2400,3900,4300,4300,27822,0,88,328.75707208130086,66.75021900002776,4289.742433000129,13.0
1778863755,112,,Aggregated,56.800000,0.000000,88,210,410,550,900,1300,1900,2400,3900,4300,4300,27910,0,88,328.9144740255804,66.75021900002776,4289.742433000129,13.0
1778863756,113,,Aggregated,62.300000,0.000000,87,210,410,550,900,1300,1900,2400,3900,4300,4300,28004,0,87,329.0425192528192,66.75021900002776,4289.742433000129,13.0
1778863757,113,,Aggregated,65.700000,0.000000,87,210,400,550,900,1300,1900,2400,3900,4300,4300,28105,0,87,328.67399845062937,66.75021900002776,4289.742433000129,13.0
1778863758,114,,Aggregated,66.700000,0.000000,87,210,400,550,900,1300,1900,2400,3900,4300,4300,28206,0,87,327.9482188426907,66.75021900002776,4289.742433000129,13.0
1778863759,115,,Aggregated,68.200000,0.000000,88,210,400,550,900,1300,1900,2400,3900,4300,4300,28299,0,88,327.50080334485085,66.75021900002776,4289.742433000129,13.0
1778863760,116,,Aggregated,70.900000,0.000000,88,210,400,550,890,1300,1900,2400,3900,4300,4300,28364,0,88,327.6535821757484,66.75021900002776,4289.742433000129,13.0
1778863761,117,,Aggregated,73.600000,0.000000,88,210,410,550,890,1300,1900,2400,3900,4300,4300,28418,0,88,328.42844186589224,66.75021900002776,4289.742433000129,13.0
1778863762,118,,Aggregated,75.200000,0.000000,88,220,410,550,900,1300,1900,2400,3900,4300,4300,28447,0,88,329.29690037845575,66.75021900002776,4289.742433000129,13.0
1778863763,118,,Aggregated,78.000000,0.000000,88,220,410,550,900,1300,1900,2400,3900,4300,4300,28474,0,88,330.5780372683828,66.75021900002776,4289.742433000129,13.0
1778863764,119,,Aggregated,76.400000,0.000000,89,220,410,560,910,1300,1900,2400,3900,4300,4300,28500,0,89,332.37213768536606,66.75021900002776,4289.742433000129,13.0
1778863765,120,,Aggregated,74.000000,0.000000,89,220,410,560,910,1300,1900,2400,3900,4300,4300,28521,0,89,333.9761388907097,66.75021900002776,4289.742433000129,13.0
1778863766,121,,Aggregated,68.100000,0.000000,89,220,410,560,920,1300,2000,2500,4000,4400,4700,28550,0,89,336.62160799446343,66.75021900002776,4660.777741999937,13.0
1778863767,122,,Aggregated,62.400000,0.000000,89,220,420,560,930,1300,2000,2600,4300,4700,4800,28599,0,89,342.4680425180577,66.75021900002776,4768.703226000071,13.0
1778863768,122,,Aggregated,55.800000,0.000000,89,220,420,570,940,1300,2100,2600,4300,4700,4800,28641,0,89,345.90145178785417,66.75021900002776,4768.703226000071,13.0
1778863769,123,,Aggregated,50.100000,0.000000,89,230,420,570,950,1300,2100,2600,4300,4700,4800,28690,0,89,348.4858398964424,66.75021900002776,4768.703226000071,13.0
1778863770,124,,Aggregated,44.100000,0.000000,89,230,430,570,960,1400,2100,2600,4300,4700,4800,28741,0,89,350.72042690226283,66.75021900002776,4768.703226000071,13.0
1778863771,125,,Aggregated,39.100000,0.000000,90,230,430,580,970,1400,2100,2600,4300,4700,4800,28770,0,90,351.75183957069635,66.75021900002776,4768.703226000071,13.0
1778863772,125,,Aggregated,37.700000,0.000000,90,230,430,580,970,1400,2100,2600,4300,4700,4800,28807,0,90,353.6973190139873,66.75021900002776,4768.703226000071,13.0
1778863773,126,,Aggregated,35.700000,0.000000,90,230,440,580,980,1400,2100,2600,4300,4700,4800,28835,0,90,355.352408596044,66.75021900002776,4768.703226000071,13.0
1778863774,127,,Aggregated,35.400000,0.000000,90,230,440,580,980,1400,2100,2700,4300,4700,4800,28861,0,90,357.11366662384984,66.75021900002776,4768.703226000071,13.0
1778863775,128,,Aggregated,35.800000,0.000000,90,230,440,580,990,1400,2100,2700,4400,4700,4800,28888,0,90,359.17613428984106,66.75021900002776,4768.703226000071,13.0
1778863776,128,,Aggregated,36.300000,0.000000,91,230,440,590,1000,1400,2200,2800,4700,4900,4900,28929,0,91,363.63656211071697,66.75021900002776,4923.386482000069,13.0
1778863777,129,,Aggregated,36.300000,0.000000,91,240,440,590,1000,1400,2200,2900,4700,4900,4900,28980,0,91,368.49458357660205,66.75021900002776,4923.386482000069,13.0
1778863778,130,,Aggregated,37.100000,0.000000,91,240,450,590,1000,1400,2300,2900,4700,4900,4900,29015,0,91,370.63727636777276,66.75021900002776,4923.386482000069,13.0
1778863779,130,,Aggregated,38.100000,0.000000,91,240,450,590,1000,1400,2300,3000,4700,4900,4900,29040,0,91,371.8481945844672,66.75021900002776,4923.386482000069,13.0
1778863780,131,,Aggregated,37.500000,0.000000,91,240,450,590,1000,1500,2300,3000,4700,4900,4900,29064,0,91,373.1224914962815,66.75021900002776,4923.386482000069,13.0
1778863781,132,,Aggregated,35.500000,0.000000,92,240,450,600,1000,1500,2400,3100,4700,4900,4900,29110,0,92,377.32832097619143,66.75021900002776,4923.386482000069,13.0
1778863782,132,,Aggregated,32.900000,0.000000,92,240,460,600,1000,1500,2500,3400,4700,4900,4900,29175,0,92,383.5411125930056,66.75021900002776,4923.386482000069,13.0
1778863783,133,,Aggregated,32.800000,0.000000,92,240,460,600,1000,1500,2500,3400,4700,4900,4900,29232,0,92,385.7531963316208,66.75021900002776,4923.386482000069,13.0
1778863784,134,,Aggregated,35.800000,0.000000,92,250,460,610,1000,1500,2500,3400,4700,4900,4900,29267,0,92,386.4178149719456,66.75021900002776,4923.386482000069,13.0
1778863785,134,,Aggregated,39.100000,0.000000,93,250,460,610,1000,1500,2500,3400,4700,4900,4900,29310,0,93,388.4198719373569,66.75021900002776,4923.386482000069,13.0
1778863786,135,,Aggregated,40.600000,0.000000,93,250,470,610,1100,1500,2500,3400,4700,4900,4900,29346,0,93,390.489925645571,66.75021900002776,4923.386482000069,13.0
1778863787,136,,Aggregated,41.500000,0.000000,93,250,470,610,1100,1500,2500,3400,4700,4900,4900,29375,0,93,392.40505379662727,66.75021900002776,4923.386482000069,13.0
1778863788,136,,Aggregated,42.100000,0.000000,93,250,470,610,1100,1500,2600,3500,4700,4900,4900,29406,0,93,395.02565456699057,66.75021900002776,4923.386482000069,13.0
1778863789,137,,Aggregated,39.500000,0.000000,93,250,470,620,1100,1600,2600,3600,4700,4900,4900,29430,0,93,397.1234121194673,66.75021900002776,4923.386482000069,13.0
1778863790,137,,Aggregated,39.100000,0.000000,94,250,480,620,1100,1600,2600,3600,4700,4900,4900,29455,0,94,399.3242687999633,66.75021900002776,4937.119762999828,13.0
1778863791,138,,Aggregated,39.200000,0.000000,94,260,480,620,1100,1600,2600,3700,4900,5300,5400,29493,0,94,403.7822837394948,66.75021900002776,5350.672372999952,13.0
1778863792,138,,Aggregated,39.000000,0.000000,94,260,480,620,1100,1600,2700,3800,4900,5300,5400,29538,0,94,409.0381254617078,66.75021900002776,5350.672372999952,13.0
1778863793,139,,Aggregated,38.700000,0.000000,95,260,490,630,1100,1600,2800,3900,4900,5300,5400,29589,0,95,413.8753278593709,66.75021900002776,5350.672372999952,13.0
1778863794,140,,Aggregated,37.200000,0.000000,95,270,490,630,1100,1700,2800,3900,4900,5300,5400,29659,0,95,416.9421786734862,66.75021900002776,5350.672372999952,13.0
1778863795,140,,Aggregated,35.200000,0.000000,96,270,500,640,1100,1700,2800,3900,4900,5300,5400,29729,0,96,418.47154387456453,66.75021900002776,5350.672372999952,13.0
1778863796,141,,Aggregated,37.700000,0.000000,96,270,500,640,1100,1700,2800,3900,4900,5300,5400,29770,0,96,419.6095555219323,66.75021900002776,5350.672372999952,13.0
1778863797,141,,Aggregated,41.700000,0.000000,96,270,500,640,1100,1700,2800,3900,4900,5300,5400,29796,0,96,420.73627674227833,66.75021900002776,5350.672372999952,13.0
1778863798,142,,Aggregated,42.300000,0.000000,96,270,510,640,1100,1700,2800,3900,4900,5300,5400,29822,0,96,422.2851129012447,66.75021900002776,5350.672372999952,13.0
1778863799,142,,Aggregated,42.300000,0.000000,97,270,510,650,1100,1700,2800,3900,4900,5300,5400,29855,0,97,425.11249112165194,66.75021900002776,5350.672372999952,13.0
1778863800,142,,Aggregated,41.700000,0.000000,97,280,510,650,1100,1800,2900,3900,4900,5300,5400,29898,0,97,429.453207672885,66.75021900002776,5350.672372999952,13.0
1778863801,143,,Aggregated,41.900000,0.000000,97,280,510,650,1200,1800,2900,3900,4900,5300,5400,29924,0,97,431.9997371438283,66.75021900002776,5350.672372999952,13.0
1778863802,143,,Aggregated,43.900000,0.000000,97,280,520,650,1200,1800,3000,3900,4900,5300,5400,29948,0,97,434.29432568531865,66.75021900002776,5350.672372999952,13.0
1778863803,144,,Aggregated,43.400000,0.000000,98,280,520,660,1200,1900,3000,4000,4900,5300,5400,29983,0,98,438.06777407644086,66.75021900002776,5350.672372999952,13.0
1778863804,144,,Aggregated,41.500000,0.000000,98,280,520,660,1200,1900,3200,4000,4900,5300,5400,30033,0,98,443.1621213729541,66.75021900002776,5350.672372999952,13.0
1778863805,145,,Aggregated,39.700000,0.000000,98,280,520,670,1200,1900,3200,4000,4900,5300,5400,30070,0,98,446.4126724387075,66.75021900002776,5350.672372999952,13.0
1778863806,145,,Aggregated,38.000000,0.000000,99,290,530,670,1200,2000,3200,4000,4900,5300,5400,30106,0,99,449.1347046734181,66.75021900002776,5350.672372999952,13.0
1778863807,145,,Aggregated,34.500000,0.000000,99,290,530,670,1200,2000,3200,4000,4900,5300,5400,30138,0,99,451.53802195653077,66.75021900002776,5350.672372999952,13.0
1778863808,146,,Aggregated,33.600000,0.000000,99,290,530,670,1200,2000,3200,4000,4900,5300,5400,30188,0,99,455.4146071062979,66.75021900002776,5350.672372999952,13.0
1778863809,146,,Aggregated,33.400000,0.000000,100,290,540,680,1200,2000,3200,4000,4900,5300,5400,30241,0,100.0,458.468904629077,66.75021900002776,5350.672372999952,13.0
1778863810,146,,Aggregated,35.700000,0.000000,100,290,540,680,1200,2000,3200,4000,4900,5300,5400,30291,0,100.0,460.7965136768319,66.75021900002776,5350.672372999952,13.0
1778863811,147,,Aggregated,38.000000,0.000000,100,300,550,680,1200,2100,3300,4000,4900,5300,5400,30314,0,100.0,462.68015448185366,66.75021900002776,5350.672372999952,13.0
1778863812,147,,Aggregated,39.000000,0.000000,100,300,550,690,1300,2100,3300,4000,4900,5300,5400,30340,0,100.0,464.63282067191534,66.75021900002776,5350.672372999952,13.0
1778863813,147,,Aggregated,39.200000,0.000000,100,300,550,690,1300,2100,3300,4000,4900,5300,5400,30368,0,100.0,467.0811668953803,66.75021900002776,5350.672372999952,13.0
1778863814,147,,Aggregated,39.000000,0.000000,100,300,550,690,1300,2100,3300,4000,4900,5300,5400,30394,0,100.0,469.7878861967793,66.75021900002776,5350.672372999952,13.0
1778863815,148,,Aggregated,39.200000,0.000000,100,300,550,690,1300,2100,3400,4000,4900,5300,5400,30420,0,100.0,472.86288501324475,66.75021900002776,5350.672372999952,13.0
1778863816,148,,Aggregated,36.700000,0.000000,100,300,550,700,1300,2200,3400,4000,5000,5300,5400,30447,0,100.0,476.36113602321757,66.75021900002776,5350.672372999952,13.0
1778863817,148,,Aggregated,35.300000,0.000000,100,300,560,700,1300,2200,3500,4100,5200,5600,5800,30475,0,100.0,480.2696310726795,66.75021900002776,5798.729632999994,13.0
1778863818,148,,Aggregated,34.200000,0.000000,100,300,560,700,1300,2200,3600,4100,5200,5600,5800,30498,0,100.0,483.42106695920745,66.75021900002776,5798.729632999994,13.0
1778863819,148,,Aggregated,34.100000,0.000000,100,310,560,700,1300,2300,3600,4100,5200,5600,5800,30525,0,100.0,487.11935659226555,66.75021900002776,5798.729632999994,13.0
1778863820,149,,Aggregated,31.700000,0.000000,100,310,560,710,1300,2300,3700,4200,5200,5600,5800,30551,0,100.0,490.64707283604156,66.75021900002776,5798.729632999994,13.0
1778863821,149,,Aggregated,29.400000,0.000000,100,310,570,710,1300,2400,3800,4200,5200,5600,5800,30607,0,100.0,497.2797514090213,66.75021900002776,5798.729632999994,13.0
1778863822,149,,Aggregated,26.500000,0.000000,100,310,570,720,1300,2400,3800,4200,5200,5600,5800,30688,0,100.0,500.4882935219929,66.75021900002776,5798.729632999994,13.0
1778863823,149,,Aggregated,27.600000,0.000000,100,310,570,720,1300,2400,3800,4200,5200,5600,5800,30769,0,100.0,501.61835005287537,66.75021900002776,5798.729632999994,13.0
1778863824,149,,Aggregated,32.200000,0.000000,100,310,570,720,1300,2400,3800,4200,5200,5600,5800,30863,0,100.0,502.1959412044493,66.75021900002776,5798.729632999994,13.0
1778863825,149,,Aggregated,38.000000,0.000000,110,310,570,720,1300,2400,3800,4300,5200,5600,5800,30962,0,110.0,502.7512319093054,66.75021900002776,5798.729632999994,13.0
1778863826,149,,Aggregated,44.400000,0.000000,110,310,570,720,1300,2400,3800,4300,5200,5600,5800,31035,0,110.0,503.52451194567135,66.75021900002776,5798.729632999994,13.0
1778863827,149,,Aggregated,51.600000,0.000000,110,310,570,720,1300,2400,3800,4300,5200,5600,5800,31090,0,110.0,505.0941717556099,66.75021900002776,5798.729632999994,13.0
1778863828,149,,Aggregated,56.700000,0.000000,110,320,570,720,1300,2400,3800,4300,5200,5600,5800,31156,0,110.0,506.8767430451891,66.75021900002776,5798.729632999994,13.0
1778863829,149,,Aggregated,60.600000,0.000000,110,320,580,730,1300,2400,3800,4300,5200,5600,5800,31196,0,110.0,508.4592664945799,66.75021900002776,5798.729632999994,13.0
1778863830,149,,Aggregated,64.100000,0.000000,110,320,580,730,1400,2500,3800,4200,5200,5600,5800,31248,0,110.0,510.59922037906153,66.75021900002776,5798.729632999994,13.0
1778863831,149,,Aggregated,66.300000,0.000000,110,320,580,730,1400,2500,3800,4200,5200,5600,5800,31287,0,110.0,512.7780136894529,66.75021900002776,5798.729632999994,13.0
1778863832,149,,Aggregated,68.400000,0.000000,110,330,580,740,1400,2500,3800,4200,5200,5600,5800,31325,0,110.0,514.9830440245784,66.75021900002776,5798.729632999994,13.0
1778863833,149,,Aggregated,68.700000,0.000000,110,330,590,740,1400,2500,3900,4200,5200,5600,5800,31353,0,110.0,517.1883479532713,66.75021900002776,5798.729632999994,13.0
1778863834,149,,Aggregated,65.600000,0.000000,110,330,590,740,1400,2500,3900,4300,5200,5600,5800,31381,0,110.0,519.8199035133972,66.75021900002776,5798.729632999994,13.0
1778863835,149,,Aggregated,60.200000,0.000000,110,330,590,740,1400,2600,3900,4300,5200,5600,5800,31407,0,110.0,522.5012831021085,66.75021900002776,5798.729632999994,13.0
1778863836,149,,Aggregated,53.900000,0.000000,110,330,590,750,1400,2600,3900,4300,5200,5600,5800,31449,0,110.0,526.5355914797263,66.75021900002776,5798.729632999994,13.0
1778863837,149,,Aggregated,46.600000,0.000000,110,340,590,750,1400,2600,3900,4300,5200,5600,5800,31480,0,110.0,529.3138182725829,66.75021900002776,5798.729632999994,13.0
1778863838,149,,Aggregated,42.000000,0.000000,110,340,600,750,1400,2600,3900,4300,5200,5600,5800,31514,0,110.0,532.2584308056391,66.75021900002776,5798.729632999994,13.0
1778863839,149,,Aggregated,40.200000,0.000000,110,340,600,760,1500,2600,4000,4400,5300,5600,5800,31578,0,110.0,536.0913585839477,66.75021900002776,5798.729632999994,13.0
1778863840,149,,Aggregated,37.000000,0.000000,110,340,600,760,1500,2600,4000,4400,5400,5600,5800,31656,0,110.0,537.9236722195446,66.75021900002776,5798.729632999994,13.0
1778863841,149,,Aggregated,37.100000,0.000000,110,340,600,760,1500,2700,4000,4400,5400,5600,5800,31741,0,110.0,539.103609740553,66.75021900002776,5798.729632999994,13.0
1778863842,149,,Aggregated,39.100000,0.000000,110,340,600,760,1500,2700,4000,4400,5400,5600,5800,31825,0,110.0,539.9343430751894,66.75021900002776,5798.729632999994,13.0
1778863843,148,,Aggregated,43.500000,0.000000,110,340,600,760,1500,2700,4000,4500,5400,5600,5800,31914,0,110.0,540.8198369176196,66.75021900002776,5798.729632999994,13.0
1778863844,148,,Aggregated,47.500000,0.000000,110,340,600,760,1500,2700,4000,4500,5400,5600,5800,32008,0,110.0,541.1063802943924,66.75021900002776,5798.729632999994,13.0
1778863845,148,,Aggregated,53.200000,0.000000,110,340,600,760,1500,2700,4000,4500,5400,5600,5800,32112,0,110.0,541.3796616723939,66.75021900002776,5798.729632999994,13.0
1778863846,148,,Aggregated,60.000000,0.000000,110,330,600,760,1500,2700,4000,4500,5400,5600,5800,32217,0,110.0,541.7402613462743,66.75021900002776,5798.729632999994,13.0
1778863847,147,,Aggregated,67.200000,0.000000,110,330,600,760,1500,2700,4000,4500,5400,5600,5800,32325,0,110.0,541.9141083636475,66.75021900002776,5798.729632999994,13.0
1778863848,147,,Aggregated,74.500000,0.000000,110,330,590,750,1500,2700,4000,4500,5400,5600,5800,32434,0,110.0,541.5967360972411,66.75021900002776,5798.729632999994,13.0
1778863849,147,,Aggregated,81.000000,0.000000,110,330,590,750,1500,2700,4000,4500,5400,5600,5800,32537,0,110.0,541.3554565192214,66.75021900002776,5798.729632999994,13.0
1778863850,147,,Aggregated,88.500000,0.000000,110,330,590,750,1500,2700,4000,4500,5400,5600,5800,32620,0,110.0,541.306025074644,66.75021900002776,5798.729632999994,13.0
1778863851,146,,Aggregated,93.500000,0.000000,110,330,590,750,1500,2700,4000,4500,5400,5600,5800,32700,0,110.0,541.8288452969689,66.75021900002776,5798.729632999994,13.0
1778863852,146,,Aggregated,96.600000,0.000000,110,330,590,750,1500,2700,4000,4500,5400,5600,5800,32771,0,110.0,542.4607656327812,66.75021900002776,5798.729632999994,13.0
1778863853,146,,Aggregated,95.800000,0.000000,110,340,590,750,1500,2700,4000,4500,5400,5600,5800,32821,0,110.0,543.5634895409912,66.75021900002776,5798.729632999994,13.0
1778863854,145,,Aggregated,95.500000,0.000000,110,340,600,760,1500,2700,4000,4500,5400,5600,5800,32857,0,110.0,545.0457281841271,66.75021900002776,5798.729632999994,13.0
1778863855,145,,Aggregated,92.600000,0.000000,110,340,600,760,1500,2700,4000,4500,5400,5600,5800,32896,0,110.0,546.9651633537472,66.75021900002776,5798.729632999994,13.0
1778863856,145,,Aggregated,87.200000,0.000000,110,340,600,770,1500,2700,4000,4500,5400,5600,5800,32950,0,110.0,549.8616113505576,66.75021900002776,5798.729632999994,13.0
1778863857,144,,Aggregated,81.200000,0.000000,110,340,610,770,1500,2700,4000,4500,5400,5600,5800,33008,0,110.0,552.0015766355389,66.75021900002776,5798.729632999994,13.0
1778863858,144,,Aggregated,74.600000,0.000000,110,350,610,780,1500,2800,4000,4500,5400,5600,5800,33054,0,110.0,553.810610362766,66.75021900002776,5798.729632999994,13.0
1778863859,143,,Aggregated,70.100000,0.000000,110,350,610,790,1500,2800,4000,4500,5400,5600,5800,33099,0,110.0,556.1122274591039,66.75021900002776,5798.729632999994,13.0
1778863860,143,,Aggregated,65.000000,0.000000,110,350,610,790,1600,2800,4000,4500,5400,5600,5800,33159,0,110.0,558.6495584497986,66.75021900002776,5798.729632999994,13.0
1778863861,143,,Aggregated,58.600000,0.000000,110,360,620,800,1600,2800,4000,4500,5400,5600,5800,33232,0,110.0,560.3926885524457,66.75021900002776,5798.729632999994,13.0
1778863862,142,,Aggregated,54.200000,0.000000,110,360,620,800,1600,2800,4000,4500,5400,5600,5800,33322,0,110.0,561.4024532924151,66.75021900002776,5798.729632999994,13.0
1778863863,142,,Aggregated,52.900000,0.000000,120,360,620,800,1600,2800,4000,4500,5400,5600,5800,33430,0,120.0,561.1003876222809,66.75021900002776,5798.729632999994,13.0
1778863864,141,,Aggregated,53.000000,0.000000,120,360,620,800,1600,2800,4000,4500,5400,5600,5800,33542,0,120.0,560.5797153511664,66.75021900002776,5798.729632999994,13.0
1778863865,141,,Aggregated,57.500000,0.000000,120,350,620,800,1600,2800,4000,4500,5400,5600,5800,33658,0,120.0,559.5006853842422,66.75021900002776,5798.729632999994,13.0
1778863866,140,,Aggregated,63.900000,0.000000,120,350,620,800,1600,2800,4000,4400,5400,5600,5800,33773,0,120.0,558.3670825430327,66.75021900002776,5798.729632999994,13.0
1778863867,140,,Aggregated,71.900000,0.000000,120,350,610,790,1500,2800,4000,4400,5400,5600,5800,33880,0,120.0,557.4210331431773,66.75021900002776,5798.729632999994,13.0
1778863868,139,,Aggregated,80.100000,0.000000,120,350,610,790,1500,2700,4000,4400,5400,5600,5800,33964,0,120.0,557.0802089664309,66.75021900002776,5798.729632999994,13.0
1778863869,139,,Aggregated,84.700000,0.000000,120,350,620,790,1500,2700,4000,4400,5400,5600,5800,34038,0,120.0,557.438534653207,66.75021900002776,5798.729632999994,13.0
1778863870,138,,Aggregated,88.900000,0.000000,120,360,620,790,1500,2700,4000,4400,5400,5600,5800,34120,0,120.0,557.8425897028387,66.75021900002776,5798.729632999994,13.0
1778863871,138,,Aggregated,92.200000,0.000000,120,360,620,790,1500,2700,4000,4400,5400,5600,5800,34189,0,120.0,558.3030854447,66.75021900002776,5798.729632999994,13.0
1778863872,137,,Aggregated,95.600000,0.000000,120,360,620,800,1500,2700,4000,4400,5400,5600,5800,34249,0,120.0,559.144946570465,66.75021900002776,5798.729632999994,13.0
1778863873,136,,Aggregated,96.300000,0.000000,120,360,630,810,1500,2700,4000,4400,5400,5600,5800,34290,0,120.0,560.1938158564553,66.75021900002776,5798.729632999994,13.0
1778863874,136,,Aggregated,94.900000,0.000000,120,370,630,810,1600,2700,4000,4400,5400,5600,5800,34349,0,120.0,561.8945847814159,66.75021900002776,5798.729632999994,13.0
1778863875,135,,Aggregated,88.700000,0.000000,120,370,630,820,1600,2700,4000,4400,5400,5600,5800,34385,0,120.0,563.2224478747377,66.75021900002776,5798.729632999994,13.0
1778863876,135,,Aggregated,84.200000,0.000000,120,370,630,820,1600,2700,4000,4400,5400,5600,5800,34414,0,120.0,564.4546188414268,66.75021900002776,5798.729632999994,13.0
1778863877,134,,Aggregated,77.000000,0.000000,120,370,640,820,1600,2700,4000,4400,5400,5600,5800,34465,0,120.0,567.0394842444471,66.75021900002776,5798.729632999994,13.0
1778863878,133,,Aggregated,67.800000,0.000000,120,380,640,830,1600,2700,4000,4400,5400,5600,5800,34511,0,120.0,569.3425408503336,66.75021900002776,5798.729632999994,13.0
1778863879,133,,Aggregated,60.900000,0.000000,120,380,640,830,1600,2700,4000,4400,5400,5600,5800,34535,0,120.0,570.4644970390582,66.75021900002776,5798.729632999994,13.0
1778863880,132,,Aggregated,56.500000,0.000000,120,380,640,840,1600,2700,4000,4400,5400,5600,5800,34585,0,120.0,572.8512663393342,66.75021900002776,5798.729632999994,13.0
1778863881,131,,Aggregated,53.200000,0.000000,120,380,650,840,1600,2700,4000,4400,5400,5600,5800,34613,0,120.0,574.3929203731798,66.75021900002776,5798.729632999994,13.0
1778863882,131,,Aggregated,47.800000,0.000000,120,380,650,840,1600,2700,4000,4400,5400,5600,5800,34645,0,120.0,576.339824158865,66.75021900002776,5798.729632999994,13.0
1778863883,130,,Aggregated,44.100000,0.000000,120,380,650,850,1700,2800,4000,4400,5400,5600,5800,34671,0,120.0,578.0043226255913,66.75021900002776,5798.729632999994,13.0
1778863884,129,,Aggregated,40.400000,0.000000,130,380,650,850,1700,2800,4000,4400,5400,5600,5800,34696,0,130.0,579.8043027278616,66.75021900002776,5798.729632999994,13.0
1778863885,129,,Aggregated,39.200000,0.000000,130,390,650,850,1700,2800,4000,4400,5400,5600,5800,34719,0,130.0,581.3585578489269,66.75021900002776,5798.729632999994,13.0
1778863886,128,,Aggregated,36.000000,0.000000,130,390,650,860,1700,2800,4000,4500,5400,5600,5800,34748,0,130.0,583.8355940573241,66.75021900002776,5798.729632999994,13.0
1778863887,127,,Aggregated,34.200000,0.000000,130,390,660,860,1700,2800,4000,4500,5500,5800,5900,34776,0,130.0,586.3899989990479,66.75021900002776,5851.867428000105,13.0
1778863888,126,,Aggregated,33.900000,0.000000,130,390,660,860,1700,2800,4100,4500,5500,6000,6100,34800,0,130.0,588.5179418413472,66.75021900002776,6102.507337000134,13.0
1778863889,126,,Aggregated,32.000000,0.000000,130,390,660,860,1700,2800,4100,4500,5600,6200,6300,34825,0,130.0,590.6539407090276,66.75021900002776,6309.222235000107,13.0
1778863890,125,,Aggregated,29.300000,0.000000,130,390,660,860,1700,2800,4100,4600,5800,6300,6400,34851,0,130.0,593.0581760775841,66.75021900002776,6431.707395000103,13.0
1778863891,124,,Aggregated,28.600000,0.000000,130,400,660,870,1700,2800,4100,4600,6000,6400,6400,34877,0,130.0,595.5672955046847,66.75021900002776,6440.223383000102,13.0
1778863892,123,,Aggregated,27.900000,0.000000,130,400,670,870,1700,2900,4100,4700,6000,6400,6400,34927,0,130.0,600.8089458083975,66.75021900002776,6440.223383000102,13.0
1778863893,123,,Aggregated,26.800000,0.000000,130,400,670,880,1700,2900,4100,4700,6000,6400,6400,34955,0,130.0,602.661827460761,66.75021900002776,6440.223383000102,13.0
1778863894,122,,Aggregated,27.600000,0.000000,130,400,670,880,1800,2900,4100,4700,6000,6400,6400,35005,0,130.0,605.6493024937836,66.75021900002776,6440.223383000102,13.0
1778863895,121,,Aggregated,28.200000,0.000000,130,400,670,890,1800,2900,4100,4700,6000,6400,6400,35041,0,130.0,607.1109996508062,66.75021900002776,6440.223383000102,13.0
1778863896,120,,Aggregated,29.000000,0.000000,130,410,680,890,1800,2900,4100,4700,6000,6400,6400,35092,0,130.0,608.8856055663371,66.75021900002776,6440.223383000102,13.0
1778863897,119,,Aggregated,31.000000,0.000000,130,410,680,900,1800,2900,4100,4700,6000,6400,6400,35170,0,130.0,609.8742242022715,66.75021900002776,6440.223383000102,13.0
1778863898,119,,Aggregated,32.800000,0.000000,130,410,680,900,1800,2900,4100,4700,6000,6400,6400,35239,0,130.0,610.2051319254488,66.75021900002776,6440.223383000102,13.0
1778863899,118,,Aggregated,36.400000,0.000000,130,410,680,900,1800,2900,4100,4700,6000,6400,6400,35306,0,130.0,610.4477309821812,66.75021900002776,6440.223383000102,13.0
1778863900,117,,Aggregated,41.600000,0.000000,130,420,680,900,1800,2900,4100,4700,6000,6400,6400,35346,0,130.0,610.9377304987518,66.75021900002776,6440.223383000102,13.0
1778863901,116,,Aggregated,45.400000,0.000000,130,420,680,900,1800,2900,4100,4700,6000,6400,6400,35384,0,130.0,611.8308069916598,66.75021900002776,6440.223383000102,13.0
1778863902,115,,Aggregated,48.400000,0.000000,130,420,690,910,1800,2900,4100,4700,6000,6400,6400,35448,0,130.0,613.3381358154166,66.75021900002776,6440.223383000102,13.0
1778863903,114,,Aggregated,49.700000,0.000000,130,420,690,910,1800,2900,4100,4700,6000,6400,6400,35531,0,130.0,613.565168260614,66.75021900002776,6440.223383000102,13.0
1778863904,114,,Aggregated,50.800000,0.000000,130,420,690,910,1800,2900,4100,4700,6000,6400,6400,35618,0,130.0,613.1059720750146,66.75021900002776,6440.223383000102,13.0
1778863905,113,,Aggregated,53.800000,0.000000,130,420,690,910,1800,2900,4100,4700,6000,6400,6400,35705,0,130.0,612.5269102236066,66.75021900002776,6440.223383000102,13.0
1778863906,112,,Aggregated,58.200000,0.000000,130,420,680,910,1800,2900,4100,4700,6000,6400,6400,35780,0,130.0,612.065634710533,66.75021900002776,6440.223383000102,13.0
1778863907,111,,Aggregated,62.600000,0.000000,130,420,680,910,1800,2800,4100,4700,6000,6400,6400,35859,0,130.0,611.633013130396,66.75021900002776,6440.223383000102,13.0
1778863908,110,,Aggregated,67.800000,0.000000,130,420,680,910,1800,2800,4100,4600,6000,6400,6400,35939,0,130.0,610.9805437353809,66.75021900002776,6440.223383000102,13.0
1778863909,109,,Aggregated,68.700000,0.000000,130,420,680,910,1800,2800,4100,4600,6000,6400,6400,36022,0,130.0,610.4274754881981,66.75021900002776,6440.223383000102,13.0
1778863910,109,,Aggregated,68.700000,0.000000,130,410,680,910,1800,2800,4100,4600,6000,6400,6400,36099,0,130.0,609.9670698309058,66.68163599988475,6440.223383000102,13.0
1778863911,108,,Aggregated,69.900000,0.000000,130,410,680,910,1800,2800,4100,4600,6000,6400,6400,36187,0,130.0,609.2365180043349,66.68163599988475,6440.223383000102,13.0
1778863912,107,,Aggregated,72.700000,0.000000,130,410,680,910,1800,2800,4100,4600,6000,6400,6400,36273,0,130.0,608.4722187011795,66.68163599988475,6440.223383000102,13.0
1778863913,106,,Aggregated,76.900000,0.000000,130,410,680,900,1800,2800,4100,4600,6000,6400,6400,36358,0,130.0,607.7480803201743,66.68163599988475,6440.223383000102,13.0
1778863914,105,,Aggregated,80.700000,0.000000,130,410,680,900,1800,2800,4100,4600,6000,6400,6400,36439,0,130.0,607.0339946899447,66.68163599988475,6440.223383000102,13.0
1778863915,104,,Aggregated,82.500000,0.000000,130,410,680,900,1800,2800,4100,4600,6000,6400,6400,36524,0,130.0,606.2132950090055,66.68163599988475,6440.223383000102,13.0
1778863916,103,,Aggregated,83.300000,0.000000,130,410,680,900,1800,2800,4100,4600,6000,6400,6400,36605,0,130.0,605.3882772798777,66.68163599988475,6440.223383000102,13.0
1778863917,102,,Aggregated,81.900000,0.000000,130,410,680,900,1800,2800,4100,4600,6000,6400,6400,36688,0,130.0,604.7023819975451,66.68163599988475,6440.223383000102,13.0
1778863918,102,,Aggregated,81.500000,0.000000,130,400,680,900,1800,2800,4100,4600,6000,6400,6400,36779,0,130.0,603.7958640808051,66.68163599988475,6440.223383000102,13.0
1778863919,101,,Aggregated,82.700000,0.000000,130,400,670,890,1800,2800,4100,4600,6000,6400,6400,36847,0,130.0,603.0164616974226,66.68163599988475,6440.223383000102,13.0
1778863920,100,,Aggregated,83.100000,0.000000,130,400,670,890,1800,2800,4100,4600,6000,6400,6400,36928,0,130.0,602.6084242049374,66.68163599988475,6440.223383000102,13.0
1778863921,99,,Aggregated,84.300000,0.000000,130,400,670,890,1800,2800,4100,4600,6000,6400,6400,36998,0,130.0,601.8343896831432,66.68163599988475,6440.223383000102,13.0
1778863922,98,,Aggregated,81.900000,0.000000,140,400,670,890,1800,2800,4100,4600,6000,6400,6400,37077,0,140.0,601.407208560966,66.68163599988475,6440.223383000102,13.0
1778863923,97,,Aggregated,82.900000,0.000000,130,400,670,880,1800,2800,4100,4600,6000,6400,6400,37164,0,130.0,600.3504498650827,66.68163599988475,6440.223383000102,13.0
1778863924,96,,Aggregated,80.600000,0.000000,130,400,670,880,1800,2800,4100,4600,6000,6400,6400,37254,0,130.0,599.2030953104352,66.68163599988475,6440.223383000102,13.0
1778863925,95,,Aggregated,80.900000,0.000000,130,400,660,880,1700,2800,4100,4600,6000,6400,6400,37342,0,130.0,597.9791925735618,66.68163599988475,6440.223383000102,13.0
1778863926,95,,Aggregated,80.300000,0.000000,130,390,660,880,1700,2800,4100,4600,6000,6400,6400,37432,0,130.0,596.7410422922884,66.68163599988475,6440.223383000102,13.0
1778863927,94,,Aggregated,81.500000,0.000000,130,390,660,870,1700,2800,4100,4600,6000,6400,6400,37522,0,130.0,595.5068048155468,66.68163599988475,6440.223383000102,13.0
1778863928,93,,Aggregated,81.200000,0.000000,130,390,660,870,1700,2800,4100,4600,6000,6400,6400,37606,0,130.0,594.3454419900269,66.68163599988475,6440.223383000102,13.0
1778863929,92,,Aggregated,81.900000,0.000000,130,390,660,870,1700,2800,4100,4600,6000,6400,6400,37691,0,130.0,593.1797262366865,66.68163599988475,6440.223383000102,13.0
1778863930,91,,Aggregated,82.400000,0.000000,130,390,650,870,1700,2800,4100,4600,6000,6400,6400,37775,0,130.0,592.0331087238637,66.68163599988475,6440.223383000102,13.0
1778863931,90,,Aggregated,82.200000,0.000000,130,380,650,860,1700,2800,4100,4600,6000,6400,6400,37857,0,130.0,590.9149313230038,66.68163599988475,6440.223383000102,13.0
1778863932,89,,Aggregated,84.600000,0.000000,130,380,650,860,1700,2800,4100,4600,6000,6400,6400,37936,0,130.0,589.8443727517647,66.68163599988475,6440.223383000102,13.0
1778863933,89,,Aggregated,84.200000,0.000000,130,380,650,860,1700,2800,4100,4600,6000,6400,6400,38017,0,130.0,588.7478340992961,66.68163599988475,6440.223383000102,13.0
1778863934,88,,Aggregated,86.400000,0.000000,130,380,650,860,1700,2700,4100,4600,6000,6400,6400,38101,0,130.0,587.6170858023656,66.68163599988475,6440.223383000102,13.0
1778863935,87,,Aggregated,85.600000,0.000000,120,380,650,860,1700,2700,4100,4600,6000,6400,6400,38181,0,120.0,586.5463994315479,66.68163599988475,6440.223383000102,13.0
1778863936,86,,Aggregated,85.700000,0.000000,120,370,640,860,1700,2700,4100,4600,6000,6400,6400,38262,0,120.0,585.4671726644698,66.68163599988475,6440.223383000102,13.0
1778863937,85,,Aggregated,84.900000,0.000000,120,370,640,850,1700,2700,4100,4600,6000,6400,6400,38342,0,120.0,584.4179071490255,66.68163599988475,6440.223383000102,13.0
1778863938,84,,Aggregated,83.300000,0.000000,120,370,640,850,1700,2700,4100,4600,6000,6400,6400,38421,0,120.0,583.3753077676776,66.68163599988475,6440.223383000102,13.0
1778863939,83,,Aggregated,83.000000,0.000000,120,370,640,850,1700,2700,4100,4600,6000,6400,6400,38499,0,120.0,582.3487273393062,66.68163599988475,6440.223383000102,13.0
1778863940,83,,Aggregated,82.300000,0.000000,120,370,640,850,1700,2700,4100,4600,6000,6400,6400,38577,0,120.0,581.3259997935801,66.68163599988475,6440.223383000102,13.0
1778863941,82,,Aggregated,81.100000,0.000000,120,370,640,840,1700,2700,4100,4600,6000,6400,6400,38653,0,120.0,580.3353306073767,66.68163599988475,6440.223383000102,13.0
1778863942,81,,Aggregated,80.200000,0.000000,120,360,640,840,1700,2700,4100,4600,6000,6400,6400,38729,0,120.0,579.363282827673,66.68163599988475,6440.223383000102,13.0
1778863943,80,,Aggregated,79.600000,0.000000,120,360,630,840,1700,2700,4100,4600,6000,6400,6400,38802,0,120.0,578.4165460691961,66.68163599988475,6440.223383000102,13.0
1778863944,79,,Aggregated,78.900000,0.000000,120,360,630,840,1700,2700,4100,4600,6000,6400,6400,38872,0,120.0,577.5099610569548,66.68163599988475,6440.223383000102,13.0
1778863945,79,,Aggregated,78.000000,0.000000,120,360,630,840,1700,2700,4100,4600,6000,6400,6400,38947,0,120.0,576.5427306895767,66.68163599988475,6440.223383000102,13.0
1778863946,78,,Aggregated,77.500000,0.000000,120,360,630,830,1700,2700,4100,4600,6000,6400,6400,39018,0,120.0,575.6315431855026,66.68163599988475,6440.223383000102,13.0
1778863947,77,,Aggregated,76.700000,0.000000,120,360,630,830,1700,2700,4100,4600,6000,6400,6400,39089,0,120.0,574.7229122284257,66.68163599988475,6440.223383000102,13.0
1778863948,76,,Aggregated,76.800000,0.000000,120,360,630,830,1700,2700,4100,4600,6000,6400,6400,39164,0,120.0,573.774142413618,66.68163599988475,6440.223383000102,13.0
1778863949,75,,Aggregated,75.400000,0.000000,120,350,630,830,1700,2700,4000,4600,6000,6400,6400,39234,0,120.0,572.8863169126254,66.68163599988475,6440.223383000102,13.0
1778863950,75,,Aggregated,74.200000,0.000000,110,350,620,830,1700,2700,4000,4600,6000,6400,6400,39304,0,110.0,572.0025865685664,66.68163599988475,6440.223383000102,13.0
1778863951,74,,Aggregated,73.900000,0.000000,110,350,620,830,1700,2700,4000,4600,6000,6400,6400,39373,0,110.0,571.1349861113941,66.68163599988475,6440.223383000102,13.0
1778863952,73,,Aggregated,72.900000,0.000000,110,350,620,820,1700,2700,4000,4600,6000,6400,6400,39439,0,110.0,570.307312076141,66.68163599988475,6440.223383000102,13.0
1778863953,72,,Aggregated,72.200000,0.000000,110,350,620,820,1700,2700,4000,4600,6000,6400,6400,39508,0,110.0,569.4424155645672,66.68163599988475,6440.223383000102,13.0
1778863954,72,,Aggregated,71.500000,0.000000,110,350,620,820,1700,2700,4000,4600,6000,6400,6400,39577,0,110.0,568.5989506845366,66.68163599988475,6440.223383000102,13.0
1778863955,71,,Aggregated,71.300000,0.000000,110,340,620,820,1700,2700,4000,4600,6000,6400,6400,39643,0,110.0,567.7784516476023,66.68163599988475,6440.223383000102,13.0
1778863956,70,,Aggregated,70.200000,0.000000,110,340,620,820,1700,2700,4000,4600,6000,6400,6400,39709,0,110.0,566.9687566826386,66.68163599988475,6440.223383000102,13.0
1778863957,70,,Aggregated,69.500000,0.000000,110,340,620,820,1700,2700,4000,4600,6000,6400,6400,39768,0,110.0,566.2387554434947,66.68163599988475,6440.223383000102,13.0
1778863958,69,,Aggregated,68.600000,0.000000,110,340,610,820,1700,2700,4000,4600,6000,6400,6400,39831,0,110.0,565.4648225559461,66.68163599988475,6440.223383000102,13.0
1778863959,68,,Aggregated,68.300000,0.000000,110,340,610,810,1700,2700,4000,4600,6000,6400,6400,39895,0,110.0,564.6797995184331,66.68163599988475,6440.223383000102,13.0
1778863960,68,,Aggregated,68.100000,0.000000,110,340,610,810,1700,2700,4000,4500,6000,6400,6400,39959,0,110.0,563.8962205415276,66.68163599988475,6440.223383000102,13.0
1778863961,67,,Aggregated,67.200000,0.000000,110,340,610,810,1600,2700,4000,4500,6000,6400,6400,40024,0,110.0,563.1028215081178,66.68163599988475,6440.223383000102,13.0
1778863962,66,,Aggregated,66.300000,0.000000,110,340,610,810,1600,2700,4000,4500,6000,6400,6400,40083,0,110.0,562.3875724736397,66.68163599988475,6440.223383000102,13.0
1778863963,66,,Aggregated,65.400000,0.000000,110,340,610,810,1600,2700,4000,4500,6000,6400,6400,40144,0,110.0,561.6473766855295,66.68163599988475,6440.223383000102,13.0
1778863964,65,,Aggregated,64.500000,0.000000,110,330,610,800,1600,2700,4000,4500,6000,6400,6400,40207,0,110.0,560.8869236277236,66.68163599988475,6440.223383000102,13.0
1778863965,64,,Aggregated,63.800000,0.000000,110,330,610,800,1600,2700,4000,4500,6000,6400,6400,40268,0,110.0,560.1508016449505,66.68163599988475,6440.223383000102,13.0
1778863966,64,,Aggregated,63.500000,0.000000,110,330,610,800,1600,2700,4000,4500,6000,6400,6400,40326,0,110.0,559.4523944732151,66.68163599988475,6440.223383000102,13.0
1778863967,63,,Aggregated,62.900000,0.000000,110,330,600,800,1600,2700,4000,4500,6000,6400,6400,40388,0,110.0,558.7075114328234,66.68163599988475,6440.223383000102,13.0
1778863968,62,,Aggregated,62.300000,0.000000,110,330,600,800,1600,2700,4000,4500,6000,6400,6400,40447,0,110.0,558.0015501652007,66.68163599988475,6440.223383000102,13.0
1778863969,62,,Aggregated,61.600000,0.000000,110,330,600,800,1600,2700,4000,4500,6000,6400,6400,40505,0,110.0,557.3110149923931,66.68163599988475,6440.223383000102,13.0
1778863970,61,,Aggregated,61.000000,0.000000,100,330,600,790,1600,2700,4000,4500,6000,6400,6400,40560,0,100.0,556.6579076718657,66.68163599988475,6440.223383000102,13.0
1778863971,61,,Aggregated,60.400000,0.000000,100,320,600,790,1600,2700,4000,4500,6000,6400,6400,40613,0,100.0,556.0304845883554,66.68163599988475,6440.223383000102,13.0
1778863972,60,,Aggregated,60.300000,0.000000,100,320,600,790,1600,2700,4000,4500,6000,6400,6400,40669,0,100.0,555.3692019905304,66.68163599988475,6440.223383000102,13.0
1778863973,60,,Aggregated,59.900000,0.000000,100,320,600,790,1600,2700,4000,4500,6000,6400,6400,40725,0,100.0,554.7113654151719,66.68163599988475,6440.223383000102,13.0
1778863974,59,,Aggregated,59.400000,0.000000,100,320,600,790,1600,2700,4000,4500,6000,6400,6400,40780,0,100.0,554.0663153131406,66.68163599988475,6440.223383000102,13.0
1778863975,59,,Aggregated,58.700000,0.000000,100,320,600,790,1600,2600,4000,4500,6000,6400,6400,40837,0,100.0,553.4016568476598,66.68163599988475,6440.223383000102,13.0
1778863976,58,,Aggregated,57.600000,0.000000,100,320,590,790,1600,2600,4000,4500,6000,6400,6400,40891,0,100.0,552.7669569096838,66.68163599988475,6440.223383000102,13.0
1778863977,58,,Aggregated,56.900000,0.000000,100,320,590,780,1600,2600,4000,4500,6000,6400,6400,40945,0,100.0,552.1354265394768,66.68163599988475,6440.223383000102,13.0
1778863978,57,,Aggregated,56.600000,0.000000,100,320,590,780,1600,2600,4000,4500,6000,6400,6400,40998,0,100.0,551.5170459462626,66.68163599988475,6440.223383000102,13.0
1778863979,57,,Aggregated,56.000000,0.000000,100,310,590,780,1600,2600,4000,4500,6000,6400,6400,41052,0,100.0,550.8875396209896,66.68163599988475,6440.223383000102,13.0
1778863980,56,,Aggregated,55.700000,0.000000,100,310,590,780,1600,2600,4000,4500,6000,6400,6400,41106,0,100.0,550.260717907504,66.68163599988475,6440.223383000102,13.0
1778863981,56,,Aggregated,55.100000,0.000000,100,310,590,780,1600,2600,4000,4500,6000,6400,6400,41158,0,100.0,549.6597423304307,66.68163599988475,6440.223383000102,13.0
1778863982,55,,Aggregated,54.700000,0.000000,100,310,590,780,1600,2600,4000,4500,6000,6400,6400,41211,0,100.0,549.048129278418,66.68163599988475,6440.223383000102,13.0
1778863983,55,,Aggregated,54.000000,0.000000,100,310,590,770,1600,2600,4000,4500,6000,6400,6400,41260,0,100.0,548.4874654238461,66.68163599988475,6440.223383000102,13.0
1778863984,55,,Aggregated,53.600000,0.000000,99,310,590,770,1600,2600,4000,4500,6000,6400,6400,41310,0,99,547.9119162339597,66.68163599988475,6440.223383000102,13.0
1778863985,54,,Aggregated,53.300000,0.000000,99,310,590,770,1600,2600,4000,4500,6000,6400,6400,41357,0,99,547.3760350669504,66.68163599988475,6440.223383000102,13.0
1778863986,54,,Aggregated,53.300000,0.000000,99,310,580,770,1600,2600,4000,4500,6000,6400,6400,41409,0,99,546.7854410766223,66.68163599988475,6440.223383000102,13.0
1778863987,54,,Aggregated,52.900000,0.000000,99,310,580,770,1600,2600,4000,4500,6000,6400,6400,41459,0,99,546.2141004809777,66.68163599988475,6440.223383000102,13.0
1778863988,53,,Aggregated,52.100000,0.000000,98,310,580,770,1600,2600,4000,4500,6000,6400,6400,41509,0,98,545.6454062307178,66.68163599988475,6440.223383000102,13.0
1778863989,53,,Aggregated,51.700000,0.000000,98,300,580,770,1600,2600,4000,4500,6000,6400,6400,41560,0,98,545.0747152083218,66.68163599988475,6440.223383000102,13.0
1778863990,53,,Aggregated,50.900000,0.000000,98,300,580,770,1600,2600,4000,4500,6000,6400,6400,41608,0,98,544.5418373769189,66.68163599988475,6440.223383000102,13.0
1778863991,52,,Aggregated,50.700000,0.000000,98,300,580,760,1600,2600,4000,4500,6000,6400,6400,41655,0,98,544.0200093505425,66.68163599988475,6440.223383000102,13.0
1778863992,52,,Aggregated,50.400000,0.000000,97,300,580,760,1600,2600,4000,4500,6000,6400,6400,41703,0,97,543.4832092719431,66.68163599988475,6440.223383000102,13.0
1778863993,52,,Aggregated,50.400000,0.000000,97,300,580,760,1600,2600,4000,4500,6000,6400,6400,41738,0,97,543.1596285271418,66.68163599988475,6440.223383000102,13.0
1778863994,51,,Aggregated,50.000000,0.000000,98,300,580,760,1600,2600,4000,4500,6000,6400,6400,41765,0,98,543.2008409589092,66.68163599988475,6440.223383000102,13.0
1778863995,51,,Aggregated,49.200000,0.000000,98,300,580,760,1600,2600,4000,4500,6000,6400,6400,41800,0,98,543.3104010914557,66.68163599988475,6440.223383000102,13.0
1778863996,51,,Aggregated,47.400000,0.000000,98,300,580,770,1600,2600,4000,4500,6000,6400,6400,41826,0,98,543.347470398074,66.68163599988475,6440.223383000102,13.0
1778863997,51,,Aggregated,45.400000,0.000000,98,300,580,770,1600,2600,4000,4500,6000,6400,6400,41853,0,98,543.5319526350044,66.68163599988475,6440.223383000102,13.0
1778863998,51,,Aggregated,43.800000,0.000000,98,310,580,770,1600,2600,4000,4500,6000,6400,6400,41901,0,98,543.6189999557251,66.68163599988475,6440.223383000102,13.0
1778863999,50,,Aggregated,41.500000,0.000000,98,300,580,770,1600,2600,4000,4500,6000,6400,6400,41939,0,98,543.2311643703435,66.68163599988475,6440.223383000102,13.0
1778864000,50,,Aggregated,39.500000,0.000000,98,300,580,770,1600,2600,4000,4500,6000,6400,6400,41959,0,98,543.17943838716,66.68163599988475,6440.223383000102,13.0
1778864001,50,,Aggregated,39.100000,0.000000,99,310,580,770,1600,2600,4000,4500,6000,6400,6400,41984,0,99,543.344033652745,66.68163599988475,6440.223383000102,13.0
1778864002,50,,Aggregated,37.800000,0.000000,99,310,580,770,1600,2600,4000,4500,5900,6400,6400,42012,0,99,543.5863425536954,66.68163599988475,6440.223383000102,13.0
1778864003,50,,Aggregated,35.000000,0.000000,99,310,580,770,1600,2600,4000,4500,5900,6400,6400,42046,0,99,543.8546204420837,66.68163599988475,6440.223383000102,13.0
1778864004,50,,Aggregated,32.300000,0.000000,99,310,580,770,1600,2600,4000,4500,5900,6400,6400,42091,0,99,543.5967325548182,66.68163599988475,6440.223383000102,13.0
1778864005,50,,Aggregated,30.600000,0.000000,99,310,580,770,1600,2600,4000,4500,5900,6400,6400,42105,0,99,543.5102373233786,66.68163599988475,6440.223383000102,13.0
1778864006,50,,Aggregated,31.200000,0.000000,99,310,580,770,1600,2600,4000,4500,5900,6400,6400,42147,0,99,543.8850155963379,66.68163599988475,6440.223383000102,13.0
1778864007,50,,Aggregated,32.100000,0.000000,100,310,580,770,1600,2600,4000,4500,5900,6400,6400,42167,0,100.0,543.8337729549613,66.68163599988475,6440.223383000102,13.0
1778864008,50,,Aggregated,30.400000,0.000000,100,310,590,770,1600,2600,4000,4500,5900,6400,6400,42215,0,100.0,543.9350845476455,66.68163599988475,6440.223383000102,13.0
1778864009,50,,Aggregated,31.900000,0.000000,100,310,590,770,1600,2600,4000,4500,5900,6400,6400,42241,0,100.0,543.7609367402489,66.68163599988475,6440.223383000102,13.0
1778864010,50,,Aggregated,31.100000,0.000000,100,310,590,770,1600,2600,4000,4500,5900,6400,6400,42270,0,100.0,543.7740421327383,66.68163599988475,6440.223383000102,13.0
1778864011,50,,Aggregated,31.200000,0.000000,100,310,590,770,1600,2600,4000,4500,5900,6400,6400,42319,0,100.0,543.7632323312662,66.68163599988475,6440.223383000102,13.0
1778864012,50,,Aggregated,30.400000,0.000000,100,310,590,770,1600,2600,4000,4500,5900,6400,6400,42366,0,100.0,543.2880227690566,66.68163599988475,6440.223383000102,13.0
1778864013,50,,Aggregated,30.600000,0.000000,100,310,580,770,1600,2600,4000,4500,5900,6400,6400,42406,0,100.0,542.8944453115562,66.68163599988475,6440.223383000102,13.0
1778864014,50,,Aggregated,33.400000,0.000000,100,310,580,770,1600,2600,4000,4500,5900,6400,6400,42448,0,100.0,542.5192030055324,66.68163599988475,6440.223383000102,13.0
1778864015,50,,Aggregated,35.500000,0.000000,100,310,580,770,1600,2600,4000,4500,5900,6400,6400,42495,0,100.0,542.0342502584502,66.68163599988475,6440.223383000102,13.0
1778864016,50,,Aggregated,35.500000,0.000000,100,310,580,770,1600,2600,4000,4500,5900,6400,6400,42542,0,100.0,541.5357199225672,66.68163599988475,6440.223383000102,13.0
1778864017,50,,Aggregated,35.800000,0.000000,100,310,580,770,1600,2600,4000,4500,5900,6400,6400,42587,0,100.0,541.0437668803592,66.68163599988475,6440.223383000102,13.0
1778864018,50,,Aggregated,38.900000,0.000000,99,310,580,760,1600,2600,4000,4500,5900,6400,6400,42634,0,99,540.5302795656485,66.68163599988475,6440.223383000102,13.0
1778864019,50,,Aggregated,39.400000,0.000000,99,310,580,760,1600,2600,4000,4500,5900,6400,6400,42681,0,99,540.022072166769,66.68163599988475,6440.223383000102,13.0
1778864020,50,,Aggregated,41.900000,0.000000,99,310,580,760,1600,2600,4000,4500,5900,6400,6400,42728,0,99,539.5106679709995,66.68163599988475,6440.223383000102,13.0
1778864021,50,,Aggregated,41.800000,0.000000,98,300,580,760,1600,2600,4000,4500,5900,6400,6400,42774,0,98,539.0091351044294,66.68163599988475,6440.223383000102,13.0
1778864022,51,,Aggregated,43.600000,0.000000,98,300,580,760,1600,2600,4000,4500,5900,6400,6400,42822,0,98,538.4884094948592,66.68163599988475,6440.223383000102,13.0
1778864023,51,,Aggregated,45.800000,0.000000,98,300,580,760,1600,2600,4000,4500,5900,6400,6400,42870,0,98,537.9681336060384,66.68163599988475,6440.223383000102,13.0
1778864024,51,,Aggregated,45.400000,0.000000,97,300,580,760,1600,2600,4000,4500,5900,6400,6400,42918,0,97,537.4496128051368,66.68163599988475,6440.223383000102,13.0
1778864025,51,,Aggregated,45.400000,0.000000,97,300,570,760,1600,2600,4000,4500,5900,6400,6400,42964,0,97,536.9525380214567,66.68163599988475,6440.223383000102,13.0
1778864027,51,,Aggregated,46.900000,0.000000,97,300,570,760,1600,2600,4000,4500,5900,6400,6400,43011,0,97,536.4475189235283,66.68163599988475,6440.223383000102,13.0
1778864028,52,,Aggregated,46.900000,0.000000,97,300,570,760,1600,2600,4000,4500,5900,6400,6400,43058,0,97,535.9430559459537,66.68163599988475,6440.223383000102,13.0
1778864029,52,,Aggregated,46.900000,0.000000,96,300,570,750,1600,2600,4000,4500,5900,6400,6400,43109,0,96,535.3965698448092,66.68163599988475,6440.223383000102,13.0
1778864030,52,,Aggregated,46.800000,0.000000,96,300,570,750,1600,2600,4000,4500,5900,6400,6400,43159,0,96,534.8695931666367,66.68163599988475,6440.223383000102,13.0
1778864031,52,,Aggregated,47.500000,0.000000,96,300,570,750,1600,2600,4000,4500,5900,6400,6400,43207,0,96,534.3575815279669,66.68163599988475,6440.223383000102,13.0
1778864032,53,,Aggregated,47.500000,0.000000,95,290,570,750,1600,2600,4000,4500,5900,6400,6400,43253,0,95,533.8715135477042,66.68163599988475,6440.223383000102,13.0
1778864033,53,,Aggregated,47.800000,0.000000,95,290,570,750,1600,2600,4000,4500,5900,6400,6400,43306,0,95,533.3128542579055,66.68163599988475,6440.223383000102,13.0
1778864034,53,,Aggregated,47.700000,0.000000,95,290,570,750,1600,2600,4000,4500,5900,6400,6400,43356,0,95,532.7833873891698,66.68163599988475,6440.223383000102,13.0
1778864035,54,,Aggregated,47.900000,0.000000,95,290,570,750,1600,2600,4000,4500,5900,6400,6400,43407,0,95,532.2465457957205,66.68163599988475,6440.223383000102,13.0
1778864036,54,,Aggregated,48.500000,0.000000,94,290,560,750,1600,2600,4000,4500,5900,6400,6400,43457,0,94,531.7196952577685,66.68163599988475,6440.223383000102,13.0
1778864037,55,,Aggregated,48.900000,0.000000,94,290,560,750,1500,2600,4000,4500,5900,6400,6400,43509,0,94,531.1723954413303,66.68163599988475,6440.223383000102,13.0
1778864038,55,,Aggregated,49.000000,0.000000,94,290,560,750,1500,2600,4000,4500,5900,6400,6400,43560,0,94,530.6418929160891,66.40383900003144,6440.223383000102,13.0
1778864039,55,,Aggregated,49.800000,0.000000,94,290,560,740,1500,2500,4000,4500,5900,6400,6400,43612,0,94,530.0972759572328,66.40383900003144,6440.223383000102,13.0
1778864040,56,,Aggregated,50.100000,0.000000,93,290,560,740,1500,2500,4000,4500,5900,6400,6400,43658,0,93,529.6163908397049,66.40383900003144,6440.223383000102,13.0
1778864041,56,,Aggregated,50.100000,0.000000,93,290,560,740,1500,2500,4000,4500,5900,6400,6400,43712,0,93,529.0549352127067,66.40383900003144,6440.223383000102,13.0
1778864042,57,,Aggregated,49.700000,0.000000,93,290,560,740,1500,2500,4000,4500,5900,6400,6400,43768,0,93,528.47759197973,66.40383900003144,6440.223383000102,13.0
1778864043,57,,Aggregated,50.600000,0.000000,93,280,560,740,1500,2500,4000,4500,5900,6400,6400,43821,0,93,527.9293073755008,66.40383900003144,6440.223383000102,13.0
1778864044,58,,Aggregated,51.300000,0.000000,92,280,560,740,1500,2500,4000,4500,5900,6400,6400,43876,0,92,527.3623847183159,66.40383900003144,6440.223383000102,13.0
1778864045,58,,Aggregated,51.200000,0.000000,92,280,560,740,1500,2500,4000,4500,5900,6400,6400,43931,0,92,526.796033051372,66.40383900003144,6440.223383000102,13.0
1778864046,59,,Aggregated,51.800000,0.000000,92,280,550,740,1500,2500,4000,4500,5900,6400,6400,43982,0,92,526.2750955676147,66.40383900003144,6440.223383000102,13.0
1778864047,59,,Aggregated,51.800000,0.000000,92,280,550,730,1500,2500,4000,4500,5900,6400,6400,44040,0,92,525.6811070690017,66.40383900003144,6440.223383000102,13.0
1778864048,60,,Aggregated,52.700000,0.000000,91,280,550,730,1500,2500,4000,4500,5900,6400,6400,44099,0,91,525.0825316503058,66.40383900003144,6440.223383000102,13.0
1778864049,60,,Aggregated,53.100000,0.000000,91,280,550,730,1500,2500,4000,4500,5900,6400,6400,44155,0,91,524.5115295546104,66.40383900003144,6440.223383000102,13.0
1778864050,61,,Aggregated,53.600000,0.000000,91,280,550,730,1500,2500,4000,4500,5900,6400,6400,44207,0,91,523.9837997887169,66.40383900003144,6440.223383000102,13.0
1778864051,61,,Aggregated,54.100000,0.000000,91,280,550,730,1500,2500,4000,4500,5900,6400,6400,44266,0,91,523.3857541822119,66.40383900003144,6440.223383000102,13.0
1778864052,62,,Aggregated,54.900000,0.000000,90,280,550,730,1500,2500,4000,4500,5900,6400,6400,44328,0,90,522.7603654867082,66.40383900003144,6440.223383000102,13.0
1778864053,62,,Aggregated,55.300000,0.000000,90,270,550,730,1500,2500,4000,4500,5900,6400,6400,44384,0,90,522.1952568379328,66.40383900003144,6440.223383000102,13.0
1778864054,63,,Aggregated,55.400000,0.000000,90,270,550,730,1500,2500,4000,4500,5900,6400,6400,44437,0,90,521.6644573833698,66.40383900003144,6440.223383000102,13.0
1778864055,64,,Aggregated,55.400000,0.000000,90,270,550,730,1500,2500,4000,4500,5900,6400,6400,44498,0,90,521.0536966329455,66.40383900003144,6440.223383000102,13.0
1778864056,64,,Aggregated,56.000000,0.000000,89,270,540,720,1500,2500,3900,4500,5900,6400,6400,44560,0,89,520.4340449777112,66.40383900003144,6440.223383000102,13.0
1778864057,65,,Aggregated,57.100000,0.000000,89,270,540,720,1500,2500,3900,4500,5900,6400,6400,44623,0,89,519.8148751789395,66.40383900003144,6440.223383000102,13.0
1778864058,65,,Aggregated,57.500000,0.000000,89,270,540,720,1500,2500,3900,4500,5900,6400,6400,44684,0,89,519.2112488860398,66.40383900003144,6440.223383000102,13.0
1778864059,66,,Aggregated,58.000000,0.000000,89,270,540,720,1500,2500,3900,4500,5900,6400,6400,44746,0,89,518.5979515756669,66.40383900003144,6440.223383000102,13.0
1778864060,67,,Aggregated,58.400000,0.000000,89,270,540,720,1500,2500,3900,4400,5900,6400,6400,44807,0,89,517.9939391115853,66.40383900003144,6440.223383000102,13.0
1778864061,67,,Aggregated,58.800000,0.000000,89,270,540,720,1500,2500,3900,4400,5900,6400,6400,44869,0,89,517.3818008911454,66.40383900003144,6440.223383000102,13.0
1778864062,68,,Aggregated,59.600000,0.000000,88,260,540,720,1500,2500,3900,4400,5900,6400,6400,44935,0,88,516.7398577457836,66.40383900003144,6440.223383000102,13.0
1778864063,69,,Aggregated,60.200000,0.000000,88,260,530,710,1500,2500,3900,4400,5900,6400,6400,44997,0,88,516.1309809113004,66.40383900003144,6440.223383000102,13.0
1778864064,69,,Aggregated,60.600000,0.000000,88,260,530,710,1500,2500,3900,4400,5900,6400,6400,45061,0,88,515.5077437263218,66.40383900003144,6440.223383000102,13.0
1778864065,70,,Aggregated,61.500000,0.000000,88,260,530,710,1500,2500,3900,4400,5900,6400,6400,45126,0,88,514.8723972747814,66.40383900003144,6440.223383000102,13.0
1778864066,71,,Aggregated,61.900000,0.000000,88,260,530,710,1500,2500,3900,4400,5900,6400,6400,45194,0,88,514.2102110285388,66.40383900003144,6440.223383000102,13.0
1778864067,72,,Aggregated,62.000000,0.000000,87,260,530,710,1500,2500,3900,4400,5900,6400,6400,45259,0,87,513.58886347674,66.40383900003144,6440.223383000102,13.0
1778864068,72,,Aggregated,62.600000,0.000000,87,260,530,710,1500,2500,3900,4400,5900,6400,6400,45325,0,87,512.9494109930674,66.40383900003144,6440.223383000102,13.0
1778864069,73,,Aggregated,63.100000,0.000000,87,260,530,710,1500,2500,3900,4400,5900,6400,6400,45394,0,87,512.2837266641358,66.40383900003144,6440.223383000102,13.0
1778864070,74,,Aggregated,63.800000,0.000000,87,260,520,700,1500,2500,3900,4400,5900,6400,6400,45464,0,87,511.61173535605724,66.40383900003144,6440.223383000102,13.0
1778864071,75,,Aggregated,65.100000,0.000000,87,250,520,700,1500,2500,3900,4400,5900,6400,6400,45536,0,87,510.9233881525558,66.40383900003144,6440.223383000102,13.0
1778864072,75,,Aggregated,65.800000,0.000000,87,250,520,700,1500,2500,3900,4400,5900,6400,6400,45609,0,87,510.2316704529319,66.40383900003144,6440.223383000102,13.0
1778864073,76,,Aggregated,66.200000,0.000000,86,250,520,700,1500,2500,3900,4400,5900,6400,6400,45680,0,86,509.5557884934059,66.40383900003144,6440.223383000102,13.0
1778864074,77,,Aggregated,67.300000,0.000000,86,250,520,700,1500,2500,3900,4400,5900,6400,6400,45748,0,86,508.9101568419556,66.40383900003144,6440.223383000102,13.0
1778864075,78,,Aggregated,68.100000,0.000000,86,250,520,700,1500,2500,3900,4400,5900,6400,6400,45823,0,86,508.2131388575122,66.40383900003144,6440.223383000102,13.0
1778864076,78,,Aggregated,68.700000,0.000000,86,250,510,700,1500,2500,3900,4400,5900,6400,6400,45896,0,86,507.52520939475727,66.40383900003144,6440.223383000102,13.0
1778864077,79,,Aggregated,69.400000,0.000000,86,250,510,700,1500,2500,3900,4400,5900,6400,6400,45967,0,86,506.86667459757615,66.40383900003144,6440.223383000102,13.0
1778864078,80,,Aggregated,70.300000,0.000000,86,250,510,690,1500,2500,3900,4400,5900,6400,6400,46045,0,86,506.1358794576565,66.40383900003144,6440.223383000102,13.0
1778864079,81,,Aggregated,70.700000,0.000000,86,240,510,690,1500,2500,3900,4400,5900,6400,6400,46118,0,86,505.45830438379363,66.40383900003144,6440.223383000102,13.0
1778864080,82,,Aggregated,71.500000,0.000000,85,240,510,690,1500,2500,3900,4400,5900,6400,6400,46196,0,85,504.7392825090223,66.40383900003144,6440.223383000102,13.0
1778864081,82,,Aggregated,71.700000,0.000000,85,240,510,690,1500,2400,3900,4400,5900,6400,6400,46267,0,85,504.0804750551971,66.40383900003144,6440.223383000102,13.0
1778864082,83,,Aggregated,72.100000,0.000000,85,240,510,690,1500,2400,3900,4400,5900,6400,6400,46345,0,85,503.3648767103639,66.40383900003144,6440.223383000102,13.0
1778864083,84,,Aggregated,73.000000,0.000000,85,240,500,690,1500,2400,3900,4400,5900,6400,6400,46426,0,85,502.61971102017867,66.40383900003144,6440.223383000102,13.0
1778864084,85,,Aggregated,73.800000,0.000000,85,240,500,680,1500,2400,3900,4400,5900,6400,6400,46506,0,85,501.88686781247185,66.40383900003144,6440.223383000102,13.0
1778864085,86,,Aggregated,75.000000,0.000000,85,240,500,680,1500,2400,3900,4400,5900,6400,6400,46590,0,85,501.1186207913462,66.40383900003144,6440.223383000102,13.0
1778864086,87,,Aggregated,75.600000,0.000000,84,230,500,680,1500,2400,3900,4400,5900,6400,6400,46672,0,84,500.37089603288535,66.40383900003144,6440.223383000102,13.0
1778864087,88,,Aggregated,76.400000,0.000000,84,230,500,680,1500,2400,3900,4400,5900,6400,6400,46751,0,84,499.6582231968477,66.40383900003144,6440.223383000102,13.0
1778864088,88,,Aggregated,77.000000,0.000000,84,230,500,680,1500,2400,3900,4400,5900,6400,6400,46836,0,84,498.89485853729667,66.40383900003144,6440.223383000102,13.0
1778864089,89,,Aggregated,78.200000,0.000000,84,230,490,680,1500,2400,3900,4400,5900,6400,6400,46919,0,84,498.1514778254616,66.40383900003144,6440.223383000102,13.0
1778864090,90,,Aggregated,78.700000,0.000000,84,230,490,680,1500,2400,3900,4400,5900,6400,6400,47002,0,84,497.4074323927882,66.40383900003144,6440.223383000102,13.0
1778864091,91,,Aggregated,79.700000,0.000000,84,230,490,680,1500,2400,3900,4400,5900,6400,6400,47083,0,84,496.6832980028427,66.40383900003144,6440.223383000102,13.0
1778864092,92,,Aggregated,80.700000,0.000000,84,230,490,670,1400,2400,3900,4400,5900,6400,6400,47175,0,84,495.86518543950933,66.40383900003144,6440.223383000102,13.0
1778864093,93,,Aggregated,80.900000,0.000000,84,230,490,670,1400,2400,3900,4400,5900,6400,6400,47260,0,84,495.1157423478175,66.40383900003144,6440.223383000102,13.0
1778864094,94,,Aggregated,81.400000,0.000000,83,230,490,670,1400,2400,3900,4400,5900,6400,6400,47342,0,83,494.39187493971224,66.40383900003144,6440.223383000102,13.0
1778864095,94,,Aggregated,82.000000,0.000000,83,220,480,670,1400,2400,3900,4400,5900,6400,6400,47429,0,83,493.6287390217558,66.40383900003144,6440.223383000102,13.0
1778864096,95,,Aggregated,83.100000,0.000000,83,220,480,670,1400,2400,3900,4400,5900,6400,6400,47521,0,83,492.8244709556373,66.40383900003144,6440.223383000102,13.0
1778864097,96,,Aggregated,84.200000,0.000000,83,220,480,670,1400,2400,3900,4400,5900,6400,6400,47612,0,83,492.042687070567,66.40383900003144,6440.223383000102,13.0
1778864098,97,,Aggregated,85.100000,0.000000,83,220,480,670,1400,2400,3900,4400,5900,6400,6400,47703,0,83,491.25566617411585,66.40383900003144,6440.223383000102,13.0
1778864099,98,,Aggregated,85.400000,0.000000,83,220,480,660,1400,2400,3900,4400,5900,6400,6400,47796,0,83,490.45963337634623,66.40383900003144,6440.223383000102,13.0
1778864100,99,,Aggregated,86.500000,0.000000,83,220,470,660,1400,2400,3900,4400,5900,6400,6400,47887,0,83,489.68468972019224,66.40383900003144,6440.223383000102,13.0
1778864101,100,,Aggregated,86.900000,0.000000,83,220,470,660,1400,2400,3900,4400,5900,6400,6400,47980,0,83,488.88462948242733,66.40383900003144,6440.223383000102,13.0
1778864102,101,,Aggregated,87.500000,0.000000,83,220,470,660,1400,2400,3900,4400,5900,6400,6400,48071,0,83,488.1060300448269,66.40383900003144,6440.223383000102,13.0
1778864103,101,,Aggregated,89.100000,0.000000,83,210,470,660,1400,2400,3900,4400,5900,6400,6400,48164,0,83,487.31371113262753,66.40383900003144,6440.223383000102,13.0
1778864104,102,,Aggregated,90.200000,0.000000,83,210,470,650,1400,2400,3900,4400,5900,6400,6400,48263,0,83,486.4746569761074,66.40383900003144,6440.223383000102,13.0
1778864105,103,,Aggregated,90.900000,0.000000,83,210,460,650,1400,2400,3900,4400,5900,6400,6400,48357,0,83,485.68399505876835,66.40383900003144,6440.223383000102,13.0
1778864106,104,,Aggregated,91.100000,0.000000,82,210,460,650,1400,2400,3900,4400,5900,6400,6400,48458,0,82,484.83763123991616,66.40383900003144,6440.223383000102,13.0
1778864107,105,,Aggregated,91.800000,0.000000,82,210,460,650,1400,2400,3900,4400,5900,6400,6400,48553,0,82,484.0487567335249,66.40383900003144,6440.223383000102,13.0
1778864108,106,,Aggregated,92.300000,0.000000,82,210,460,650,1400,2400,3900,4400,5900,6400,6400,48651,0,82,483.23397980028835,66.40383900003144,6440.223383000102,13.0
1778864109,107,,Aggregated,93.600000,0.000000,82,210,460,650,1400,2400,3900,4400,5900,6400,6400,48748,0,82,482.4293038364205,66.40383900003144,6440.223383000102,13.0
1778864110,107,,Aggregated,94.500000,0.000000,82,210,450,650,1400,2400,3900,4400,5900,6400,6400,48851,0,82,481.57429300329244,66.40383900003144,6440.223383000102,13.0
1778864111,108,,Aggregated,95.700000,0.000000,82,210,450,640,1400,2400,3900,4400,5900,6400,6400,48952,0,82,480.7431170363181,66.40383900003144,6440.223383000102,13.0
1778864112,109,,Aggregated,96.300000,0.000000,82,200,450,640,1400,2400,3800,4400,5900,6400,6400,49056,0,82,479.8899025339172,66.40383900003144,6440.223383000102,13.0
1778864113,110,,Aggregated,96.700000,0.000000,82,200,450,640,1400,2400,3800,4400,5900,6400,6400,49155,0,82,479.08336866338817,66.40383900003144,6440.223383000102,13.0
1778864114,111,,Aggregated,97.600000,0.000000,82,200,450,640,1400,2400,3800,4400,5900,6400,6400,49261,0,82,478.22485222479946,66.40383900003144,6440.223383000102,13.0
1778864115,112,,Aggregated,98.400000,0.000000,82,200,440,640,1400,2400,3800,4400,5900,6400,6400,49364,0,82,477.3901101079499,66.40383900003144,6440.223383000102,13.0
1778864116,113,,Aggregated,99.200000,0.000000,82,200,440,640,1400,2400,3800,4400,5900,6400,6400,49469,0,82,476.56064101210524,66.40383900003144,6440.223383000102,13.0
1778864117,113,,Aggregated,99.800000,0.000000,82,200,440,630,1400,2400,3800,4400,5900,6400,6400,49572,0,82,475.7445236660782,66.40383900003144,6440.223383000102,13.0
1778864118,114,,Aggregated,101.200000,0.000000,82,200,440,630,1400,2400,3800,4400,5900,6400,6400,49678,0,82,474.9092698065712,66.40383900003144,6440.223383000102,13.0
1778864119,115,,Aggregated,101.500000,0.000000,82,190,440,630,1400,2400,3800,4400,5900,6400,6400,49776,0,82,474.16444626414017,66.40383900003144,6440.223383000102,13.0
1778864120,116,,Aggregated,101.900000,0.000000,82,190,440,630,1400,2300,3800,4400,5900,6400,6400,49882,0,82,473.43030374748093,66.40383900003144,6440.223383000102,13.0
1778864121,117,,Aggregated,102.600000,0.000000,82,190,440,630,1400,2300,3800,4400,5900,6400,6400,49990,0,82,472.6992286179005,66.40383900003144,6440.223383000102,13.0
1778864122,118,,Aggregated,103.500000,0.000000,82,190,430,630,1400,2300,3800,4400,5900,6300,6400,50094,0,82,472.0209242061889,66.40383900003144,6440.223383000102,13.0
1778864123,118,,Aggregated,103.700000,0.000000,82,190,430,630,1400,2300,3800,4400,5900,6300,6400,50195,0,82,471.253920734074,66.40383900003144,6440.223383000102,13.0
1778864124,119,,Aggregated,102.800000,0.000000,82,190,430,620,1400,2300,3800,4400,5900,6300,6400,50297,0,82,470.6704413637363,66.40383900003144,6440.223383000102,13.0
1778864125,120,,Aggregated,103.500000,0.000000,82,190,430,620,1400,2300,3800,4400,5900,6300,6400,50371,0,82,470.3995533513499,66.40383900003144,6440.223383000102,13.0
1778864126,121,,Aggregated,104.300000,0.000000,82,190,430,620,1400,2300,3800,4400,5900,6300,6400,50421,0,82,470.5630681989618,66.40383900003144,6440.223383000102,13.0
1778864127,122,,Aggregated,102.000000,0.000000,82,190,430,630,1400,2300,3800,4400,5900,6300,6400,50460,0,82,471.0442748225693,66.40383900003144,6440.223383000102,13.0
1778864128,122,,Aggregated,96.600000,0.000000,82,200,430,630,1400,2300,3800,4400,5900,6300,6400,50498,0,82,471.78887229989004,66.40383900003144,6440.223383000102,13.0
1778864129,123,,Aggregated,90.500000,0.000000,82,200,440,630,1400,2300,3800,4400,5900,6300,6400,50524,0,82,472.3558348301174,66.40383900003144,6440.223383000102,13.0
1778864130,124,,Aggregated,84.000000,0.000000,82,200,440,630,1400,2400,3800,4400,5900,6300,6400,50566,0,82,474.0200402439357,66.40383900003144,6440.223383000102,13.0
1778864131,125,,Aggregated,76.300000,0.000000,82,200,440,630,1400,2400,3800,4400,5900,6300,6400,50605,0,82,475.5239700321878,66.40383900003144,6440.223383000102,13.0
1778864132,125,,Aggregated,69.100000,0.000000,82,200,440,630,1400,2400,3800,4400,5900,6300,6400,50649,0,82,477.2569436237608,66.40383900003144,6440.223383000102,13.0
1778864133,126,,Aggregated,62.800000,0.000000,82,200,440,630,1400,2400,3800,4400,5900,6300,6400,50675,0,82,477.91504099666236,66.40383900003144,6440.223383000102,13.0
1778864134,127,,Aggregated,57.800000,0.000000,82,200,440,640,1400,2400,3800,4400,5900,6300,6400,50704,0,82,478.89043445341326,66.40383900003144,6440.223383000102,13.0
1778864135,128,,Aggregated,50.400000,0.000000,82,200,440,640,1400,2400,3800,4400,5900,6300,6400,50729,0,82,479.8344759600006,66.40383900003144,6440.223383000102,13.0
1778864136,128,,Aggregated,42.100000,0.000000,82,200,450,640,1400,2400,3800,4400,5900,6300,6400,50755,0,82,481.0056026167051,66.40383900003144,6440.223383000102,13.0
1778864137,129,,Aggregated,36.700000,0.000000,82,200,450,640,1400,2400,3900,4400,5900,6300,6400,50805,0,82,484.27516668376876,66.40383900003144,6440.223383000102,13.0
1778864138,130,,Aggregated,33.800000,0.000000,82,200,450,640,1400,2400,3900,4400,5900,6300,6400,50859,0,82,486.9983658241585,66.40383900003144,6440.223383000102,13.0
1778864139,130,,Aggregated,33.800000,0.000000,82,200,450,650,1400,2400,3900,4400,5900,6300,6400,50883,0,82,487.5689644654378,66.40383900003144,6440.223383000102,13.0
1778864140,131,,Aggregated,35.200000,0.000000,82,210,450,650,1400,2500,3900,4400,5900,6300,6400,50909,0,82,488.3479489764848,66.40383900003144,6440.223383000102,13.0
1778864141,132,,Aggregated,35.800000,0.000000,82,210,460,650,1400,2500,3900,4400,5900,6300,6400,50937,0,82,489.42340166509337,66.40383900003144,6440.223383000102,13.0
1778864142,132,,Aggregated,35.100000,0.000000,82,210,460,650,1400,2500,3900,4400,5900,6300,6400,50976,0,82,491.3340847844448,66.40383900003144,6440.223383000102,13.0
1778864143,133,,Aggregated,33.900000,0.000000,82,210,460,650,1400,2500,3900,4400,5900,6300,6400,51018,0,82,493.35926742322056,66.40383900003144,6440.223383000102,13.0
1778864144,134,,Aggregated,32.600000,0.000000,82,210,460,660,1500,2500,4000,4400,5900,6300,6400,51080,0,82,496.2280218064779,66.40383900003144,6440.223383000102,13.0
1778864145,134,,Aggregated,33.400000,0.000000,82,210,470,660,1500,2500,3900,4400,5900,6300,6400,51165,0,82,497.69686632369536,66.40383900003144,6440.223383000102,13.0
1778864146,135,,Aggregated,36.300000,0.000000,83,210,470,660,1500,2500,3900,4400,5900,6300,6400,51279,0,83,497.6033870093195,66.40383900003144,6440.223383000102,13.0
1778864147,136,,Aggregated,41.600000,0.000000,83,210,470,660,1500,2500,3900,4400,5900,6300,6400,51407,0,83,496.69340450726344,66.40383900003144,6440.223383000102,13.0
1778864148,136,,Aggregated,48.900000,0.000000,83,210,470,660,1500,2500,3900,4400,5900,6300,6400,51509,0,83,496.0387619690133,66.40383900003144,6440.223383000102,13.0
1778864149,137,,Aggregated,57.300000,0.000000,83,210,460,660,1400,2500,3900,4400,5900,6300,6400,51630,0,83,495.42443031456315,66.40383900003144,6440.223383000102,13.0
1778864150,137,,Aggregated,63.200000,0.000000,83,210,460,660,1400,2500,3900,4400,5900,6300,6400,51731,0,83,494.8902500442656,66.40383900003144,6440.223383000102,13.0
1778864151,138,,Aggregated,70.800000,0.000000,83,210,460,650,1400,2500,3900,4400,5900,6300,6400,51840,0,83,494.49858948560785,66.40383900003144,6440.223383000102,13.0
1778864152,139,,Aggregated,78.900000,0.000000,83,220,460,650,1400,2500,3900,4400,5900,6300,6400,51947,0,83,494.1069206204384,66.40383900003144,6440.223383000102,13.0
1778864153,139,,Aggregated,86.900000,0.000000,83,220,460,650,1400,2500,3900,4400,5800,6300,6400,52061,0,83,493.62916092351105,66.40383900003144,6440.223383000102,13.0
1778864154,140,,Aggregated,94.600000,0.000000,83,220,460,650,1400,2500,3900,4400,5800,6300,6400,52189,0,83,492.7822670795553,66.40383900003144,6440.223383000102,13.0
1778864155,140,,Aggregated,101.200000,0.000000,84,220,460,650,1400,2500,3900,4400,5800,6300,6400,52304,0,84,492.0528463786116,66.40383900003144,6440.223383000102,13.0
1778864156,141,,Aggregated,108.500000,0.000000,84,210,450,650,1400,2500,3900,4400,5800,6300,6400,52431,0,84,491.25750249403785,66.40383900003144,6440.223383000102,13.0
1778864157,141,,Aggregated,111.900000,0.000000,83,210,450,640,1400,2500,3900,4400,5800,6300,6400,52565,0,83,490.23495598999125,66.40383900003144,6440.223383000102,13.0
1778864158,142,,Aggregated,115.100000,0.000000,83,210,450,640,1400,2500,3900,4400,5800,6300,6400,52694,0,83,489.2314231802841,66.40383900003144,6440.223383000102,13.0
1778864159,142,,Aggregated,115.400000,0.000000,83,210,450,640,1400,2500,3900,4400,5800,6300,6400,52828,0,83,488.2184414784561,66.40383900003144,6440.223383000102,13.0
1778864160,143,,Aggregated,117.300000,0.000000,83,210,440,640,1400,2500,3900,4400,5800,6300,6400,52958,0,83,487.2483358924979,66.40383900003144,6440.223383000102,13.0
1778864161,143,,Aggregated,118.400000,0.000000,83,210,440,640,1400,2500,3900,4400,5800,6300,6400,53091,0,83,486.24089386809203,66.40383900003144,6440.223383000102,13.0
1778864162,143,,Aggregated,121.200000,0.000000,83,210,440,640,1400,2500,3900,4400,5800,6300,6400,53222,0,83,485.24671243440434,66.40383900003144,6440.223383000102,13.0
1778864163,144,,Aggregated,123.800000,0.000000,83,210,440,630,1400,2500,3900,4400,5800,6300,6400,53354,0,83,484.2434534577329,66.40383900003144,6440.223383000102,13.0
1778864164,144,,Aggregated,126.300000,0.000000,83,210,440,630,1400,2500,3900,4400,5800,6300,6400,53487,0,83,483.2377489895468,66.40383900003144,6440.223383000102,13.0
1778864165,145,,Aggregated,128.500000,0.000000,83,200,430,630,1400,2400,3900,4400,5800,6300,6400,53626,0,83,482.20183549253915,66.40383900003144,6440.223383000102,13.0
1778864166,145,,Aggregated,129.400000,0.000000,83,200,430,630,1400,2400,3900,4400,5800,6300,6400,53759,0,83,481.22079066911357,66.40383900003144,6440.223383000102,13.0
1778864167,145,,Aggregated,131.400000,0.000000,83,200,430,630,1400,2400,3900,4400,5800,6300,6400,53892,0,83,480.2366379723313,66.40383900003144,6440.223383000102,13.0
1778864168,146,,Aggregated,132.000000,0.000000,83,200,430,620,1400,2400,3900,4400,5800,6300,6400,54029,0,83,479.2587309786207,66.40383900003144,6440.223383000102,13.0
1778864169,146,,Aggregated,132.400000,0.000000,83,200,420,620,1400,2400,3900,4400,5800,6300,6400,54164,0,83,478.29040093816735,66.40383900003144,6440.223383000102,13.0
1778864170,146,,Aggregated,132.100000,0.000000,83,200,420,620,1400,2400,3900,4400,5800,6300,6400,54299,0,83,477.31352768268124,66.40383900003144,6440.223383000102,13.0
1778864171,147,,Aggregated,132.900000,0.000000,83,200,420,620,1400,2400,3900,4400,5800,6300,6400,54431,0,83,476.37490590791856,66.40383900003144,6440.223383000102,13.0
1778864172,147,,Aggregated,132.800000,0.000000,83,190,420,620,1400,2400,3900,4400,5800,6300,6400,54566,0,83,475.4121551926644,66.40383900003144,6440.223383000102,13.0
1778864173,147,,Aggregated,133.300000,0.000000,83,190,420,620,1400,2400,3900,4400,5800,6300,6400,54698,0,83,474.46714865313027,66.40383900003144,6440.223383000102,13.0
1778864174,147,,Aggregated,133.100000,0.000000,83,190,410,610,1400,2400,3900,4400,5800,6300,6400,54833,0,83,473.50869144589785,66.40383900003144,6440.223383000102,13.0
1778864175,148,,Aggregated,133.900000,0.000000,83,190,410,610,1400,2400,3900,4400,5800,6300,6400,54977,0,83,472.48509142186595,66.40383900003144,6440.223383000102,13.0
1778864176,148,,Aggregated,134.000000,0.000000,83,190,410,610,1400,2400,3900,4400,5800,6300,6400,55107,0,83,471.56709565583145,66.40383900003144,6440.223383000102,13.0
1778864177,148,,Aggregated,134.500000,0.000000,83,190,410,610,1400,2400,3900,4400,5800,6300,6400,55247,0,83,470.62828783598934,66.40383900003144,6440.223383000102,13.0
1778864178,148,,Aggregated,134.800000,0.000000,82,190,400,610,1300,2400,3900,4400,5800,6300,6400,55382,0,82,469.6917924635062,66.40383900003144,6440.223383000102,13.0
1778864179,148,,Aggregated,134.700000,0.000000,82,190,400,600,1300,2400,3900,4400,5800,6300,6400,55522,0,82,468.72985062609246,66.40383900003144,6440.223383000102,13.0
1778864180,149,,Aggregated,135.200000,0.000000,83,180,400,600,1300,2400,3900,4400,5800,6300,6400,55660,0,83,467.7950210003219,66.40383900003144,6440.223383000102,13.0
1778864181,149,,Aggregated,135.500000,0.000000,83,180,400,600,1300,2400,3900,4400,5800,6300,6400,55796,0,83,466.8687772607524,66.40383900003144,6440.223383000102,13.0
1778864182,149,,Aggregated,135.400000,0.000000,83,180,400,600,1300,2400,3900,4400,5800,6300,6400,55929,0,83,465.9543408908608,66.40383900003144,6440.223383000102,13.0
1778864183,149,,Aggregated,136.100000,0.000000,83,180,390,600,1300,2400,3900,4400,5800,6300,6400,56063,0,83,465.05284528228873,66.40383900003144,6440.223383000102,13.0
1778864184,149,,Aggregated,136.600000,0.000000,83,180,390,590,1300,2400,3900,4400,5800,6300,6400,56202,0,83,464.12499227322763,66.40383900003144,6440.223383000102,13.0
1778864185,149,,Aggregated,136.200000,0.000000,82,180,390,590,1300,2400,3800,4400,5800,6300,6400,56343,0,82,463.16939371284695,66.40383900003144,6440.223383000102,13.0
1778864186,149,,Aggregated,136.300000,0.000000,82,180,390,590,1300,2400,3800,4400,5800,6300,6400,56479,0,82,462.27778312367326,66.40383900003144,6440.223383000102,13.0
1778864187,149,,Aggregated,135.900000,0.000000,82,180,380,590,1300,2400,3800,4400,5800,6300,6400,56624,0,82,461.31065998700143,66.40383900003144,6440.223383000102,13.0
1778864188,149,,Aggregated,135.800000,0.000000,82,180,380,590,1300,2400,3800,4400,5800,6300,6400,56761,0,82,460.3926732091571,66.40383900003144,6440.223383000102,13.0
1778864189,149,,Aggregated,136.400000,0.000000,82,170,380,590,1300,2400,3800,4400,5800,6300,6400,56893,0,82,459.5253315498913,66.40383900003144,6440.223383000102,13.0
1778864190,149,,Aggregated,136.600000,0.000000,82,170,380,580,1300,2400,3800,4400,5800,6300,6400,57025,0,82,458.7224582245675,66.40383900003144,6440.223383000102,13.0
1778864191,149,,Aggregated,137.000000,0.000000,82,170,380,580,1300,2400,3800,4400,5800,6300,6400,57154,0,82,457.9560401977634,66.40383900003144,6440.223383000102,13.0
1778864192,149,,Aggregated,137.000000,0.000000,82,170,370,580,1300,2300,3800,4400,5800,6300,6400,57257,0,82,457.5794075331569,66.40383900003144,6440.223383000102,13.0
1778864193,149,,Aggregated,136.000000,0.000000,83,180,380,580,1300,2300,3800,4400,5800,6300,6400,57363,0,83,457.4902096250017,66.40383900003144,6440.223383000102,13.0
1778864194,149,,Aggregated,133.800000,0.000000,83,180,380,580,1300,2300,3800,4400,5800,6300,6400,57453,0,83,457.5644968995174,66.40383900003144,6440.223383000102,13.0
1778864195,149,,Aggregated,130.900000,0.000000,83,180,380,580,1300,2300,3800,4400,5800,6300,6400,57546,0,83,457.8299262360195,66.40383900003144,6440.223383000102,13.0
1778864196,149,,Aggregated,126.700000,0.000000,83,180,390,590,1300,2300,3800,4400,5800,6300,6400,57638,0,83,458.0847412038234,66.40383900003144,6440.223383000102,13.0
1778864197,149,,Aggregated,122.300000,0.000000,83,180,390,590,1300,2300,3800,4400,5800,6300,6400,57707,0,83,458.3694763518806,66.40383900003144,6440.223383000102,13.0
1778864198,149,,Aggregated,117.700000,0.000000,83,180,400,590,1300,2300,3800,4400,5800,6300,6400,57793,0,83,459.0486771318149,66.40383900003144,6440.223383000102,13.0
1778864199,149,,Aggregated,112.300000,0.000000,83,180,400,600,1300,2300,3800,4400,5800,6300,6400,57886,0,83,459.5627961256775,66.40383900003144,6440.223383000102,13.0
1778864200,149,,Aggregated,106.100000,0.000000,83,180,400,600,1300,2300,3800,4400,5800,6300,6400,57979,0,83,459.8244467590156,66.40383900003144,6440.223383000102,13.0
1778864201,149,,Aggregated,101.300000,0.000000,83,190,410,600,1300,2300,3800,4400,5800,6300,6400,58072,0,83,460.08983227400427,66.40383900003144,6440.223383000102,13.0
1778864202,148,,Aggregated,97.100000,0.000000,83,190,410,610,1300,2300,3800,4400,5800,6300,6400,58163,0,83,460.32870685258627,66.40383900003144,6440.223383000102,13.0
1778864203,148,,Aggregated,92.900000,0.000000,83,190,410,610,1300,2300,3800,4400,5800,6300,6400,58257,0,83,460.5327809354409,66.40383900003144,6440.223383000102,13.0
1778864204,148,,Aggregated,90.800000,0.000000,83,190,420,610,1300,2300,3800,4400,5800,6300,6400,58328,0,83,460.7769464003048,66.40383900003144,6440.223383000102,13.0
1778864205,148,,Aggregated,89.400000,0.000000,83,190,420,610,1300,2300,3800,4400,5800,6300,6400,58405,0,83,461.3828437457577,66.40383900003144,6440.223383000102,13.0
1778864206,148,,Aggregated,88.500000,0.000000,83,190,420,620,1300,2300,3800,4400,5800,6300,6400,58470,0,83,462.00429375903855,66.40383900003144,6440.223383000102,13.0
1778864207,147,,Aggregated,86.500000,0.000000,83,190,420,620,1300,2300,3800,4400,5800,6300,6400,58528,0,83,462.65647742015744,66.40383900003144,6440.223383000102,13.0
1778864208,147,,Aggregated,84.500000,0.000000,83,200,430,620,1300,2300,3800,4400,5800,6300,6400,58596,0,83,463.7433766498049,66.40383900003144,6440.223383000102,13.0
1778864209,147,,Aggregated,82.500000,0.000000,84,200,430,620,1300,2300,3800,4400,5800,6300,6400,58671,0,84,464.7915472014445,66.40383900003144,6440.223383000102,13.0
1778864210,147,,Aggregated,80.900000,0.000000,84,200,430,620,1300,2300,3800,4400,5800,6300,6400,58730,0,84,465.30170765286795,66.40383900003144,6440.223383000102,13.0
1778864211,146,,Aggregated,79.400000,0.000000,84,200,430,630,1300,2300,3800,4400,5800,6300,6400,58765,0,84,465.6959979844113,66.40383900003144,6440.223383000102,13.0
1778864212,146,,Aggregated,77.300000,0.000000,84,200,430,630,1300,2300,3800,4400,5800,6300,6400,58799,0,84,466.46172246260863,66.40383900003144,6440.223383000102,13.0
1778864213,146,,Aggregated,72.700000,0.000000,84,200,440,630,1300,2300,3800,4300,5800,6300,6400,58851,0,84,468.2465846367426,66.40383900003144,6440.223383000102,13.0
1778864214,145,,Aggregated,66.200000,0.000000,84,200,440,630,1300,2400,3800,4300,5800,6300,6400,58899,0,84,469.77552470866976,66.40383900003144,6440.223383000102,13.0
1778864215,145,,Aggregated,61.000000,0.000000,84,200,440,630,1300,2400,3800,4300,5800,6300,6400,58929,0,84,470.5986494429897,66.40383900003144,6440.223383000102,13.0
1778864216,145,,Aggregated,58.400000,0.000000,84,200,440,630,1300,2400,3800,4300,5800,6300,6400,58959,0,84,471.6346101660804,66.40383900003144,6440.223383000102,13.0
1778864217,144,,Aggregated,55.300000,0.000000,84,200,440,640,1300,2400,3800,4300,5700,6300,6400,59015,0,84,473.9923750978556,66.40383900003144,6440.223383000102,13.0
1778864218,144,,Aggregated,50.500000,0.000000,84,200,450,640,1300,2400,3800,4300,5700,6300,6400,59085,0,84,476.3659159427934,66.40383900003144,6440.223383000102,13.0
1778864219,143,,Aggregated,48.000000,0.000000,84,210,450,640,1400,2400,3800,4300,5700,6300,6400,59147,0,84,477.15492647206037,66.40383900003144,6440.223383000102,13.0
1778864220,143,,Aggregated,48.500000,0.000000,84,210,450,640,1400,2400,3800,4300,5700,6300,6400,59190,0,84,477.67930399373137,66.40383900003144,6440.223383000102,13.0
1778864221,143,,Aggregated,48.700000,0.000000,84,210,450,640,1400,2400,3800,4300,5700,6300,6400,59238,0,84,478.6530713403552,66.40383900003144,6440.223383000102,13.0
1778864222,142,,Aggregated,46.800000,0.000000,84,210,450,650,1400,2400,3800,4300,5700,6300,6400,59296,0,84,480.06090516233763,66.40383900003144,6440.223383000102,13.0
1778864223,142,,Aggregated,45.900000,0.000000,84,210,460,650,1400,2400,3800,4300,5700,6300,6400,59372,0,84,481.621570462962,66.40383900003144,6440.223383000102,13.0
1778864224,141,,Aggregated,48.100000,0.000000,84,210,460,650,1400,2400,3800,4300,5700,6300,6400,59472,0,84,482.16373257194965,66.40383900003144,6440.223383000102,13.0
1778864225,141,,Aggregated,50.600000,0.000000,84,210,460,650,1400,2400,3800,4300,5700,6300,6400,59605,0,84,481.70031515117836,66.40383900003144,6440.223383000102,13.0
1778864226,140,,Aggregated,53.300000,0.000000,84,210,460,650,1400,2400,3800,4300,5700,6300,6400,59728,0,84,480.9084769196856,66.40383900003144,6440.223383000102,13.0
1778864227,140,,Aggregated,60.500000,0.000000,84,210,460,650,1400,2400,3800,4300,5700,6300,6400,59847,0,84,480.21223462402463,66.40383900003144,6440.223383000102,13.0
1778864228,139,,Aggregated,70.900000,0.000000,84,210,460,650,1400,2400,3800,4300,5700,6300,6400,59962,0,84,479.60839137960664,66.40383900003144,6440.223383000102,13.0
1778864229,139,,Aggregated,79.200000,0.000000,84,210,460,650,1400,2400,3800,4300,5700,6300,6400,60086,0,84,478.95484984255876,66.40383900003144,6440.223383000102,13.0
1778864230,138,,Aggregated,85.100000,0.000000,84,210,450,640,1400,2400,3800,4300,5700,6300,6400,60214,0,84,478.27579671262475,66.40383900003144,6440.223383000102,13.0
1778864231,137,,Aggregated,89.900000,0.000000,84,210,450,640,1400,2400,3800,4300,5700,6300,6400,60340,0,84,477.4737394298802,66.40383900003144,6440.223383000102,13.0
1778864232,137,,Aggregated,96.100000,0.000000,84,210,450,640,1400,2400,3800,4300,5700,6300,6400,60465,0,84,476.6491567095674,66.40383900003144,6440.223383000102,13.0
1778864233,136,,Aggregated,104.800000,0.000000,84,210,450,640,1400,2400,3800,4300,5700,6300,6400,60591,0,84,475.8198741394265,66.40383900003144,6440.223383000102,13.0
1778864234,136,,Aggregated,112.500000,0.000000,84,200,450,640,1400,2400,3800,4300,5700,6300,6400,60716,0,84,475.0067206550496,66.40383900003144,6440.223383000102,13.0
1778864235,135,,Aggregated,118.700000,0.000000,84,200,440,640,1400,2400,3800,4300,5700,6300,6400,60839,0,84,474.21642756919084,66.40383900003144,6440.223383000102,13.0
1778864236,134,,Aggregated,122.800000,0.000000,84,200,440,640,1400,2400,3800,4300,5700,6300,6400,60962,0,84,473.4352729450646,66.40383900003144,6440.223383000102,13.0
1778864237,134,,Aggregated,124.600000,0.000000,84,200,440,630,1300,2400,3800,4300,5700,6300,6400,61087,0,84,472.683023798419,66.40383900003144,6440.223383000102,13.0
1778864238,133,,Aggregated,123.600000,0.000000,84,200,440,630,1300,2400,3800,4300,5700,6300,6400,61200,0,84,472.05228264148735,66.40383900003144,6440.223383000102,13.0
1778864239,133,,Aggregated,123.500000,0.000000,84,200,440,630,1300,2400,3800,4300,5700,6300,6400,61321,0,84,471.3926700338877,66.40383900003144,6440.223383000102,13.0
1778864240,132,,Aggregated,123.000000,0.000000,84,200,440,630,1300,2400,3800,4300,5700,6300,6400,61446,0,84,470.6102639086033,66.40383900003144,6440.223383000102,13.0
1778864241,131,,Aggregated,122.300000,0.000000,84,200,430,630,1300,2400,3800,4300,5700,6300,6400,61564,0,84,469.85976368812993,66.40383900003144,6440.223383000102,13.0
1778864242,131,,Aggregated,123.200000,0.000000,84,200,430,630,1300,2400,3800,4300,5700,6300,6400,61685,0,84,469.0924643406831,66.40383900003144,6440.223383000102,13.0
1778864243,130,,Aggregated,123.000000,0.000000,83,190,430,630,1300,2400,3700,4300,5700,6300,6400,61805,0,83,468.35133202647137,66.40383900003144,6440.223383000102,13.0
1778864244,129,,Aggregated,122.500000,0.000000,83,190,430,630,1300,2300,3700,4300,5700,6300,6400,61924,0,83,467.62935855661885,66.40383900003144,6440.223383000102,13.0
1778864245,128,,Aggregated,121.600000,0.000000,83,190,430,620,1300,2300,3700,4300,5700,6300,6400,62039,0,83,466.9596212042597,66.40383900003144,6440.223383000102,13.0
1778864246,128,,Aggregated,120.600000,0.000000,83,190,430,620,1300,2300,3700,4300,5700,6300,6400,62152,0,83,466.3288932415702,66.40383900003144,6440.223383000102,13.0
1778864247,127,,Aggregated,119.300000,0.000000,83,190,420,620,1300,2300,3700,4300,5700,6300,6400,62273,0,83,465.6401194284691,66.40383900003144,6440.223383000102,13.0
1778864248,126,,Aggregated,119.000000,0.000000,83,190,420,620,1300,2300,3700,4300,5700,6300,6400,62384,0,83,464.9607928445604,66.40383900003144,6440.223383000102,13.0
1778864249,126,,Aggregated,118.500000,0.000000,83,190,420,620,1300,2300,3700,4300,5700,6300,6400,62498,0,83,464.27140522943193,66.40383900003144,6440.223383000102,13.0
1778864250,125,,Aggregated,118.600000,0.000000,83,190,420,620,1300,2300,3700,4300,5700,6300,6400,62611,0,83,463.68526731737296,66.40383900003144,6440.223383000102,13.0
1778864251,124,,Aggregated,118.100000,0.000000,83,190,420,620,1300,2300,3700,4300,5700,6300,6400,62721,0,83,463.0630863906991,66.40383900003144,6440.223383000102,13.0
1778864252,123,,Aggregated,117.000000,0.000000,83,190,420,620,1300,2300,3700,4300,5700,6300,6400,62834,0,83,462.42553157018557,66.40383900003144,6440.223383000102,13.0
1778864253,122,,Aggregated,116.000000,0.000000,83,190,420,610,1300,2300,3700,4300,5700,6300,6400,62949,0,83,461.7270510416374,66.40383900003144,6440.223383000102,13.0
1778864254,122,,Aggregated,114.800000,0.000000,83,190,410,610,1300,2300,3700,4300,5700,6300,6400,63063,0,83,461.0352083171123,66.40383900003144,6440.223383000102,13.0
1778864255,121,,Aggregated,114.600000,0.000000,83,180,410,610,1300,2300,3700,4300,5700,6300,6400,63174,0,83,460.3688980523327,66.40383900003144,6440.223383000102,13.0
1778864256,120,,Aggregated,113.800000,0.000000,83,180,410,610,1300,2300,3700,4300,5700,6300,6400,63281,0,83,459.7357798151587,66.40383900003144,6440.223383000102,13.0
1778864257,119,,Aggregated,113.300000,0.000000,83,180,410,610,1300,2300,3700,4300,5700,6300,6400,63383,0,83,459.21106668513727,66.40383900003144,6440.223383000102,13.0
1778864258,119,,Aggregated,112.900000,0.000000,83,180,410,610,1300,2300,3700,4300,5700,6300,6400,63493,0,83,458.602917030382,66.40383900003144,6440.223383000102,13.0
1778864259,118,,Aggregated,112.200000,0.000000,83,180,410,610,1300,2300,3700,4300,5700,6300,6400,63594,0,83,458.1373095758566,66.40383900003144,6440.223383000102,13.0
1778864260,117,,Aggregated,111.500000,0.000000,83,180,400,610,1300,2300,3700,4300,5700,6300,6400,63694,0,83,457.6425842478102,66.40383900003144,6440.223383000102,13.0
1778864261,116,,Aggregated,109.800000,0.000000,83,180,400,610,1300,2300,3700,4300,5700,6300,6400,63793,0,83,457.2057663582528,66.40383900003144,6440.223383000102,13.0
1778864262,115,,Aggregated,109.300000,0.000000,83,180,400,600,1300,2300,3700,4300,5700,6300,6400,63895,0,83,456.72336919109506,66.40383900003144,6440.223383000102,13.0
1778864263,114,,Aggregated,107.300000,0.000000,83,180,400,600,1300,2300,3700,4300,5700,6300,6400,63999,0,83,456.20479716334637,66.40383900003144,6440.223383000102,13.0
1778864264,114,,Aggregated,106.200000,0.000000,83,180,400,600,1300,2300,3700,4300,5700,6300,6400,64093,0,83,455.70370690144017,66.40383900003144,6440.223383000102,13.0
1778864265,113,,Aggregated,105.000000,0.000000,83,180,400,600,1300,2300,3700,4300,5700,6300,6400,64196,0,83,455.22025978431674,66.40383900003144,6440.223383000102,13.0
1778864266,112,,Aggregated,104.700000,0.000000,83,180,400,600,1300,2300,3700,4300,5700,6300,6400,64286,0,83,454.8603362762031,66.40383900003144,6440.223383000102,13.0
1778864267,111,,Aggregated,102.900000,0.000000,83,180,400,600,1300,2300,3700,4300,5700,6300,6400,64366,0,83,454.62818365753645,66.40383900003144,6440.223383000102,13.0
1778864268,110,,Aggregated,101.400000,0.000000,83,180,400,600,1300,2300,3700,4300,5700,6300,6400,64421,0,83,454.6495261883544,66.40383900003144,6440.223383000102,13.0
1778864269,109,,Aggregated,99.800000,0.000000,83,180,400,600,1300,2300,3700,4300,5700,6300,6400,64452,0,83,454.8448576660769,66.40383900003144,6440.223383000102,13.0
1778864270,108,,Aggregated,96.300000,0.000000,83,180,400,600,1300,2300,3700,4300,5700,6300,6400,64495,0,83,455.5547818697416,66.40383900003144,6440.223383000102,13.0
1778864271,108,,Aggregated,91.900000,0.000000,84,180,400,610,1300,2300,3700,4300,5700,6300,6400,64560,0,84,456.6083877724905,66.40383900003144,6440.223383000102,13.0
1778864272,107,,Aggregated,83.800000,0.000000,84,190,410,610,1300,2300,3700,4300,5700,6300,6400,64621,0,84,456.96007730654094,66.40383900003144,6440.223383000102,13.0
1778864273,106,,Aggregated,79.000000,0.000000,84,190,410,610,1300,2300,3700,4300,5700,6300,6400,64665,0,84,457.21559057408166,66.40383900003144,6440.223383000102,13.0
1778864274,105,,Aggregated,75.600000,0.000000,84,190,410,610,1300,2300,3700,4300,5700,6300,6400,64723,0,84,457.75137854183185,66.40383900003144,6440.223383000102,13.0
1778864275,104,,Aggregated,71.600000,0.000000,84,190,410,610,1300,2300,3700,4300,5700,6300,6400,64804,0,84,457.89771188546996,66.40383900003144,6440.223383000102,13.0
1778864276,103,,Aggregated,64.700000,0.000000,84,190,410,610,1300,2300,3700,4300,5700,6300,6400,64887,0,84,457.77761650248874,66.40383900003144,6440.223383000102,13.0
1778864277,102,,Aggregated,61.900000,0.000000,84,190,410,610,1300,2300,3700,4300,5700,6300,6400,64961,0,84,457.59538905547913,66.40383900003144,6440.223383000102,13.0
1778864278,101,,Aggregated,60.200000,0.000000,84,190,410,610,1300,2300,3700,4300,5600,6300,6400,65049,0,84,457.3113667457603,66.40383900003144,6440.223383000102,13.0
1778864279,101,,Aggregated,59.500000,0.000000,84,190,410,610,1300,2300,3700,4300,5600,6300,6400,65132,0,84,457.0848986286306,66.40383900003144,6440.223383000102,13.0
1778864280,100,,Aggregated,59.500000,0.000000,84,190,410,610,1300,2300,3700,4300,5600,6300,6400,65218,0,84,456.6878980256061,66.40383900003144,6440.223383000102,13.0
1778864281,99,,Aggregated,62.500000,0.000000,84,190,410,610,1300,2300,3700,4300,5600,6300,6400,65309,0,84,456.25582379969046,66.40383900003144,6440.223383000102,13.0
1778864282,98,,Aggregated,69.100000,0.000000,84,190,410,610,1300,2300,3700,4300,5600,6300,6400,65401,0,84,455.7386826939956,66.40383900003144,6440.223383000102,13.0
1778864283,97,,Aggregated,72.800000,0.000000,84,190,410,610,1300,2300,3700,4300,5600,6300,6400,65491,0,84,455.245702399582,66.40383900003144,6440.223383000102,13.0
1778864284,96,,Aggregated,75.500000,0.000000,84,190,400,610,1300,2300,3700,4300,5600,6300,6400,65580,0,84,454.7337344118486,66.40383900003144,6440.223383000102,13.0
1778864285,95,,Aggregated,78.300000,0.000000,84,180,400,600,1300,2200,3700,4300,5600,6300,6400,65666,0,84,454.2435961700123,66.40383900003144,6440.223383000102,13.0
1778864286,94,,Aggregated,83.500000,0.000000,84,180,400,600,1300,2200,3700,4300,5600,6300,6400,65750,0,84,453.7656954723043,66.40383900003144,6440.223383000102,13.0
1778864287,94,,Aggregated,85.900000,0.000000,84,180,400,600,1300,2200,3700,4300,5600,6300,6400,65836,0,84,453.2764516099245,66.40383900003144,6440.223383000102,13.0
1778864288,93,,Aggregated,86.700000,0.000000,84,180,400,600,1300,2200,3700,4300,5600,6300,6400,65919,0,84,452.8109526136469,66.40383900003144,6440.223383000102,13.0
1778864289,92,,Aggregated,86.700000,0.000000,84,180,400,600,1300,2200,3700,4300,5600,6300,6400,66005,0,84,452.37530154394335,66.40383900003144,6440.223383000102,13.0
1778864290,91,,Aggregated,87.600000,0.000000,84,180,400,600,1300,2200,3700,4300,5600,6300,6400,66090,0,84,451.89529941628035,66.40383900003144,6440.223383000102,13.0
1778864291,90,,Aggregated,87.600000,0.000000,83,180,400,600,1300,2200,3700,4300,5600,6300,6400,66176,0,83,451.406323438391,66.40383900003144,6440.223383000102,13.0
1778864292,89,,Aggregated,86.800000,0.000000,83,180,390,600,1300,2200,3700,4300,5600,6300,6400,66263,0,83,450.9205105849866,66.40383900003144,6440.223383000102,13.0
1778864293,88,,Aggregated,86.900000,0.000000,83,180,390,600,1300,2200,3700,4300,5600,6300,6400,66346,0,83,450.4546589466278,66.40383900003144,6440.223383000102,13.0
1778864294,88,,Aggregated,86.000000,0.000000,83,180,390,600,1300,2200,3700,4300,5600,6300,6400,66424,0,83,450.01385815155595,66.40383900003144,6440.223383000102,13.0
1778864295,87,,Aggregated,85.100000,0.000000,83,180,390,600,1300,2200,3700,4300,5600,6300,6400,66506,0,83,449.5545390894498,66.40383900003144,6440.223383000102,13.0
1778864296,86,,Aggregated,84.500000,0.000000,83,180,390,590,1300,2200,3700,4300,5600,6300,6400,66585,0,83,449.1113072862948,66.40383900003144,6440.223383000102,13.0
1778864297,85,,Aggregated,84.200000,0.000000,83,180,390,590,1300,2200,3700,4300,5600,6300,6400,66664,0,83,448.67098092339114,66.40383900003144,6440.223383000102,13.0
1778864298,84,,Aggregated,83.600000,0.000000,83,180,390,590,1300,2200,3700,4300,5600,6300,6400,66740,0,83,448.24811481880323,66.40383900003144,6440.223383000102,13.0
1778864299,83,,Aggregated,82.700000,0.000000,83,180,390,590,1300,2200,3700,4300,5600,6300,6400,66816,0,83,447.82972261543557,66.40383900003144,6440.223383000102,13.0
1778864300,83,,Aggregated,82.300000,0.000000,83,180,380,590,1300,2200,3700,4300,5600,6300,6400,66893,0,83,447.4242383288527,66.40383900003144,6440.223383000102,13.0
1778864301,82,,Aggregated,81.800000,0.000000,83,180,380,590,1300,2200,3700,4300,5600,6300,6400,66967,0,83,447.02219098642536,66.40383900003144,6440.223383000102,13.0
1778864302,81,,Aggregated,80.700000,0.000000,83,180,380,590,1300,2200,3700,4300,5600,6300,6400,67040,0,83,446.6488892258642,66.40383900003144,6440.223383000102,13.0
1778864303,80,,Aggregated,80.000000,0.000000,83,180,380,590,1300,2200,3700,4300,5600,6300,6400,67116,0,83,446.23854993752485,66.40383900003144,6440.223383000102,13.0
1778864304,79,,Aggregated,79.200000,0.000000,83,170,380,590,1300,2200,3600,4300,5600,6300,6400,67191,0,83,445.82472107075233,66.40383900003144,6440.223383000102,13.0
1778864305,79,,Aggregated,78.300000,0.000000,83,170,380,590,1300,2200,3600,4300,5600,6300,6400,67266,0,83,445.41091342923505,66.40383900003144,6440.223383000102,13.0
1778864306,78,,Aggregated,77.200000,0.000000,83,170,380,590,1300,2200,3600,4300,5600,6300,6400,67340,0,83,445.0072815583445,66.40383900003144,6440.223383000102,13.0
1778864307,77,,Aggregated,75.900000,0.000000,83,170,380,590,1300,2200,3600,4300,5600,6300,6400,67409,0,83,444.628934546365,66.40383900003144,6440.223383000102,13.0
1778864308,76,,Aggregated,75.300000,0.000000,83,170,380,590,1300,2200,3600,4300,5600,6300,6400,67478,0,83,444.2580169088728,66.40383900003144,6440.223383000102,13.0
1778864309,75,,Aggregated,74.900000,0.000000,83,170,380,580,1300,2200,3600,4300,5600,6300,6400,67549,0,83,443.8698536734654,66.40383900003144,6440.223383000102,13.0
1778864310,75,,Aggregated,74.000000,0.000000,83,170,380,580,1300,2200,3600,4300,5600,6300,6400,67618,0,83,443.4931811241519,66.40383900003144,6440.223383000102,13.0
1778864311,74,,Aggregated,73.300000,0.000000,83,170,370,580,1300,2200,3600,4300,5600,6300,6400,67686,0,83,443.1252070318812,66.40383900003144,6440.223383000102,13.0
1778864312,73,,Aggregated,72.900000,0.000000,83,170,370,580,1200,2200,3600,4300,5600,6300,6400,67755,0,83,442.75547765381015,66.40383900003144,6440.223383000102,13.0
1778864313,72,,Aggregated,72.200000,0.000000,83,170,370,580,1200,2200,3600,4300,5600,6300,6400,67823,0,83,442.38602603408714,66.40383900003144,6440.223383000102,13.0
1778864314,72,,Aggregated,71.500000,0.000000,83,170,370,580,1200,2200,3600,4300,5600,6300,6400,67888,0,83,442.0332283266981,66.40383900003144,6440.223383000102,13.0
1778864315,71,,Aggregated,70.800000,0.000000,83,170,370,580,1200,2200,3600,4300,5600,6300,6400,67953,0,83,441.6811487219826,66.40383900003144,6440.223383000102,13.0
1778864316,70,,Aggregated,70.300000,0.000000,82,170,370,580,1200,2200,3600,4300,5600,6300,6400,68017,0,82,441.3368919058895,66.40383900003144,6440.223383000102,13.0
1778864317,70,,Aggregated,69.900000,0.000000,82,170,370,580,1200,2200,3600,4300,5600,6300,6400,68085,0,82,440.9718096527852,66.40383900003144,6440.223383000102,13.0
1778864318,69,,Aggregated,68.600000,0.000000,82,170,370,580,1200,2200,3600,4300,5600,6300,6400,68151,0,82,440.6181119084368,66.40383900003144,6440.223383000102,13.0
1778864319,68,,Aggregated,67.800000,0.000000,82,170,370,580,1200,2200,3600,4300,5600,6300,6400,68215,0,82,440.2743173632616,66.40383900003144,6440.223383000102,13.0
1778864320,67,,Aggregated,67.200000,0.000000,82,170,370,580,1200,2200,3600,4300,5600,6300,6400,68278,0,82,439.9367801954933,66.40383900003144,6440.223383000102,13.0
1778864321,67,,Aggregated,66.700000,0.000000,82,170,370,580,1200,2200,3600,4300,5600,6300,6400,68338,0,82,439.6157820673255,66.40383900003144,6440.223383000102,13.0
1778864322,66,,Aggregated,66.300000,0.000000,82,170,370,580,1200,2200,3600,4200,5600,6300,6400,68402,0,82,439.2773278206029,66.40383900003144,6440.223383000102,13.0
1778864323,65,,Aggregated,65.600000,0.000000,82,170,370,580,1200,2200,3600,4200,5600,6300,6400,68460,0,82,438.9705817460839,66.40383900003144,6440.223383000102,13.0
1778864324,65,,Aggregated,65.000000,0.000000,82,170,370,570,1200,2200,3600,4200,5600,6300,6400,68519,0,82,438.6685330050923,66.40383900003144,6440.223383000102,13.0
1778864325,64,,Aggregated,64.300000,0.000000,82,170,360,570,1200,2200,3600,4200,5600,6300,6400,68580,0,82,438.351290361037,66.40383900003144,6440.223383000102,13.0
1778864326,64,,Aggregated,63.800000,0.000000,82,170,360,570,1200,2200,3600,4200,5600,6300,6400,68638,0,82,438.04499962018014,66.40383900003144,6440.223383000102,13.0
1778864327,63,,Aggregated,62.700000,0.000000,82,170,360,570,1200,2200,3600,4200,5600,6300,6400,68694,0,82,437.7508269180119,66.40383900003144,6440.223383000102,13.0
1778864328,62,,Aggregated,62.300000,0.000000,82,160,360,570,1200,2200,3600,4200,5600,6300,6400,68751,0,82,437.4503288532228,66.40383900003144,6440.223383000102,13.0
1778864329,62,,Aggregated,61.800000,0.000000,82,160,360,570,1200,2200,3600,4200,5600,6300,6400,68810,0,82,437.1400078192402,66.40383900003144,6440.223383000102,13.0
1778864330,61,,Aggregated,61.100000,0.000000,82,160,360,570,1200,2200,3600,4200,5600,6300,6400,68867,0,82,436.84101010896234,66.40383900003144,6440.223383000102,13.0
1778864331,61,,Aggregated,60.200000,0.000000,82,160,360,570,1200,2200,3600,4200,5600,6300,6400,68925,0,82,436.53555614488096,66.40383900003144,6440.223383000102,13.0
1778864332,60,,Aggregated,59.300000,0.000000,82,160,360,570,1200,2200,3600,4200,5600,6300,6400,68984,0,82,436.22996979828537,66.40383900003144,6440.223383000102,13.0
1778864333,60,,Aggregated,58.800000,0.000000,82,160,360,570,1200,2200,3600,4200,5600,6300,6400,69041,0,82,435.93409414229103,66.40383900003144,6440.223383000102,13.0
1778864334,59,,Aggregated,58.400000,0.000000,82,160,360,570,1200,2200,3600,4200,5600,6300,6400,69097,0,82,435.6429905306442,66.40383900003144,6440.223383000102,13.0
1778864335,59,,Aggregated,58.100000,0.000000,82,160,360,570,1200,2200,3600,4200,5600,6300,6400,69152,0,82,435.35480897621073,66.40383900003144,6440.223383000102,13.0
1778864336,58,,Aggregated,57.500000,0.000000,82,160,360,570,1200,2200,3600,4200,5600,6300,6400,69204,0,82,435.08267610528173,66.40383900003144,6440.223383000102,13.0
1778864337,58,,Aggregated,57.300000,0.000000,82,160,360,570,1200,2200,3600,4200,5600,6300,6400,69256,0,82,434.81073867218606,66.40383900003144,6440.223383000102,13.0
1778864338,57,,Aggregated,57.100000,0.000000,82,160,360,560,1200,2200,3600,4200,5600,6300,6400,69309,0,82,434.5338426686709,66.40383900003144,6440.223383000102,13.0
1778864339,57,,Aggregated,56.400000,0.000000,82,160,350,560,1200,2200,3600,4200,5600,6300,6400,69362,0,82,434.25758502290734,66.40383900003144,6440.223383000102,13.0
1778864340,56,,Aggregated,55.900000,0.000000,82,160,350,560,1200,2200,3600,4200,5600,6300,6400,69413,0,82,433.99222512107076,66.40383900003144,6440.223383000102,13.0
1778864341,56,,Aggregated,55.500000,0.000000,82,160,350,560,1200,2100,3600,4200,5600,6300,6400,69464,0,82,433.72803201286825,66.40383900003144,6440.223383000102,13.0
1778864342,55,,Aggregated,55.100000,0.000000,82,160,350,560,1200,2100,3600,4200,5600,6300,6400,69513,0,82,433.47593096849346,66.40383900003144,6440.223383000102,13.0
1778864343,55,,Aggregated,54.500000,0.000000,82,160,350,560,1200,2100,3600,4200,5600,6300,6400,69567,0,82,433.19847737280463,66.40383900003144,6440.223383000102,13.0
1778864344,55,,Aggregated,53.800000,0.000000,82,160,350,560,1200,2100,3600,4200,5600,6300,6400,69621,0,82,432.9196833622887,66.40383900003144,6440.223383000102,13.0
1778864345,54,,Aggregated,52.900000,0.000000,82,160,350,560,1200,2100,3600,4200,5600,6300,6400,69671,0,82,432.6664337871265,66.40383900003144,6440.223383000102,13.0
1778864346,54,,Aggregated,52.600000,0.000000,82,160,350,560,1200,2100,3600,4200,5600,6300,6400,69725,0,82,432.3888239260939,66.40383900003144,6440.223383000102,13.0
1778864347,53,,Aggregated,52.500000,0.000000,82,160,350,560,1200,2100,3600,4200,5600,6300,6400,69776,0,82,432.1270587608045,66.40383900003144,6440.223383000102,13.0
1778864349,53,,Aggregated,51.900000,0.000000,82,160,350,560,1200,2100,3600,4200,5600,6300,6400,69825,0,82,431.8790904453117,66.40383900003144,6440.223383000102,13.0
1778864350,53,,Aggregated,51.800000,0.000000,82,160,350,560,1200,2100,3600,4200,5600,6300,6400,69875,0,82,431.623728249816,66.40383900003144,6440.223383000102,13.0
1778864351,53,,Aggregated,51.400000,0.000000,82,160,350,560,1200,2100,3600,4200,5600,6300,6400,69918,0,82,431.4077326468419,66.40383900003144,6440.223383000102,13.0
1778864352,52,,Aggregated,51.200000,0.000000,82,160,350,560,1200,2100,3600,4200,5600,6300,6400,69966,0,82,431.169757047936,66.40383900003144,6440.223383000102,13.0
1778864353,52,,Aggregated,50.200000,0.000000,82,160,350,560,1200,2100,3600,4200,5600,6300,6400,70014,0,82,430.926150197716,66.40383900003144,6440.223383000102,13.0
1778864354,52,,Aggregated,49.900000,0.000000,82,160,350,560,1200,2100,3600,4200,5600,6300,6400,70062,0,82,430.6840999989995,66.40383900003144,6440.223383000102,13.0
1778864355,51,,Aggregated,49.900000,0.000000,82,160,350,550,1200,2100,3600,4200,5600,6300,6400,70110,0,82,430.4424816534431,66.40383900003144,6440.223383000102,13.0
1778864356,51,,Aggregated,49.200000,0.000000,82,160,350,550,1200,2100,3600,4200,5600,6300,6400,70156,0,82,430.20930626335445,66.40383900003144,6440.223383000102,13.0
1778864357,51,,Aggregated,48.700000,0.000000,82,160,340,550,1200,2100,3600,4200,5600,6300,6400,70203,0,82,429.9719315686351,66.40383900003144,6440.223383000102,13.0
1778864358,51,,Aggregated,48.700000,0.000000,82,160,340,550,1200,2100,3600,4200,5600,6300,6400,70250,0,82,429.7349447853224,66.40383900003144,6440.223383000102,13.0
1778864359,51,,Aggregated,47.500000,0.000000,82,160,340,550,1200,2100,3600,4200,5600,6300,6400,70301,0,82,429.4798671631969,66.40383900003144,6440.223383000102,13.0
1778864360,50,,Aggregated,47.400000,0.000000,82,160,340,550,1200,2100,3600,4200,5600,6300,6400,70349,0,82,429.2470031756941,66.40383900003144,6440.223383000102,13.0
1778864361,50,,Aggregated,47.500000,0.000000,81,160,340,550,1200,2100,3600,4200,5600,6300,6400,70396,0,81,429.01343670699896,66.40383900003144,6440.223383000102,13.0
1778864362,50,,Aggregated,47.300000,0.000000,81,160,340,550,1200,2100,3600,4200,5600,6300,6400,70443,0,81,428.7764203144513,66.40383900003144,6440.223383000102,13.0
1778864363,50,,Aggregated,47.800000,0.000000,81,160,340,550,1200,2100,3600,4200,5600,6300,6400,70486,0,81,428.561270632876,66.40383900003144,6440.223383000102,13.0
1778864364,50,,Aggregated,47.300000,0.000000,81,160,340,550,1200,2100,3600,4200,5600,6300,6400,70532,0,81,428.3306029221616,66.40383900003144,6440.223383000102,13.0
1778864365,50,,Aggregated,47.200000,0.000000,81,160,340,550,1200,2100,3600,4200,5600,6300,6400,70580,0,81,428.08954257387217,66.40383900003144,6440.223383000102,13.0
1778864366,50,,Aggregated,47.100000,0.000000,81,160,340,550,1200,2100,3600,4200,5600,6300,6400,70628,0,81,427.84943164536577,66.40383900003144,6440.223383000102,13.0
1778864367,50,,Aggregated,46.900000,0.000000,81,160,340,550,1200,2100,3600,4200,5600,6300,6400,70674,0,81,427.61926063764463,66.40383900003144,6440.223383000102,13.0
1778864368,50,,Aggregated,47.100000,0.000000,81,150,340,550,1200,2100,3600,4200,5600,6300,6400,70719,0,81,427.39395425582796,66.40383900003144,6440.223383000102,13.0
1778864369,50,,Aggregated,47.000000,0.000000,81,150,340,550,1200,2100,3600,4200,5600,6300,6400,70764,0,81,427.1699326302061,66.40383900003144,6440.223383000102,13.0
1778864370,50,,Aggregated,46.400000,0.000000,81,150,340,550,1200,2100,3600,4200,5600,6300,6400,70813,0,81,426.9298756717821,66.40383900003144,6440.223383000102,13.0
1778864371,50,,Aggregated,46.300000,0.000000,81,150,340,550,1200,2100,3600,4200,5600,6300,6400,70857,0,81,426.71081173319374,66.40383900003144,6440.223383000102,13.0
1778864372,50,,Aggregated,45.900000,0.000000,81,150,340,550,1200,2100,3600,4200,5600,6300,6400,70905,0,81,426.47350494931135,66.40383900003144,6440.223383000102,13.0
1778864373,50,,Aggregated,46.100000,0.000000,81,150,340,550,1200,2100,3600,4200,5600,6300,6400,70952,0,81,426.2411658185806,66.40383900003144,6440.223383000102,13.0
1778864374,50,,Aggregated,46.400000,0.000000,81,150,340,540,1200,2100,3600,4200,5600,6300,6400,71001,0,81,425.99926225017873,66.40383900003144,6440.223383000102,13.0
1778864375,50,,Aggregated,46.600000,0.000000,81,150,330,540,1200,2100,3600,4200,5600,6300,6400,71048,0,81,425.76792694688015,66.40383900003144,6440.223383000102,13.0
1778864376,50,,Aggregated,46.500000,0.000000,81,150,330,540,1200,2100,3600,4200,5600,6300,6400,71095,0,81,425.53673836874503,66.40383900003144,6440.223383000102,13.0
1778864377,50,,Aggregated,46.500000,0.000000,81,150,330,540,1200,2100,3600,4200,5600,6300,6400,71138,0,81,425.32509114549083,66.40383900003144,6440.223383000102,13.0
1778864378,50,,Aggregated,46.400000,0.000000,81,150,330,540,1200,2100,3600,4200,5600,6300,6400,71185,0,81,425.09422810388327,66.40383900003144,6440.223383000102,13.0
1778864379,50,,Aggregated,46.500000,0.000000,81,150,330,540,1200,2100,3600,4200,5600,6300,6400,71234,0,81,424.8565571585048,66.40383900003144,6440.223383000102,13.0
1778864380,50,,Aggregated,46.900000,0.000000,81,150,330,540,1200,2100,3600,4200,5600,6300,6400,71281,0,81,424.63042300765875,66.40383900003144,6440.223383000102,13.0
1778864381,50,,Aggregated,46.500000,0.000000,81,150,330,540,1200,2100,3600,4200,5600,6300,6400,71324,0,81,424.4194359170393,66.40383900003144,6440.223383000102,13.0
1778864382,50,,Aggregated,46.700000,0.000000,81,150,330,540,1200,2100,3600,4200,5600,6300,6400,71371,0,81,424.1901992781929,66.40383900003144,6440.223383000102,13.0
1778864383,51,,Aggregated,46.400000,0.000000,81,150,330,540,1200,2100,3600,4200,5600,6300,6400,71415,0,81,423.9754667763481,66.40383900003144,6440.223383000102,13.0
1778864384,51,,Aggregated,46.200000,0.000000,81,150,330,540,1200,2100,3600,4200,5600,6300,6400,71465,0,81,423.7313849529967,66.40383900003144,6440.223383000102,13.0
1778864385,51,,Aggregated,46.300000,0.000000,81,150,330,540,1200,2100,3600,4200,5600,6300,6400,71511,0,81,423.5075839402315,66.40383900003144,6440.223383000102,13.0
1778864386,51,,Aggregated,46.300000,0.000000,81,150,330,540,1200,2100,3600,4200,5600,6300,6400,71561,0,81,423.2641562940414,66.40383900003144,6440.223383000102,13.0
1778864387,51,,Aggregated,46.500000,0.000000,81,150,330,540,1200,2100,3600,4200,5600,6300,6400,71610,0,81,423.02651034130577,66.40383900003144,6440.223383000102,13.0
1778864388,52,,Aggregated,46.900000,0.000000,81,150,330,530,1200,2100,3600,4200,5600,6300,6400,71660,0,81,422.78460157941544,66.40383900003144,6440.223383000102,13.0
1778864389,52,,Aggregated,47.000000,0.000000,81,150,330,530,1200,2100,3600,4200,5600,6300,6400,71709,0,81,422.5468397393759,66.40383900003144,6440.223383000102,13.0
1778864390,52,,Aggregated,47.100000,0.000000,81,150,330,530,1200,2100,3600,4200,5600,6300,6400,71757,0,81,422.3156015286859,66.40383900003144,6440.223383000102,13.0
1778864391,53,,Aggregated,47.300000,0.000000,81,150,330,530,1200,2100,3600,4200,5600,6300,6400,71806,0,81,422.07813896071224,66.40383900003144,6440.223383000102,13.0
1778864392,53,,Aggregated,47.400000,0.000000,81,150,320,530,1200,2100,3600,4200,5600,6300,6400,71854,0,81,421.8465802654536,66.40383900003144,6440.223383000102,13.0
1778864393,53,,Aggregated,48.000000,0.000000,81,150,320,530,1200,2100,3600,4200,5600,6300,6400,71906,0,81,421.59579405184434,66.40383900003144,6440.223383000102,13.0
1778864394,53,,Aggregated,48.800000,0.000000,81,150,320,530,1200,2100,3600,4200,5600,6300,6400,71957,0,81,421.3504257357853,66.40383900003144,6440.223383000102,13.0
1778864395,54,,Aggregated,48.500000,0.000000,81,150,320,530,1200,2100,3600,4200,5600,6300,6400,72002,0,81,421.1339742209646,66.40383900003144,6440.223383000102,13.0
1778864396,54,,Aggregated,48.700000,0.000000,81,150,320,530,1200,2100,3600,4200,5600,6300,6400,72054,0,81,420.883927962027,66.40383900003144,6440.223383000102,13.0
1778864397,55,,Aggregated,48.300000,0.000000,81,150,320,530,1200,2100,3600,4200,5600,6300,6400,72101,0,81,420.65813603644756,66.40383900003144,6440.223383000102,13.0
1778864398,55,,Aggregated,48.700000,0.000000,81,150,320,530,1200,2100,3600,4200,5600,6300,6400,72155,0,81,420.4008798211199,66.40383900003144,6440.223383000102,13.0
1778864399,55,,Aggregated,49.200000,0.000000,81,150,320,530,1200,2100,3600,4200,5600,6300,6400,72207,0,81,420.1525868036743,66.40383900003144,6440.223383000102,13.0
1778864400,56,,Aggregated,49.400000,0.000000,81,150,320,530,1200,2100,3600,4200,5600,6300,6400,72259,0,81,419.90415838764596,66.40383900003144,6440.223383000102,13.0
1778864401,56,,Aggregated,50.100000,0.000000,81,150,320,530,1200,2100,3600,4200,5600,6300,6400,72314,0,81,419.64496491463484,66.40383900003144,6440.223383000102,13.0
1778864402,57,,Aggregated,50.700000,0.000000,81,150,320,520,1200,2100,3600,4200,5600,6300,6400,72368,0,81,419.3883978326041,66.40383900003144,6440.223383000102,13.0
1778864403,57,,Aggregated,50.800000,0.000000,81,150,320,520,1200,2100,3600,4200,5600,6300,6400,72422,0,81,419.1327174440624,66.40383900003144,6440.223383000102,13.0
1778864404,58,,Aggregated,50.800000,0.000000,81,150,320,520,1200,2100,3600,4200,5600,6300,6400,72477,0,81,418.87080318740965,66.40383900003144,6440.223383000102,13.0
1778864405,58,,Aggregated,51.200000,0.000000,81,150,320,520,1200,2100,3600,4200,5600,6300,6400,72528,0,81,418.6283253129673,66.40383900003144,6440.223383000102,13.0
1778864406,59,,Aggregated,51.900000,0.000000,81,150,320,520,1200,2100,3600,4200,5600,6300,6400,72586,0,81,418.3531333433017,66.40383900003144,6440.223383000102,13.0
1778864407,59,,Aggregated,53.000000,0.000000,81,150,320,520,1200,2100,3600,4200,5600,6300,6400,72641,0,81,418.0927418368953,66.40383900003144,6440.223383000102,13.0
1778864408,60,,Aggregated,53.200000,0.000000,81,150,310,520,1200,2100,3600,4200,5600,6300,6400,72697,0,81,417.8285106179472,66.40383900003144,6440.223383000102,13.0
1778864409,60,,Aggregated,52.900000,0.000000,81,150,310,520,1200,2100,3600,4200,5600,6300,6400,72748,0,81,417.58818420991497,66.40383900003144,6440.223383000102,13.0
1778864410,61,,Aggregated,53.500000,0.000000,81,140,310,520,1200,2100,3600,4200,5600,6300,6400,72806,0,81,417.31472780825607,66.40383900003144,6440.223383000102,13.0
1778864411,61,,Aggregated,53.400000,0.000000,81,140,310,520,1200,2100,3600,4200,5600,6300,6400,72864,0,81,417.04238867119415,66.40383900003144,6440.223383000102,13.0
1778864412,62,,Aggregated,54.000000,0.000000,81,140,310,520,1200,2100,3600,4200,5600,6300,6400,72920,0,81,416.7804011069926,66.40383900003144,6440.223383000102,13.0
1778864413,62,,Aggregated,54.700000,0.000000,81,140,310,520,1200,2100,3600,4200,5600,6300,6400,72980,0,81,416.49919864127014,66.40383900003144,6440.223383000102,13.0
1778864414,63,,Aggregated,55.200000,0.000000,81,140,310,520,1200,2100,3600,4200,5600,6300,6400,73042,0,81,416.2091751402877,66.40383900003144,6440.223383000102,13.0
1778864415,64,,Aggregated,56.100000,0.000000,81,140,310,510,1200,2100,3600,4200,5600,6300,6400,73101,0,81,415.9346330350186,66.40383900003144,6440.223383000102,13.0
1778864416,64,,Aggregated,56.600000,0.000000,81,140,310,510,1200,2100,3600,4200,5600,6300,6400,73163,0,81,415.64642614667105,66.40383900003144,6440.223383000102,13.0
1778864417,65,,Aggregated,57.000000,0.000000,81,140,310,510,1200,2100,3600,4200,5600,6300,6400,73224,0,81,415.3628731805951,66.40383900003144,6440.223383000102,13.0
1778864418,65,,Aggregated,57.100000,0.000000,81,140,310,510,1200,2100,3600,4200,5600,6300,6400,73285,0,81,415.0823689645476,66.40383900003144,6440.223383000102,13.0
1778864419,66,,Aggregated,58.300000,0.000000,80,140,310,510,1200,2100,3600,4200,5600,6300,6400,73343,0,80,414.8156553894422,66.40383900003144,6440.223383000102,13.0
1778864420,67,,Aggregated,58.700000,0.000000,80,140,310,510,1200,2100,3600,4200,5600,6300,6400,73407,0,80,414.52025816065026,66.40383900003144,6440.223383000102,13.0
1778864421,67,,Aggregated,59.200000,0.000000,80,140,310,510,1200,2100,3600,4200,5600,6300,6400,73470,0,80,414.23235281324156,66.40383900003144,6440.223383000102,13.0
1778864422,68,,Aggregated,59.500000,0.000000,80,140,310,510,1200,2100,3600,4200,5600,6300,6400,73530,0,80,413.95501856801116,66.40383900003144,6440.223383000102,13.0
1778864423,69,,Aggregated,59.700000,0.000000,80,140,300,510,1200,2100,3600,4200,5600,6300,6400,73596,0,80,413.6526978397313,66.40383900003144,6440.223383000102,13.0
1778864424,70,,Aggregated,60.500000,0.000000,80,140,300,510,1100,2100,3600,4200,5600,6300,6400,73659,0,80,413.36313088977397,66.40383900003144,6440.223383000102,13.0
1778864425,70,,Aggregated,60.700000,0.000000,80,140,300,510,1100,2100,3600,4200,5600,6300,6400,73725,0,80,413.06231653415875,66.40383900003144,6440.223383000102,13.0
1778864426,71,,Aggregated,61.500000,0.000000,80,140,300,510,1100,2100,3600,4200,5600,6300,6400,73790,0,80,412.7671881590845,66.40383900003144,6440.223383000102,13.0
1778864427,72,,Aggregated,62.300000,0.000000,80,140,300,500,1100,2100,3500,4200,5600,6300,6400,73859,0,80,412.45259214275643,66.40383900003144,6440.223383000102,13.0
1778864428,72,,Aggregated,63.300000,0.000000,80,140,300,500,1100,2100,3500,4200,5600,6300,6400,73929,0,80,412.13437964174886,66.40383900003144,6440.223383000102,13.0
1778864429,73,,Aggregated,63.900000,0.000000,80,140,300,500,1100,2000,3500,4200,5600,6300,6400,73998,0,80,411.8208364354964,66.40383900003144,6440.223383000102,13.0
1778864430,74,,Aggregated,64.400000,0.000000,80,140,300,500,1100,2000,3500,4200,5600,6300,6400,74068,0,80,411.5104807323657,66.40383900003144,6440.223383000102,13.0
1778864431,75,,Aggregated,65.500000,0.000000,80,140,300,500,1100,2000,3500,4200,5600,6300,6400,74135,0,80,411.211302476804,66.40383900003144,6440.223383000102,13.0
1778864432,75,,Aggregated,65.900000,0.000000,80,140,300,500,1100,2000,3500,4200,5600,6300,6400,74207,0,80,410.88655918496744,66.40383900003144,6440.223383000102,13.0
1778864433,76,,Aggregated,66.700000,0.000000,80,140,300,500,1100,2000,3500,4200,5600,6300,6400,74278,0,80,410.56697158605346,66.40383900003144,6440.223383000102,13.0
1778864434,77,,Aggregated,67.200000,0.000000,80,140,300,500,1100,2000,3500,4200,5600,6300,6400,74351,0,80,410.2396233716948,66.40383900003144,6440.223383000102,13.0
1778864435,78,,Aggregated,67.800000,0.000000,80,140,300,500,1100,2000,3500,4200,5600,6300,6400,74424,0,80,409.9132708023875,66.40383900003144,6440.223383000102,13.0
1778864436,79,,Aggregated,68.000000,0.000000,80,140,300,500,1100,2000,3500,4200,5600,6300,6400,74494,0,80,409.60555594539005,66.40383900003144,6440.223383000102,13.0
1778864437,79,,Aggregated,68.800000,0.000000,80,140,290,490,1100,2000,3500,4200,5600,6300,6400,74568,0,80,409.2790993163001,66.40383900003144,6440.223383000102,13.0
1778864438,80,,Aggregated,69.500000,0.000000,80,140,290,490,1100,2000,3500,4200,5600,6300,6400,74640,0,80,408.96181590983196,66.40383900003144,6440.223383000102,13.0
1778864439,81,,Aggregated,69.900000,0.000000,80,140,290,490,1100,2000,3500,4200,5600,6300,6400,74719,0,80,408.61357595089424,66.40383900003144,6440.223383000102,13.0
1778864440,82,,Aggregated,70.800000,0.000000,80,140,290,490,1100,2000,3500,4200,5600,6300,6400,74793,0,80,408.28387030243294,66.40383900003144,6440.223383000102,13.0
1778864441,83,,Aggregated,71.500000,0.000000,80,140,290,490,1100,2000,3500,4200,5600,6300,6400,74871,0,80,407.93759764402597,66.40383900003144,6440.223383000102,13.0
1778864442,83,,Aggregated,72.600000,0.000000,80,140,290,490,1100,2000,3500,4200,5600,6300,6400,74948,0,80,407.60076396973744,66.40383900003144,6440.223383000102,13.0
1778864443,84,,Aggregated,73.100000,0.000000,80,140,290,490,1100,2000,3500,4200,5500,6300,6400,75030,0,80,407.2385441435809,66.40383900003144,6440.223383000102,13.0
1778864444,85,,Aggregated,74.100000,0.000000,80,140,290,490,1100,2000,3500,4200,5500,6300,6400,75109,0,80,406.88940953926794,66.40383900003144,6440.223383000102,13.0
1778864445,86,,Aggregated,75.100000,0.000000,80,140,290,490,1100,2000,3500,4200,5500,6300,6400,75188,0,80,406.5419924024026,66.40383900003144,6440.223383000102,13.0
1778864446,87,,Aggregated,76.300000,0.000000,80,140,290,490,1100,2000,3500,4200,5500,6300,6400,75270,0,80,406.1906298716733,66.40383900003144,6440.223383000102,13.0
1778864447,88,,Aggregated,76.400000,0.000000,80,130,290,480,1100,2000,3500,4200,5500,6300,6400,75353,0,80,405.8301968781712,66.40383900003144,6440.223383000102,13.0
1778864448,88,,Aggregated,77.200000,0.000000,80,130,290,480,1100,2000,3500,4200,5500,6300,6400,75438,0,80,405.45880139440146,66.40383900003144,6440.223383000102,13.0
1778864449,89,,Aggregated,77.900000,0.000000,80,130,280,480,1100,2000,3500,4200,5500,6300,6400,75520,0,80,405.11597157413746,66.40383900003144,6440.223383000102,13.0
1778864450,90,,Aggregated,78.500000,0.000000,80,130,280,480,1100,2000,3500,4200,5500,6300,6400,75603,0,80,404.7546354758393,66.40383900003144,6440.223383000102,13.0
1778864451,91,,Aggregated,79.400000,0.000000,80,130,280,480,1100,2000,3500,4200,5500,6300,6400,75685,0,80,404.40162993857285,66.40383900003144,6440.223383000102,13.0
1778864452,92,,Aggregated,79.600000,0.000000,80,130,280,480,1100,2000,3500,4200,5500,6300,6400,75769,0,80,404.0393487226951,66.40383900003144,6440.223383000102,13.0
1778864453,93,,Aggregated,80.700000,0.000000,80,130,280,480,1100,2000,3500,4200,5500,6300,6400,75858,0,80,403.6553035079739,66.40383900003144,6440.223383000102,13.0
1778864454,94,,Aggregated,80.900000,0.000000,80,130,280,480,1100,2000,3500,4200,5500,6300,6400,75944,0,80,403.288591272278,66.40383900003144,6440.223383000102,13.0
1778864455,95,,Aggregated,82.100000,0.000000,80,130,280,470,1100,2000,3500,4200,5500,6300,6400,76033,0,80,402.9127370504503,66.40383900003144,6440.223383000102,13.0
1778864456,95,,Aggregated,82.700000,0.000000,80,130,280,470,1100,2000,3500,4200,5500,6300,6400,76116,0,80,402.559955924561,66.40383900003144,6440.223383000102,13.0
1778864457,96,,Aggregated,84.100000,0.000000,80,130,280,470,1100,2000,3500,4200,5500,6300,6400,76210,0,80,402.1606159986603,66.40383900003144,6440.223383000102,13.0
1778864458,97,,Aggregated,85.000000,0.000000,80,130,280,470,1100,2000,3500,4200,5500,6300,6400,76301,0,80,401.7999748491489,66.40383900003144,6440.223383000102,13.0
1778864459,98,,Aggregated,86.200000,0.000000,80,130,280,470,1100,2000,3500,4200,5500,6300,6400,76387,0,80,401.46215732079935,66.40383900003144,6440.223383000102,13.0
1778864460,99,,Aggregated,86.100000,0.000000,80,130,280,470,1100,2000,3500,4200,5500,6300,6400,76474,0,80,401.1044757169743,66.40383900003144,6440.223383000102,13.0
1778864461,100,,Aggregated,87.000000,0.000000,80,130,280,470,1100,2000,3500,4200,5500,6300,6400,76565,0,80,400.76725843391756,66.40383900003144,6440.223383000102,13.0
1778864462,101,,Aggregated,88.200000,0.000000,80,130,270,470,1100,2000,3500,4200,5500,6300,6400,76664,0,80,400.4487012734387,66.40383900003144,6440.223383000102,13.0
1778864463,101,,Aggregated,88.300000,0.000000,80,130,270,460,1100,2000,3500,4200,5500,6300,6400,76748,0,80,400.13029978087917,66.40383900003144,6440.223383000102,13.0
1778864464,102,,Aggregated,88.500000,0.000000,80,130,270,460,1100,2000,3500,4200,5500,6300,6400,76842,0,80,399.77981477530403,66.40383900003144,6440.223383000102,13.0
1778864465,103,,Aggregated,88.400000,0.000000,80,130,270,460,1100,2000,3500,4200,5500,6300,6400,76936,0,80,399.39613614858996,66.40383900003144,6440.223383000102,13.0
1778864466,104,,Aggregated,89.100000,0.000000,80,130,270,460,1100,2000,3500,4200,5500,6300,6400,77030,0,80,399.0175139728797,66.40383900003144,6440.223383000102,13.0
1778864467,105,,Aggregated,89.600000,0.000000,80,130,270,460,1100,2000,3500,4200,5500,6300,6400,77125,0,80,398.6681191369326,66.40383900003144,6440.223383000102,13.0
1778864468,106,,Aggregated,90.100000,0.000000,80,130,270,460,1100,2000,3500,4200,5500,6300,6400,77227,0,80,398.28949454893905,66.40383900003144,6440.223383000102,13.0
1778864469,107,,Aggregated,90.700000,0.000000,80,130,270,460,1100,2000,3500,4200,5500,6300,6400,77309,0,80,398.05237767153795,66.40383900003144,6440.223383000102,13.0
1778864470,108,,Aggregated,91.900000,0.000000,80,130,270,460,1100,2000,3500,4200,5500,6300,6400,77397,0,80,397.8715744695391,66.40383900003144,6440.223383000102,13.0
1778864471,108,,Aggregated,91.300000,0.000000,80,130,270,460,1100,2000,3500,4200,5500,6300,6400,77488,0,80,397.64889078059736,66.40383900003144,6440.223383000102,13.0
1778864472,109,,Aggregated,91.000000,0.000000,80,130,270,460,1100,2000,3500,4200,5500,6300,6400,77589,0,80,397.379283425549,66.40383900003144,6440.223383000102,13.0
1778864473,110,,Aggregated,91.300000,0.000000,80,130,270,450,1100,2000,3500,4200,5500,6300,6400,77692,0,80,396.97108173863353,66.40383900003144,6440.223383000102,13.0
1778864474,111,,Aggregated,91.900000,0.000000,80,130,270,450,1100,2000,3500,4200,5500,6300,6400,77790,0,80,396.5693056507127,66.40383900003144,6440.223383000102,13.0
1778864475,112,,Aggregated,93.000000,0.000000,80,130,270,450,1100,2000,3500,4200,5500,6300,6400,77894,0,80,396.14662758367723,66.40383900003144,6440.223383000102,13.0
1778864476,113,,Aggregated,94.100000,0.000000,80,130,270,450,1100,2000,3500,4200,5500,6300,6400,77995,0,80,395.7416998560544,66.40383900003144,6440.223383000102,13.0
1778864477,114,,Aggregated,94.900000,0.000000,80,130,260,450,1100,2000,3500,4100,5500,6300,6400,78102,0,80,395.3706425508302,66.40383900003144,6440.223383000102,13.0
1778864478,114,,Aggregated,96.100000,0.000000,80,130,260,450,1100,2000,3500,4100,5500,6300,6400,78209,0,80,394.93898746938254,66.40383900003144,6440.223383000102,13.0
1778864479,115,,Aggregated,96.800000,0.000000,80,130,260,450,1100,2000,3500,4100,5500,6300,6400,78316,0,80,394.51008236213465,66.40383900003144,6440.223383000102,13.0
1778864480,116,,Aggregated,97.800000,0.000000,80,130,260,450,1100,2000,3500,4100,5500,6300,6400,78425,0,80,394.07609374194374,66.40383900003144,6440.223383000102,13.0
1778864481,117,,Aggregated,99.400000,0.000000,80,130,260,440,1100,2000,3500,4100,5500,6300,6400,78534,0,80,393.6380056337757,66.40383900003144,6440.223383000102,13.0
1778864482,118,,Aggregated,101.500000,0.000000,80,130,260,440,1100,2000,3500,4100,5500,6300,6400,78641,0,80,393.20712586379807,66.40383900003144,6440.223383000102,13.0
1778864483,119,,Aggregated,103.200000,0.000000,80,130,260,440,1100,2000,3500,4100,5500,6300,6400,78749,0,80,392.77633997423385,66.40383900003144,6440.223383000102,13.0
1778864484,119,,Aggregated,104.900000,0.000000,80,130,260,440,1100,2000,3500,4100,5500,6300,6400,78861,0,80,392.3301493816835,66.40383900003144,6440.223383000102,13.0
1778864485,120,,Aggregated,106.100000,0.000000,80,130,260,440,1100,2000,3500,4100,5500,6300,6400,78974,0,80,391.8837970587149,66.40383900003144,6440.223383000102,13.0
1778864486,121,,Aggregated,106.800000,0.000000,80,130,260,440,1100,2000,3500,4100,5500,6300,6400,79085,0,80,391.4528126966295,66.40383900003144,6440.223383000102,13.0
1778864487,122,,Aggregated,107.800000,0.000000,80,130,260,440,1100,2000,3500,4100,5500,6300,6400,79195,0,80,391.0295444440298,66.40383900003144,6440.223383000102,13.0
1778864488,122,,Aggregated,108.000000,0.000000,80,130,260,440,1100,2000,3500,4100,5500,6300,6400,79309,0,80,390.58555097218374,66.40383900003144,6440.223383000102,13.0
1778864489,123,,Aggregated,109.000000,0.000000,80,130,250,430,1100,2000,3500,4100,5500,6300,6400,79423,0,80,390.1400116998091,66.40383900003144,6440.223383000102,13.0
1778864490,124,,Aggregated,110.500000,0.000000,80,130,250,430,1100,2000,3500,4100,5500,6300,6400,79542,0,80,389.67590630466844,66.40383900003144,6440.223383000102,13.0
1778864491,125,,Aggregated,111.200000,0.000000,80,130,250,430,1100,1900,3500,4100,5500,6300,6400,79661,0,80,389.2178456312744,66.40383900003144,6440.223383000102,13.0
1778864492,126,,Aggregated,111.200000,0.000000,80,130,250,430,1100,1900,3400,4100,5500,6300,6400,79780,0,80,388.7619569470789,66.40383900003144,6440.223383000102,13.0
1778864493,126,,Aggregated,112.300000,0.000000,80,120,250,430,1100,1900,3400,4100,5500,6300,6400,79894,0,80,388.3459449647904,66.40383900003144,6440.223383000102,13.0
1778864494,127,,Aggregated,113.000000,0.000000,80,120,250,430,1100,1900,3400,4100,5500,6300,6400,80009,0,80,387.91103020847635,66.40383900003144,6440.223383000102,13.0
1778864495,128,,Aggregated,112.900000,0.000000,80,120,250,430,1100,1900,3400,4100,5500,6300,6400,80127,0,80,387.47554548002546,66.40383900003144,6440.223383000102,13.0
1778864496,128,,Aggregated,113.300000,0.000000,80,120,250,420,1100,1900,3400,4100,5500,6300,6400,80237,0,80,387.0768812623725,66.40383900003144,6440.223383000102,13.0
1778864497,129,,Aggregated,114.100000,0.000000,80,120,250,420,1100,1900,3400,4100,5500,6300,6400,80360,0,80,386.6358315838971,66.40383900003144,6440.223383000102,13.0
1778864498,130,,Aggregated,115.000000,0.000000,80,120,250,420,1100,1900,3400,4100,5500,6300,6400,80479,0,80,386.20399658401516,66.40383900003144,6440.223383000102,13.0
1778864499,131,,Aggregated,115.300000,0.000000,80,120,250,420,1100,1900,3400,4100,5500,6300,6400,80601,0,80,385.7812390734228,66.40383900003144,6440.223383000102,13.0
1778864500,131,,Aggregated,115.200000,0.000000,80,120,240,420,1100,1900,3400,4100,5500,6300,6400,80715,0,80,385.38051720852314,66.40383900003144,6440.223383000102,13.0
1778864501,132,,Aggregated,116.100000,0.000000,80,120,240,420,1100,1900,3400,4100,5500,6300,6400,80820,0,80,385.09916601834857,66.40383900003144,6440.223383000102,13.0
1778864502,133,,Aggregated,116.800000,0.000000,80,120,250,420,1100,1900,3400,4100,5500,6300,6400,80899,0,80,385.1243493998064,66.40383900003144,6440.223383000102,13.0
1778864503,133,,Aggregated,116.400000,0.000000,80,120,250,420,1100,1900,3400,4100,5500,6300,6400,80958,0,80,385.359341889547,66.40383900003144,6440.223383000102,13.0
1778864504,134,,Aggregated,113.700000,0.000000,80,120,250,420,1100,1900,3400,4100,5500,6300,6400,81001,0,80,385.6751841106153,66.40383900003144,6440.223383000102,13.0
1778864505,134,,Aggregated,109.500000,0.000000,80,120,250,420,1100,1900,3400,4100,5500,6300,6400,81035,0,80,386.05164058667185,66.40383900003144,6440.223383000102,13.0
1778864506,135,,Aggregated,103.200000,0.000000,80,130,250,420,1100,1900,3400,4100,5500,6300,6400,81064,0,80,386.4448104534806,66.40383900003144,6440.223383000102,13.0
1778864507,136,,Aggregated,94.900000,0.000000,80,130,250,430,1100,1900,3400,4100,5500,6300,6400,81091,0,80,386.98199481661277,66.40383900003144,6440.223383000102,13.0
1778864508,136,,Aggregated,86.500000,0.000000,80,130,250,430,1100,1900,3500,4100,5500,6300,6400,81129,0,80,388.2296471636645,66.40383900003144,6440.223383000102,13.0
1778864509,137,,Aggregated,77.400000,0.000000,80,130,250,430,1100,2000,3500,4200,5500,6300,6400,81181,0,80,390.085131261489,66.40383900003144,6440.223383000102,13.0
1778864510,137,,Aggregated,68.100000,0.000000,80,130,250,430,1100,2000,3500,4200,5500,6300,6400,81229,0,80,391.498724504819,66.40383900003144,6440.223383000102,13.0
1778864511,138,,Aggregated,61.300000,0.000000,80,130,250,430,1100,2000,3500,4200,5500,6300,6400,81273,0,80,392.3152368488297,66.40383900003144,6440.223383000102,13.0
1778864512,139,,Aggregated,54.900000,0.000000,80,130,250,430,1100,2000,3500,4200,5500,6300,6400,81310,0,80,392.9555696521331,66.40383900003144,6440.223383000102,13.0
1778864513,139,,Aggregated,48.100000,0.000000,80,130,250,430,1100,2000,3500,4200,5500,6300,6400,81340,0,80,393.4909330954504,66.40383900003144,6440.223383000102,13.0
1778864514,140,,Aggregated,43.000000,0.000000,80,130,250,440,1100,2000,3500,4200,5500,6300,6400,81366,0,80,394.0631468864382,66.40383900003144,6440.223383000102,13.0
1778864515,140,,Aggregated,39.700000,0.000000,80,130,260,440,1100,2000,3500,4200,5500,6300,6400,81400,0,80,395.14474063848803,66.40383900003144,6440.223383000102,13.0
1778864516,141,,Aggregated,36.800000,0.000000,80,130,260,440,1100,2000,3600,4200,5500,6300,6400,81471,0,80,397.8750814299926,66.40383900003144,6440.223383000102,13.0
1778864517,141,,Aggregated,35.700000,0.000000,80,130,260,440,1100,2000,3600,4200,5500,6300,6400,81555,0,80,399.22733730742374,66.40383900003144,6440.223383000102,13.0
1778864518,142,,Aggregated,37.600000,0.000000,80,130,260,450,1100,2000,3600,4200,5500,6300,6400,81651,0,80,399.5343690622643,66.40383900003144,6440.223383000102,13.0
1778864519,142,,Aggregated,42.900000,0.000000,80,130,260,450,1100,2000,3600,4200,5500,6300,6400,81747,0,80,399.6291992164596,66.40383900003144,6440.223383000102,13.0
1778864520,143,,Aggregated,49.700000,0.000000,80,130,260,450,1100,2000,3600,4200,5500,6300,6400,81838,0,80,399.7724988056759,66.40383900003144,6440.223383000102,13.0
1778864521,143,,Aggregated,54.000000,0.000000,80,130,270,460,1100,2000,3600,4200,5500,6300,6400,81936,0,80,399.93700224614236,66.40383900003144,6440.223383000102,13.0
1778864522,143,,Aggregated,58.300000,0.000000,80,130,270,460,1100,2000,3600,4200,5500,6300,6400,82034,0,80,399.9913054618562,66.40383900003144,6440.223383000102,13.0
1778864523,144,,Aggregated,62.500000,0.000000,80,130,270,460,1100,2000,3600,4200,5500,6300,6400,82139,0,80,400.0787625459514,66.40383900003144,6440.223383000102,13.0
1778864524,144,,Aggregated,69.200000,0.000000,80,130,270,460,1100,2000,3600,4200,5500,6300,6400,82250,0,80,399.9583397054821,66.40383900003144,6440.223383000102,13.0
1778864525,145,,Aggregated,75.200000,0.000000,80,130,280,460,1100,2000,3600,4200,5500,6300,6400,82345,0,80,399.93679192040685,66.40383900003144,6440.223383000102,13.0
1778864526,145,,Aggregated,84.400000,0.000000,80,130,280,460,1100,2000,3600,4200,5500,6300,6400,82434,0,80,400.0999262060544,66.40383900003144,6440.223383000102,13.0
1778864527,145,,Aggregated,91.900000,0.000000,80,140,280,460,1100,2000,3600,4200,5500,6300,6400,82527,0,80,400.306853588509,66.40383900003144,6440.223383000102,13.0
1778864528,146,,Aggregated,95.400000,0.000000,80,140,280,470,1100,2000,3500,4200,5500,6300,6400,82618,0,80,400.5587482340276,66.40383900003144,6440.223383000102,13.0
1778864529,146,,Aggregated,96.600000,0.000000,80,140,280,470,1100,2000,3500,4200,5500,6300,6400,82716,0,80,400.732847288516,66.40383900003144,6440.223383000102,13.0
1778864530,146,,Aggregated,96.500000,0.000000,80,140,290,470,1100,2000,3500,4200,5500,6300,6400,82803,0,80,400.86581959035163,66.40383900003144,6440.223383000102,13.0
1778864531,147,,Aggregated,97.000000,0.000000,80,140,290,480,1100,2000,3500,4200,5500,6300,6400,82888,0,80,401.0987139990817,66.40383900003144,6440.223383000102,13.0
1778864532,147,,Aggregated,96.600000,0.000000,80,140,290,480,1100,2000,3500,4200,5500,6300,6400,82950,0,80,401.4338520389136,66.40383900003144,6440.223383000102,13.0
1778864533,147,,Aggregated,96.700000,0.000000,80,140,290,480,1100,2000,3500,4200,5500,6300,6400,83015,0,80,402.0520624486283,66.40383900003144,6440.223383000102,13.0
1778864534,147,,Aggregated,93.300000,0.000000,80,140,290,490,1100,2000,3500,4200,5500,6300,6400,83092,0,80,402.83401440376787,66.40383900003144,6440.223383000102,13.0
1778864535,148,,Aggregated,90.100000,0.000000,80,140,300,490,1100,2000,3500,4200,5500,6300,6400,83180,0,80,403.33904658339605,66.40383900003144,6440.223383000102,13.0
1778864536,148,,Aggregated,85.100000,0.000000,80,140,300,490,1100,2000,3500,4200,5500,6300,6400,83265,0,80,403.70958473315187,66.40383900003144,6440.223383000102,13.0
1778864537,148,,Aggregated,83.400000,0.000000,80,140,300,500,1100,2000,3500,4200,5500,6300,6400,83371,0,80,403.9735311119555,66.40383900003144,6440.223383000102,13.0
1778864538,148,,Aggregated,82.600000,0.000000,80,140,300,500,1100,2000,3500,4200,5500,6300,6400,83483,0,80,403.96310054268366,66.40383900003144,6440.223383000102,13.0
1778864539,149,,Aggregated,83.500000,0.000000,80,140,300,500,1100,2000,3500,4200,5500,6300,6400,83618,0,80,403.67328675430997,66.40383900003144,6440.223383000102,13.0
1778864540,149,,Aggregated,84.800000,0.000000,80,140,300,490,1100,2000,3500,4200,5500,6300,6400,83758,0,80,403.149001749145,66.40383900003144,6440.223383000102,13.0
1778864541,149,,Aggregated,87.100000,0.000000,80,140,300,490,1100,2000,3500,4200,5500,6300,6400,83893,0,80,402.6413258029504,66.40383900003144,6440.223383000102,13.0
1778864542,149,,Aggregated,91.800000,0.000000,80,140,300,490,1100,2000,3500,4200,5500,6300,6400,84026,0,80,402.15872843455475,66.40383900003144,6440.223383000102,13.0
1778864543,149,,Aggregated,96.700000,0.000000,80,140,300,490,1100,2000,3500,4200,5500,6300,6400,84162,0,80,401.657922939164,66.40383900003144,6440.223383000102,13.0
1778864544,149,,Aggregated,103.300000,0.000000,80,140,300,490,1100,2000,3500,4200,5500,6300,6400,84299,0,80,401.16755320950335,66.40383900003144,6440.223383000102,13.0
1778864545,149,,Aggregated,110.500000,0.000000,80,140,300,490,1100,2000,3500,4200,5500,6300,6400,84435,0,80,400.6990402847866,66.40383900003144,6440.223383000102,13.0
1778864546,149,,Aggregated,117.400000,0.000000,80,140,300,490,1100,2000,3500,4200,5500,6300,6400,84574,0,80,400.1966658020781,66.40383900003144,6440.223383000102,13.0
1778864547,149,,Aggregated,122.000000,0.000000,80,140,300,480,1100,2000,3500,4200,5500,6300,6400,84709,0,80,399.705730766187,66.40383900003144,6440.223383000102,13.0
1778864548,149,,Aggregated,127.600000,0.000000,80,140,290,480,1100,2000,3500,4200,5500,6300,6400,84844,0,80,399.20624591816676,66.40383900003144,6440.223383000102,13.0
1778864549,149,,Aggregated,131.100000,0.000000,80,140,290,480,1100,2000,3500,4200,5500,6300,6400,84984,0,80,398.7013420330291,66.40383900003144,6440.223383000102,13.0
1778864550,149,,Aggregated,135.000000,0.000000,80,140,290,480,1100,2000,3500,4200,5500,6300,6400,85119,0,80,398.20069828168744,66.40383900003144,6440.223383000102,13.0
1778864551,149,,Aggregated,136.300000,0.000000,80,140,290,480,1100,2000,3500,4200,5500,6300,6400,85253,0,80,397.74390347735505,66.40383900003144,6440.223383000102,13.0
1778864552,149,,Aggregated,136.200000,0.000000,80,140,290,480,1100,2000,3500,4200,5500,6300,6400,85394,0,80,397.2281912033157,66.40383900003144,6440.223383000102,13.0
1778864553,149,,Aggregated,135.500000,0.000000,80,140,290,470,1100,2000,3500,4200,5500,6300,6400,85529,0,80,396.7304458949474,66.40383900003144,6440.223383000102,13.0
1778864554,149,,Aggregated,135.800000,0.000000,80,140,290,470,1100,2000,3500,4200,5500,6300,6400,85669,0,80,396.2183197998691,66.40383900003144,6440.223383000102,13.0
1778864555,149,,Aggregated,135.900000,0.000000,80,140,290,470,1100,2000,3500,4200,5500,6300,6400,85810,0,80,395.70255652916916,66.40383900003144,6440.223383000102,13.0
1778864556,149,,Aggregated,136.200000,0.000000,80,140,280,470,1100,2000,3500,4200,5500,6300,6400,85945,0,80,395.21357854601246,66.40383900003144,6440.223383000102,13.0
1778864557,149,,Aggregated,136.700000,0.000000,80,130,280,470,1100,2000,3500,4200,5500,6300,6400,86082,0,80,394.72296846209497,66.40383900003144,6440.223383000102,13.0
1778864558,149,,Aggregated,136.700000,0.000000,80,130,280,470,1100,1900,3500,4200,5500,6300,6400,86215,0,80,394.24003969540206,66.40383900003144,6440.223383000102,13.0
1778864559,149,,Aggregated,137.000000,0.000000,80,130,280,470,1100,1900,3500,4200,5500,6300,6400,86355,0,80,393.7480648215985,66.40383900003144,6440.223383000102,13.0
1778864560,149,,Aggregated,136.300000,0.000000,80,130,280,460,1100,1900,3500,4200,5500,6300,6400,86494,0,80,393.25322854487166,66.40383900003144,6440.223383000102,13.0
1778864561,149,,Aggregated,136.800000,0.000000,80,130,280,460,1100,1900,3500,4200,5500,6300,6400,86628,0,80,392.7814127651235,66.40383900003144,6440.223383000102,13.0
1778864562,148,,Aggregated,136.600000,0.000000,80,130,280,460,1100,1900,3500,4200,5500,6300,6400,86771,0,80,392.27726374575724,66.40383900003144,6440.223383000102,13.0
1778864563,148,,Aggregated,136.800000,0.000000,80,130,280,460,1100,1900,3500,4200,5500,6300,6400,86905,0,80,391.80853903431483,66.40383900003144,6440.223383000102,13.0
1778864564,148,,Aggregated,137.100000,0.000000,80,130,280,460,1100,1900,3500,4200,5500,6300,6400,87040,0,80,391.3306670150981,66.40383900003144,6440.223383000102,13.0
1778864565,148,,Aggregated,136.800000,0.000000,81,130,270,460,1100,1900,3500,4200,5500,6300,6400,87178,0,80,390.8607369320367,66.40383900003144,6440.223383000102,13.0
1778864566,148,,Aggregated,136.100000,0.000000,81,130,270,460,1000,1900,3500,4200,5500,6300,6400,87310,0,81,390.4056757231029,66.40383900003144,6440.223383000102,13.0
1778864567,147,,Aggregated,136.700000,0.000000,81,130,270,460,1000,1900,3500,4200,5500,6300,6400,87447,0,81,389.9264233068271,66.40383900003144,6440.223383000102,13.0
1778864568,147,,Aggregated,136.400000,0.000000,81,130,270,450,1000,1900,3500,4200,5500,6300,6400,87584,0,81,389.45517560434695,66.40383900003144,6440.223383000102,13.0
1778864569,147,,Aggregated,136.400000,0.000000,81,130,270,450,1000,1900,3500,4200,5500,6300,6400,87715,0,81,388.9959108891196,66.40383900003144,6440.223383000102,13.0
1778864570,147,,Aggregated,136.300000,0.000000,81,130,270,450,1000,1900,3500,4200,5500,6300,6400,87852,0,81,388.5258826138859,66.40383900003144,6440.223383000102,13.0
1778864571,146,,Aggregated,135.600000,0.000000,81,130,270,450,1000,1900,3500,4200,5500,6300,6400,87982,0,81,388.07995591822237,66.40383900003144,6440.223383000102,13.0
1778864572,146,,Aggregated,135.900000,0.000000,81,130,270,450,1000,1900,3500,4200,5500,6300,6400,88119,0,81,387.6274582228354,66.40383900003144,6440.223383000102,13.0
1778864573,146,,Aggregated,135.900000,0.000000,81,130,270,450,1000,1900,3500,4200,5500,6300,6400,88257,0,81,387.1630719684673,66.40383900003144,6440.223383000102,13.0
1778864574,145,,Aggregated,135.000000,0.000000,81,130,270,450,1000,1900,3500,4200,5500,6300,6400,88386,0,81,386.72618423537716,66.40383900003144,6440.223383000102,13.0
1778864575,145,,Aggregated,135.000000,0.000000,81,130,260,450,1000,1900,3500,4200,5500,6300,6400,88519,0,81,386.28468645043506,66.40383900003144,6440.223383000102,13.0
1778864576,145,,Aggregated,135.300000,0.000000,81,130,260,440,1000,1900,3500,4200,5500,6300,6400,88655,0,81,385.8299291911014,66.40383900003144,6440.223383000102,13.0
1778864577,144,,Aggregated,133.500000,0.000000,81,130,260,440,1000,1900,3500,4200,5500,6300,6400,88784,0,81,385.4031446400376,66.40383900003144,6440.223383000102,13.0
1778864578,144,,Aggregated,133.700000,0.000000,81,130,260,440,1000,1900,3500,4200,5500,6300,6400,88916,0,81,384.9711471058991,66.40383900003144,6440.223383000102,13.0
1778864579,143,,Aggregated,133.600000,0.000000,81,120,260,440,1000,1900,3400,4200,5500,6300,6400,89053,0,81,384.51408228254064,66.40383900003144,6440.223383000102,13.0
1778864580,143,,Aggregated,132.900000,0.000000,81,120,260,440,1000,1900,3400,4200,5500,6300,6400,89181,0,81,384.0892584168164,66.40383900003144,6440.223383000102,13.0
1778864581,143,,Aggregated,132.700000,0.000000,81,120,260,440,1000,1900,3400,4200,5500,6300,6400,89315,0,81,383.6486167261056,66.40383900003144,6440.223383000102,13.0
1778864582,142,,Aggregated,132.600000,0.000000,81,120,260,440,1000,1900,3400,4200,5500,6300,6400,89442,0,81,383.22988398586875,66.40383900003144,6440.223383000102,13.0
1778864583,142,,Aggregated,132.000000,0.000000,81,120,260,440,1000,1900,3400,4200,5500,6300,6400,89570,0,81,382.80395235672796,66.40383900003144,6440.223383000102,13.0
1778864584,141,,Aggregated,131.700000,0.000000,81,120,260,430,1000,1900,3400,4200,5500,6300,6400,89700,0,81,382.38363433977867,66.40383900003144,6440.223383000102,13.0
1778864585,141,,Aggregated,131.800000,0.000000,81,120,260,430,1000,1900,3400,4100,5500,6300,6400,89821,0,81,382.0064231961809,66.40383900003144,6440.223383000102,13.0
1778864586,140,,Aggregated,131.100000,0.000000,81,120,250,430,1000,1900,3400,4100,5500,6300,6400,89956,0,81,381.59173088567934,66.40383900003144,6440.223383000102,13.0
1778864587,140,,Aggregated,131.500000,0.000000,81,120,250,430,1000,1900,3400,4100,5500,6300,6400,90086,0,81,381.1602383170768,66.40383900003144,6440.223383000102,13.0
1778864588,139,,Aggregated,130.500000,0.000000,81,120,250,430,1000,1900,3400,4100,5500,6300,6400,90214,0,81,380.7704577008136,66.40383900003144,6440.223383000102,13.0
1778864589,139,,Aggregated,129.400000,0.000000,81,120,250,430,1000,1900,3400,4100,5500,6300,6400,90343,0,81,380.364994896906,66.40383900003144,6440.223383000102,13.0
1778864590,138,,Aggregated,129.200000,0.000000,81,120,250,430,1000,1900,3400,4100,5500,6300,6400,90462,0,81,380.022740053859,66.40383900003144,6440.223383000102,13.0
1778864591,137,,Aggregated,128.700000,0.000000,81,120,250,430,1000,1900,3400,4100,5500,6300,6400,90583,0,81,379.6732694210964,66.40383900003144,6440.223383000102,13.0
1778864592,137,,Aggregated,127.900000,0.000000,81,120,250,430,1000,1900,3400,4100,5500,6300,6400,90709,0,81,379.30163137532304,66.40383900003144,6440.223383000102,13.0
1778864593,136,,Aggregated,127.500000,0.000000,81,120,250,420,1000,1900,3400,4100,5500,6300,6400,90833,0,81,378.9160457603644,66.40383900003144,6440.223383000102,13.0
1778864594,136,,Aggregated,127.000000,0.000000,81,120,250,420,1000,1900,3400,4100,5500,6300,6400,90958,0,81,378.51824722323676,66.40383900003144,6440.223383000102,13.0
1778864595,135,,Aggregated,125.600000,0.000000,81,120,250,420,1000,1900,3400,4100,5500,6300,6400,91084,0,81,378.12604144485465,66.40383900003144,6440.223383000102,13.0
1778864596,134,,Aggregated,125.600000,0.000000,81,120,250,420,1000,1900,3400,4100,5500,6300,6400,91203,0,81,377.744583856092,66.40383900003144,6440.223383000102,13.0
1778864597,134,,Aggregated,125.100000,0.000000,81,120,250,420,1000,1900,3400,4100,5500,6300,6400,91326,0,81,377.35064236483726,66.40383900003144,6440.223383000102,13.0
1778864598,133,,Aggregated,124.800000,0.000000,81,120,250,420,1000,1900,3400,4100,5500,6300,6400,91447,0,81,376.9629713709159,66.40383900003144,6440.223383000102,13.0
1778864599,132,,Aggregated,124.500000,0.000000,81,120,240,420,1000,1900,3400,4100,5500,6300,6400,91572,0,81,376.5704711379043,66.40383900003144,6440.223383000102,13.0
1778864600,132,,Aggregated,124.500000,0.000000,81,120,240,420,1000,1900,3400,4100,5500,6300,6400,91695,0,81,376.18442404843404,66.40383900003144,6440.223383000102,13.0
1778864601,131,,Aggregated,123.700000,0.000000,81,120,240,410,1000,1900,3400,4100,5500,6300,6400,91817,0,81,375.79943678142547,66.40383900003144,6440.223383000102,13.0
1778864602,130,,Aggregated,122.600000,0.000000,81,120,240,410,1000,1900,3400,4100,5500,6300,6400,91935,0,81,375.42596595815644,66.40383900003144,6440.223383000102,13.0
1778864603,130,,Aggregated,122.600000,0.000000,81,120,240,410,1000,1800,3400,4100,5500,6300,6400,92057,0,81,375.0395481967159,66.40383900003144,6440.223383000102,13.0
1778864604,129,,Aggregated,122.500000,0.000000,81,120,240,410,1000,1800,3400,4100,5500,6300,6400,92174,0,81,374.6706518428309,66.40383900003144,6440.223383000102,13.0
1778864605,128,,Aggregated,122.500000,0.000000,81,120,240,410,990,1800,3400,4100,5500,6300,6400,92296,0,81,374.28901261585645,66.40383900003144,6440.223383000102,13.0
1778864606,128,,Aggregated,121.800000,0.000000,81,120,240,410,990,1800,3400,4100,5500,6300,6400,92411,0,81,373.92846255707764,66.40383900003144,6440.223383000102,13.0
1778864607,127,,Aggregated,120.900000,0.000000,81,120,240,410,990,1800,3400,4100,5500,6300,6400,92527,0,81,373.5672558157084,66.40383900003144,6440.223383000102,13.0
1778864608,126,,Aggregated,120.600000,0.000000,81,120,240,410,990,1800,3400,4100,5500,6300,6400,92643,0,81,373.2047348291619,66.40383900003144,6440.223383000102,13.0
1778864609,125,,Aggregated,120.100000,0.000000,81,110,240,410,990,1800,3400,4100,5500,6300,6400,92759,0,81,372.8469397485744,66.40383900003144,6440.223383000102,13.0
1778864610,125,,Aggregated,119.600000,0.000000,81,110,240,400,990,1800,3400,4100,5500,6300,6400,92874,0,81,372.4882576475118,66.40383900003144,6440.223383000102,13.0
1778864611,124,,Aggregated,119.000000,0.000000,81,110,240,400,990,1800,3400,4100,5500,6300,6400,92987,0,81,372.1394625748872,66.40383900003144,6440.223383000102,13.0
1778864612,123,,Aggregated,118.500000,0.000000,81,110,230,400,980,1800,3400,4100,5500,6300,6400,93102,0,81,371.7876317029498,66.40383900003144,6440.223383000102,13.0
1778864613,122,,Aggregated,117.700000,0.000000,81,110,230,400,980,1800,3400,4100,5500,6300,6400,93213,0,81,371.4474100199977,66.40383900003144,6440.223383000102,13.0
1778864614,122,,Aggregated,116.700000,0.000000,81,110,230,400,980,1800,3400,4100,5500,6300,6400,93327,0,81,371.10305750473105,66.40383900003144,6440.223383000102,13.0
1778864615,121,,Aggregated,116.200000,0.000000,81,110,230,400,980,1800,3400,4100,5500,6300,6400,93437,0,81,370.76841713288076,66.40383900003144,6440.223383000102,13.0
1778864616,120,,Aggregated,115.300000,0.000000,81,110,230,400,980,1800,3400,4100,5500,6300,6400,93552,0,81,370.42287320671875,66.40383900003144,6440.223383000102,13.0
1778864617,119,,Aggregated,114.900000,0.000000,81,110,230,400,980,1800,3400,4100,5500,6300,6400,93661,0,81,370.0895003917426,66.40383900003144,6440.223383000102,13.0
1778864618,118,,Aggregated,113.900000,0.000000,81,110,230,400,980,1800,3400,4100,5500,6300,6400,93768,0,81,369.76325659991693,66.40383900003144,6440.223383000102,13.0
1778864619,118,,Aggregated,113.300000,0.000000,81,110,230,390,980,1800,3400,4100,5500,6300,6400,93876,0,81,369.43930531290226,66.40383900003144,6440.223383000102,13.0
1778864620,117,,Aggregated,112.300000,0.000000,81,110,230,390,970,1800,3400,4100,5500,6300,6400,93985,0,81,369.1075346006066,66.40383900003144,6440.223383000102,13.0
1778864621,116,,Aggregated,111.700000,0.000000,81,110,230,390,970,1800,3400,4100,5500,6300,6400,94089,0,81,368.79499446505986,66.40383900003144,6440.223383000102,13.0
1778864622,115,,Aggregated,111.600000,0.000000,81,110,230,390,970,1800,3400,4100,5500,6300,6400,94189,0,81,368.5111584843241,66.40383900003144,6440.223383000102,13.0
1778864623,114,,Aggregated,110.700000,0.000000,81,110,230,390,970,1800,3400,4100,5500,6300,6400,94286,0,81,368.2921965738603,66.40383900003144,6440.223383000102,13.0
1778864624,113,,Aggregated,109.800000,0.000000,81,110,230,390,970,1800,3400,4100,5500,6300,6400,94362,0,81,368.2303047554523,66.40383900003144,6440.223383000102,13.0
1778864625,113,,Aggregated,108.200000,0.000000,81,110,230,390,970,1800,3400,4100,5500,6300,6400,94426,0,81,368.3490430780397,66.40383900003144,6440.223383000102,13.0
1778864626,112,,Aggregated,106.300000,0.000000,81,110,230,390,970,1800,3400,4100,5500,6300,6400,94512,0,81,368.51828190019233,66.40383900003144,6440.223383000102,13.0
1778864627,111,,Aggregated,102.200000,0.000000,81,110,230,390,970,1800,3400,4100,5500,6300,6400,94605,0,81,368.40908979350957,66.40383900003144,6440.223383000102,13.0
1778864628,110,,Aggregated,98.100000,0.000000,81,110,230,390,970,1800,3400,4100,5500,6300,6400,94691,0,81,368.28681660418596,66.40383900003144,6440.223383000102,13.0
1778864629,109,,Aggregated,96.100000,0.000000,81,110,230,390,970,1800,3400,4100,5500,6300,6400,94787,0,81,368.1357658683469,66.40383900003144,6440.223383000102,13.0
1778864630,108,,Aggregated,94.100000,0.000000,81,110,230,390,970,1800,3400,4100,5500,6300,6400,94870,0,81,368.00886426020855,66.40383900003144,6440.223383000102,13.0
1778864631,107,,Aggregated,92.000000,0.000000,81,110,230,390,970,1800,3300,4100,5500,6300,6400,94961,0,81,367.9094783839679,66.40383900003144,6440.223383000102,13.0
1778864632,107,,Aggregated,89.800000,0.000000,81,110,230,390,970,1800,3300,4100,5500,6300,6400,95042,0,81,367.76306086444964,66.40383900003144,6440.223383000102,13.0
1778864633,106,,Aggregated,88.000000,0.000000,81,110,230,390,960,1800,3300,4100,5500,6300,6400,95109,0,81,367.771329469777,66.40383900003144,6440.223383000102,13.0
1778864634,105,,Aggregated,86.600000,0.000000,81,110,230,400,960,1800,3300,4100,5500,6300,6400,95178,0,81,367.9414088914355,66.40383900003144,6440.223383000102,13.0
1778864635,104,,Aggregated,84.400000,0.000000,81,120,230,400,960,1800,3300,4100,5500,6300,6400,95268,0,81,367.95377601846417,66.40383900003144,6440.223383000102,13.0
1778864636,103,,Aggregated,82.100000,0.000000,81,120,230,400,960,1800,3300,4100,5500,6300,6400,95350,0,81,367.75613454056673,66.40383900003144,6440.223383000102,13.0
1778864637,102,,Aggregated,81.800000,0.000000,81,120,230,400,960,1800,3300,4100,5500,6300,6400,95422,0,81,367.7271543250303,66.40383900003144,6440.223383000102,13.0
1778864638,101,,Aggregated,84.300000,0.000000,81,120,230,400,960,1800,3300,4100,5500,6300,6400,95472,0,81,367.80471722851763,66.40383900003144,6440.223383000102,13.0
1778864639,100,,Aggregated,83.000000,0.000000,81,120,240,400,960,1800,3300,4100,5500,6300,6400,95511,0,81,368.02730581439874,66.40383900003144,6440.223383000102,13.0
1778864640,100,,Aggregated,80.900000,0.000000,81,120,240,400,970,1800,3300,4100,5500,6300,6400,95570,0,81,368.52950609093904,66.40383900003144,6440.223383000102,13.0
1778864641,99,,Aggregated,77.300000,0.000000,81,120,240,400,970,1800,3300,4100,5500,6300,6400,95629,0,81,368.79370096235505,66.40383900003144,6440.223383000102,13.0
1778864642,98,,Aggregated,72.600000,0.000000,81,120,240,400,970,1800,3300,4100,5500,6300,6400,95688,0,81,368.9811238954215,66.40383900003144,6440.223383000102,13.0
1778864643,97,,Aggregated,69.700000,0.000000,81,120,240,410,970,1800,3300,4100,5500,6300,6400,95738,0,81,369.1819677263063,66.40383900003144,6440.223383000102,13.0
1778864644,96,,Aggregated,66.700000,0.000000,82,120,240,410,970,1800,3300,4100,5500,6300,6400,95781,0,82,369.4265715520211,66.40383900003144,6440.223383000102,13.0
1778864645,95,,Aggregated,64.300000,0.000000,82,120,240,410,970,1800,3300,4100,5500,6300,6400,95814,0,82,369.6465673122938,66.40383900003144,6440.223383000102,13.0
1778864646,94,,Aggregated,62.400000,0.000000,82,120,240,410,980,1800,3300,4100,5500,6300,6400,95840,0,82,369.8877387660281,66.40383900003144,6440.223383000102,13.0
1778864647,94,,Aggregated,60.100000,0.000000,82,120,240,410,980,1800,3300,4100,5500,6300,6400,95863,0,82,370.1768950125712,66.40383900003144,6440.223383000102,13.0
1778864648,93,,Aggregated,54.000000,0.000000,82,120,240,410,980,1800,3300,4100,5500,6300,6400,95896,0,82,370.86326830402845,66.40383900003144,6440.223383000102,13.0
1778864649,92,,Aggregated,48.500000,0.000000,82,120,240,410,980,1800,3300,4100,5500,6300,6400,95950,0,82,371.9015433324972,66.40383900003144,6440.223383000102,13.0
1778864650,91,,Aggregated,43.900000,0.000000,82,120,240,410,990,1800,3300,4100,5500,6300,6400,96023,0,82,372.18168281990893,66.40383900003144,6440.223383000102,13.0
1778864651,90,,Aggregated,42.300000,0.000000,82,120,240,410,980,1800,3300,4100,5500,6300,6400,96098,0,82,372.0713610475258,66.40383900003144,6440.223383000102,13.0
1778864652,89,,Aggregated,43.700000,0.000000,82,120,240,410,980,1800,3300,4100,5500,6300,6400,96159,0,82,372.024602981969,66.40383900003144,6440.223383000102,13.0
1778864653,88,,Aggregated,45.200000,0.000000,82,120,240,410,980,1800,3300,4100,5500,6300,6400,96222,0,82,371.9739923961273,66.40383900003144,6440.223383000102,13.0
1778864654,87,,Aggregated,46.400000,0.000000,82,120,240,410,980,1800,3300,4100,5500,6300,6400,96287,0,82,371.9608246209371,66.40383900003144,6440.223383000102,13.0
1778864655,87,,Aggregated,47.100000,0.000000,82,120,240,410,980,1800,3300,4100,5500,6300,6400,96356,0,82,371.9613539296483,66.40383900003144,6440.223383000102,13.0
1778864656,86,,Aggregated,48.200000,0.000000,82,120,240,410,990,1800,3300,4100,5500,6300,6400,96422,0,82,371.95741546021833,66.40383900003144,6440.223383000102,13.0
1778864657,85,,Aggregated,50.400000,0.000000,82,120,240,410,990,1800,3300,4100,5500,6300,6400,96495,0,82,371.8595472503777,66.40383900003144,6440.223383000102,13.0
1778864658,84,,Aggregated,54.100000,0.000000,82,120,240,410,980,1800,3300,4100,5500,6300,6400,96570,0,82,371.69628077354463,66.40383900003144,6440.223383000102,13.0
1778864659,83,,Aggregated,58.200000,0.000000,82,120,240,410,980,1800,3300,4100,5500,6300,6400,96640,0,82,371.57119579638055,66.40383900003144,6440.223383000102,13.0
1778864661,82,,Aggregated,63.200000,0.000000,82,120,240,410,980,1800,3300,4100,5500,6300,6400,96694,0,82,371.5391726338367,66.40383900003144,6440.223383000102,13.0
1778864662,82,,Aggregated,67.300000,0.000000,82,120,240,410,980,1800,3300,4100,5500,6300,6400,96771,0,82,371.4304841147059,66.40383900003144,6440.223383000102,13.0
1778864663,81,,Aggregated,68.600000,0.000000,82,120,240,410,980,1800,3300,4100,5500,6300,6400,96844,0,82,371.2390942689607,66.40383900003144,6440.223383000102,13.0
1778864664,80,,Aggregated,66.600000,0.000000,82,120,240,410,980,1800,3300,4100,5500,6300,6400,96907,0,82,371.12092312998226,66.40383900003144,6440.223383000102,13.0
1778864665,79,,Aggregated,68.300000,0.000000,82,120,240,410,980,1800,3300,4100,5500,6300,6400,96979,0,82,370.95299328102135,66.40383900003144,6440.223383000102,13.0
1778864666,78,,Aggregated,68.500000,0.000000,82,120,240,410,980,1800,3300,4100,5500,6300,6400,97048,0,82,370.77177120889854,66.40383900003144,6440.223383000102,13.0
1778864667,78,,Aggregated,68.500000,0.000000,82,120,240,410,980,1800,3300,4100,5500,6300,6400,97121,0,82,370.5797439776379,66.40383900003144,6440.223383000102,13.0
1778864668,77,,Aggregated,69.000000,0.000000,82,120,240,410,980,1800,3300,4100,5500,6300,6400,97193,0,82,370.3796463820457,66.40383900003144,6440.223383000102,13.0
1778864669,76,,Aggregated,69.000000,0.000000,82,120,240,410,980,1800,3300,4100,5500,6300,6400,97251,0,82,370.2292464383109,66.40383900003144,6440.223383000102,13.0
1778864670,75,,Aggregated,69.700000,0.000000,82,120,240,410,980,1800,3300,4100,5500,6300,6400,97317,0,82,370.1154630737709,66.40383900003144,6440.223383000102,13.0
1778864671,75,,Aggregated,68.100000,0.000000,82,120,240,410,980,1800,3300,4100,5500,6300,6400,97355,0,82,370.10839214650673,66.40383900003144,6440.223383000102,13.0
1778864672,74,,Aggregated,68.100000,0.000000,82,120,240,410,980,1800,3300,4100,5500,6300,6400,97402,0,82,370.2910819644583,66.40383900003144,6440.223383000102,13.0
1778864673,73,,Aggregated,66.000000,0.000000,82,120,240,410,980,1800,3300,4100,5500,6300,6400,97450,0,82,370.4286107659434,66.40383900003144,6440.223383000102,13.0
1778864674,72,,Aggregated,63.100000,0.000000,82,120,240,410,980,1800,3300,4100,5500,6300,6400,97488,0,82,370.5138281102001,66.40383900003144,6440.223383000102,13.0
1778864675,72,,Aggregated,60.200000,0.000000,82,120,240,410,980,1800,3300,4100,5500,6300,6400,97522,0,82,370.6690269691884,66.40383900003144,6440.223383000102,13.0
1778864676,71,,Aggregated,57.900000,0.000000,82,120,250,410,980,1800,3300,4100,5500,6300,6400,97557,0,82,370.9081173919676,66.40383900003144,6440.223383000102,13.0
1778864677,70,,Aggregated,54.000000,0.000000,82,120,250,420,980,1800,3300,4100,5500,6300,6400,97612,0,82,371.1609260819901,66.40383900003144,6440.223383000102,13.0
1778864678,69,,Aggregated,50.800000,0.000000,82,120,250,420,980,1800,3300,4100,5500,6300,6400,97674,0,82,371.0381344407539,66.40383900003144,6440.223383000102,13.0
1778864679,69,,Aggregated,48.800000,0.000000,82,120,250,420,980,1800,3300,4100,5500,6300,6400,97739,0,82,370.85326850875515,66.40383900003144,6440.223383000102,13.0
1778864680,68,,Aggregated,47.900000,0.000000,82,120,250,410,980,1800,3300,4100,5500,6300,6400,97802,0,82,370.66573373871927,66.40383900003144,6440.223383000102,13.0
1778864681,67,,Aggregated,48.400000,0.000000,82,120,250,410,980,1800,3300,4100,5500,6300,6400,97865,0,82,370.4784203417485,66.40383900003144,6440.223383000102,13.0
1778864682,67,,Aggregated,48.200000,0.000000,82,120,240,410,980,1800,3300,4100,5500,6300,6400,97925,0,82,370.30102406471514,66.40383900003144,6440.223383000102,13.0
1778864683,66,,Aggregated,50.800000,0.000000,82,120,240,410,980,1800,3300,4100,5500,6300,6400,97989,0,82,370.11062937575866,66.40383900003144,6440.223383000102,13.0
1778864684,65,,Aggregated,52.100000,0.000000,82,120,240,410,980,1800,3300,4100,5400,6300,6400,98049,0,82,369.93274453143056,66.40383900003144,6440.223383000102,13.0
1778864685,65,,Aggregated,53.900000,0.000000,82,120,240,410,980,1800,3300,4100,5400,6300,6400,98110,0,82,369.7556839266967,66.40383900003144,6440.223383000102,13.0
1778864686,64,,Aggregated,56.000000,0.000000,82,120,240,410,970,1800,3300,4100,5400,6300,6400,98170,0,82,369.5797812771336,66.40383900003144,6440.223383000102,13.0
1778864687,64,,Aggregated,58.700000,0.000000,82,120,240,410,970,1800,3300,4100,5400,6300,6400,98230,0,82,369.4026606675374,66.40383900003144,6440.223383000102,13.0
1778864688,63,,Aggregated,61.100000,0.000000,82,120,240,410,970,1800,3300,4100,5400,6300,6400,98287,0,82,369.23504141785986,66.40383900003144,6440.223383000102,13.0
1778864689,62,,Aggregated,61.500000,0.000000,82,120,240,410,970,1800,3300,4100,5400,6300,6400,98344,0,82,369.06819910106583,66.40383900003144,6440.223383000102,13.0
1778864690,62,,Aggregated,61.100000,0.000000,82,120,240,410,970,1800,3300,4100,5400,6300,6400,98402,0,82,368.89656405301935,66.40383900003144,6440.223383000102,13.0
1778864691,61,,Aggregated,60.500000,0.000000,82,120,240,410,970,1800,3300,4100,5400,6300,6400,98458,0,82,368.73104687888446,66.40383900003144,6440.223383000102,13.0
1778864692,61,,Aggregated,59.700000,0.000000,82,120,240,410,970,1800,3300,4100,5400,6300,6400,98515,0,82,368.5629938347787,66.40383900003144,6440.223383000102,13.0
1778864693,60,,Aggregated,59.000000,0.000000,82,120,240,410,970,1800,3300,4100,5400,6300,6400,98571,0,82,368.39895044918086,66.40383900003144,6440.223383000102,13.0
1778864694,60,,Aggregated,58.500000,0.000000,82,120,240,410,970,1800,3300,4100,5400,6300,6400,98626,0,82,368.23799862224155,66.40383900003144,6440.223383000102,13.0
1778864695,59,,Aggregated,58.000000,0.000000,82,120,240,410,970,1800,3300,4100,5400,6300,6400,98682,0,82,368.0735633882185,66.40383900003144,6440.223383000102,13.0
1778864696,59,,Aggregated,57.600000,0.000000,82,120,240,410,970,1800,3300,4100,5400,6300,6400,98735,0,82,367.9183117571805,66.40383900003144,6440.223383000102,13.0
1778864697,58,,Aggregated,57.100000,0.000000,82,120,240,410,970,1800,3300,4100,5400,6300,6400,98792,0,82,367.7521019044477,66.40383900003144,6440.223383000102,13.0
1778864698,58,,Aggregated,56.600000,0.000000,82,120,240,410,970,1800,3300,4100,5400,6300,6400,98845,0,82,367.5971004692821,66.40383900003144,6440.223383000102,13.0
1778864699,57,,Aggregated,56.200000,0.000000,82,120,240,410,960,1800,3300,4100,5400,6300,6400,98898,0,82,367.44285631815814,66.40383900003144,6440.223383000102,13.0
1778864700,57,,Aggregated,55.600000,0.000000,82,120,240,400,960,1800,3300,4100,5400,6300,6400,98951,0,82,367.2889768298067,66.40383900003144,6440.223383000102,13.0
1778864701,56,,Aggregated,55.200000,0.000000,82,120,240,400,960,1800,3300,4100,5400,6300,6400,99003,0,82,367.13877944712993,66.40383900003144,6440.223383000102,13.0
1778864702,56,,Aggregated,54.800000,0.000000,82,120,240,400,960,1800,3300,4100,5400,6300,6400,99052,0,82,367.0006433376834,66.40383900003144,6440.223383000102,13.0
1778864703,55,,Aggregated,54.300000,0.000000,82,120,240,400,960,1800,3300,4100,5400,6300,6400,99103,0,82,366.85413641955597,66.40383900003144,6440.223383000102,13.0
1778864704,55,,Aggregated,53.900000,0.000000,81,120,240,400,960,1700,3300,4100,5400,6300,6400,99156,0,81,366.7000870700134,66.40383900003144,6440.223383000102,13.0
1778864705,55,,Aggregated,53.400000,0.000000,81,120,240,400,960,1700,3300,4100,5400,6300,6400,99207,0,81,366.55296173822666,66.40383900003144,6440.223383000102,13.0
1778864706,54,,Aggregated,52.800000,0.000000,81,120,240,400,960,1700,3300,4100,5400,6300,6400,99259,0,81,366.40260383880815,66.40383900003144,6440.223383000102,13.0
1778864707,54,,Aggregated,52.200000,0.000000,81,120,240,400,960,1700,3300,4100,5400,6300,6400,99306,0,81,366.26683050148273,66.40383900003144,6440.223383000102,13.0
1778864708,53,,Aggregated,51.800000,0.000000,81,120,240,400,960,1700,3300,4100,5400,6300,6400,99357,0,81,366.1194367027308,66.40383900003144,6440.223383000102,13.0
1778864709,53,,Aggregated,51.600000,0.000000,81,120,240,400,960,1700,3300,4100,5400,6300,6400,99407,0,81,365.97882627024484,66.40383900003144,6440.223383000102,13.0
1778864710,53,,Aggregated,51.100000,0.000000,81,120,240,400,960,1700,3300,4100,5400,6300,6400,99455,0,81,365.8426393419962,66.40383900003144,6440.223383000102,13.0
1778864711,52,,Aggregated,50.900000,0.000000,81,120,240,400,960,1700,3300,4100,5400,6300,6400,99506,0,81,365.6960762495049,66.40383900003144,6440.223383000102,13.0
1778864712,52,,Aggregated,50.400000,0.000000,81,120,240,400,960,1700,3300,4100,5400,6300,6400,99551,0,81,365.568019242431,66.40383900003144,6440.223383000102,13.0
1778864713,52,,Aggregated,50.200000,0.000000,81,120,240,400,960,1700,3300,4100,5400,6300,6400,99601,0,81,365.42481870811787,66.40383900003144,6440.223383000102,13.0
1778864714,52,,Aggregated,49.400000,0.000000,81,120,230,400,960,1700,3300,4100,5400,6300,6400,99647,0,81,365.2928975789663,66.40383900003144,6440.223383000102,13.0
1778864715,51,,Aggregated,48.900000,0.000000,81,120,230,400,960,1700,3300,4100,5400,6300,6400,99691,0,81,365.16670625466946,66.40383900003144,6440.223383000102,13.0
1778864716,51,,Aggregated,48.700000,0.000000,81,120,230,400,960,1700,3300,4100,5400,6300,6400,99741,0,81,365.0251422038404,66.40383900003144,6440.223383000102,13.0
1778864717,51,,Aggregated,48.800000,0.000000,81,120,230,400,960,1700,3300,4100,5400,6300,6400,99789,0,81,364.8875183118508,66.40383900003144,6440.223383000102,13.0
1778864718,51,,Aggregated,48.200000,0.000000,81,120,230,400,950,1700,3300,4100,5400,6300,6400,99835,0,81,364.75624236480456,66.40383900003144,6440.223383000102,13.0
1778864719,51,,Aggregated,47.800000,0.000000,81,120,230,400,950,1700,3300,4100,5400,6300,6400,99882,0,81,364.6213732701714,66.40383900003144,6440.223383000102,13.0
1778864720,50,,Aggregated,48.100000,0.000000,81,120,230,400,950,1700,3300,4100,5400,6300,6400,99931,0,81,364.4828973918831,66.40383900003144,6440.223383000102,13.0
1778864721,50,,Aggregated,47.600000,0.000000,81,120,230,390,950,1700,3300,4100,5400,6300,6400,99977,0,81,364.351328775251,66.40383900003144,6440.223383000102,13.0
1778864722,50,,Aggregated,47.800000,0.000000,81,120,230,390,950,1700,3300,4100,5400,6300,6400,100024,0,81,364.21692095460344,66.40383900003144,6440.223383000102,13.0
1778864723,50,,Aggregated,47.200000,0.000000,81,120,230,390,950,1700,3300,4100,5400,6300,6400,100069,0,81,364.0890286032863,66.40383900003144,6440.223383000102,13.0
1778864724,50,,Aggregated,47.500000,0.000000,81,120,230,390,950,1700,3300,4100,5400,6300,6400,100118,0,81,363.9498242968924,66.40383900003144,6440.223383000102,13.0
1778864725,50,,Aggregated,47.500000,0.000000,81,120,230,390,950,1700,3300,4100,5400,6300,6400,100164,0,81,363.8187768724118,66.40383900003144,6440.223383000102,13.0
1778864726,50,,Aggregated,47.100000,0.000000,81,120,230,390,950,1700,3300,4100,5400,6300,6400,100208,0,81,363.6951289356661,66.40383900003144,6440.223383000102,13.0
1778864727,50,,Aggregated,46.800000,0.000000,81,120,230,390,950,1700,3300,4100,5400,6300,6400,100254,0,81,363.5643432482018,66.40383900003144,6440.223383000102,13.0
1778864728,50,,Aggregated,46.500000,0.000000,81,120,230,390,950,1700,3300,4100,5400,6300,6400,100301,0,81,363.4311347477913,66.40383900003144,6440.223383000102,13.0
1778864729,50,,Aggregated,46.500000,0.000000,81,120,230,390,950,1700,3300,4100,5400,6300,6400,100345,0,81,363.3061635670557,66.40383900003144,6440.223383000102,13.0
1778864730,50,,Aggregated,46.200000,0.000000,81,120,230,390,950,1700,3300,4100,5400,6300,6400,100395,0,81,363.16431931793613,66.40383900003144,6440.223383000102,13.0
1778864731,50,,Aggregated,46.100000,0.000000,81,110,230,390,950,1700,3300,4100,5400,6300,6400,100442,0,81,363.03101650437276,66.40383900003144,6440.223383000102,13.0
1778864732,50,,Aggregated,46.000000,0.000000,81,110,230,390,950,1700,3300,4100,5400,6300,6400,100485,0,81,362.90932521177496,66.40383900003144,6440.223383000102,13.0
1778864733,50,,Aggregated,46.300000,0.000000,81,110,230,390,940,1700,3300,4100,5400,6300,6400,100533,0,81,362.77583419453515,66.40383900003144,6440.223383000102,13.0
1778864734,50,,Aggregated,46.100000,0.000000,81,110,230,390,940,1700,3300,4100,5400,6300,6400,100582,0,81,362.637672700873,66.40383900003144,6440.223383000102,13.0
1778864735,50,,Aggregated,46.100000,0.000000,81,110,230,390,940,1700,3300,4100,5400,6300,6400,100627,0,81,362.51098562138606,66.40383900003144,6440.223383000102,13.0
1778864736,50,,Aggregated,46.100000,0.000000,81,110,230,390,940,1700,3300,4100,5400,6300,6400,100674,0,81,362.3791185920023,66.40383900003144,6440.223383000102,13.0
1778864737,50,,Aggregated,46.300000,0.000000,81,110,230,390,940,1700,3300,4100,5400,6300,6400,100719,0,81,362.2526322426182,66.40383900003144,6440.223383000102,13.0
1778864738,50,,Aggregated,46.800000,0.000000,81,110,230,390,940,1700,3300,4100,5400,6300,6400,100767,0,81,362.11807485431996,66.40383900003144,6440.223383000102,13.0
1778864739,50,,Aggregated,46.300000,0.000000,81,110,230,390,940,1700,3300,4100,5400,6300,6400,100816,0,81,361.9809410214182,66.40383900003144,6440.223383000102,13.0
1778864740,50,,Aggregated,46.200000,0.000000,81,110,230,390,940,1700,3300,4100,5400,6300,6400,100860,0,81,361.858987564865,66.40383900003144,6440.223383000102,13.0
1778864741,50,,Aggregated,45.900000,0.000000,81,110,230,390,940,1700,3300,4100,5400,6300,6400,100904,0,81,361.73630105951486,66.40383900003144,6440.223383000102,13.0
1778864742,50,,Aggregated,46.000000,0.000000,81,110,230,390,940,1700,3300,4100,5400,6300,6400,100949,0,81,361.6108341281567,66.40383900003144,6440.223383000102,13.0
1778864743,51,,Aggregated,46.200000,0.000000,81,110,230,390,940,1700,3300,4100,5400,6300,6400,100997,0,81,361.477611178434,66.40383900003144,6440.223383000102,13.0
1778864744,51,,Aggregated,46.300000,0.000000,81,110,230,390,940,1700,3300,4100,5400,6300,6400,101047,0,81,361.3431772918274,66.40383900003144,6440.223383000102,13.0
1778864745,51,,Aggregated,46.200000,0.000000,81,110,230,380,940,1700,3300,4100,5400,6300,6400,101095,0,81,361.2119145530172,66.40383900003144,6440.223383000102,13.0
1778864746,51,,Aggregated,46.500000,0.000000,81,110,230,380,940,1700,3300,4100,5400,6300,6400,101139,0,81,361.0891433676255,66.40383900003144,6440.223383000102,13.0
1778864747,51,,Aggregated,46.400000,0.000000,81,110,230,380,940,1700,3300,4100,5400,6300,6400,101189,0,81,360.94946427740416,66.40383900003144,6440.223383000102,13.0
1778864748,52,,Aggregated,46.600000,0.000000,81,110,230,380,940,1700,3300,4100,5400,6300,6400,101239,0,81,360.8102907753263,66.40383900003144,6440.223383000102,13.0
1778864749,52,,Aggregated,46.700000,0.000000,81,110,230,380,940,1700,3300,4100,5400,6300,6400,101287,0,81,360.67654412043254,66.40383900003144,6440.223383000102,13.0
1778864750,52,,Aggregated,47.100000,0.000000,81,110,230,380,940,1700,3300,4100,5400,6300,6400,101332,0,81,360.55135255281925,66.40383900003144,6440.223383000102,13.0
1778864751,53,,Aggregated,47.700000,0.000000,81,110,230,380,940,1700,3300,4100,5400,6300,6400,101383,0,81,360.41014284040017,66.40383900003144,6440.223383000102,13.0
1778864752,53,,Aggregated,47.400000,0.000000,81,110,230,380,930,1700,3300,4100,5400,6300,6400,101434,0,81,360.2701937439055,66.40383900003144,6440.223383000102,13.0
1778864753,53,,Aggregated,47.200000,0.000000,81,110,230,380,930,1700,3300,4100,5400,6300,6400,101481,0,81,360.1397690947794,66.40383900003144,6440.223383000102,13.0
1778864754,54,,Aggregated,47.500000,0.000000,81,110,230,380,930,1700,3300,4100,5400,6300,6400,101530,0,81,360.0046860256407,66.40383900003144,6440.223383000102,13.0
1778864755,54,,Aggregated,47.900000,0.000000,81,110,230,380,930,1700,3300,4100,5400,6300,6400,101579,0,81,359.87051965562057,66.40383900003144,6440.223383000102,13.0
1778864756,54,,Aggregated,48.400000,0.000000,81,110,230,380,930,1700,3300,4100,5400,6300,6400,101630,0,81,359.72939931471274,66.40383900003144,6440.223383000102,13.0
1778864757,55,,Aggregated,48.700000,0.000000,81,110,220,380,930,1700,3300,4100,5400,6300,6400,101682,0,81,359.58567637430644,66.40383900003144,6440.223383000102,13.0
1778864758,55,,Aggregated,48.400000,0.000000,81,110,220,380,930,1700,3300,4100,5400,6300,6400,101736,0,81,359.4369866050091,66.40383900003144,6440.223383000102,13.0
1778864759,55,,Aggregated,49.400000,0.000000,81,110,220,380,930,1700,3300,4100,5400,6300,6400,101786,0,81,359.29957516136994,66.40383900003144,6440.223383000102,13.0
1778864760,56,,Aggregated,49.700000,0.000000,81,110,220,380,930,1700,3300,4100,5400,6300,6400,101836,0,81,359.1651739174181,66.40383900003144,6440.223383000102,13.0
1778864761,56,,Aggregated,49.700000,0.000000,81,110,220,380,930,1700,3300,4100,5400,6300,6400,101891,0,81,359.01467968831577,66.40383900003144,6440.223383000102,13.0
1778864762,57,,Aggregated,50.100000,0.000000,81,110,220,380,930,1700,3300,4100,5400,6300,6400,101944,0,81,358.86986294327465,66.40383900003144,6440.223383000102,13.0
1778864763,57,,Aggregated,50.600000,0.000000,81,110,220,380,930,1700,3300,4100,5400,6300,6400,101998,0,81,358.72295192220633,66.40383900003144,6440.223383000102,13.0
1778864764,58,,Aggregated,51.200000,0.000000,81,110,220,380,930,1700,3300,4100,5400,6300,6400,102048,0,81,358.58615333429555,66.40383900003144,6440.223383000102,13.0
1778864765,58,,Aggregated,51.200000,0.000000,81,110,220,380,930,1700,3300,4100,5400,6300,6400,102103,0,81,358.4354014826714,66.40383900003144,6440.223383000102,13.0
1778864766,59,,Aggregated,51.500000,0.000000,81,110,220,380,920,1700,3300,4100,5400,6300,6400,102158,0,81,358.2879389555902,66.40383900003144,6440.223383000102,13.0
1778864767,59,,Aggregated,51.700000,0.000000,81,110,220,380,920,1700,3200,4100,5400,6300,6400,102208,0,81,358.1557870145016,66.40383900003144,6440.223383000102,13.0
1778864768,60,,Aggregated,52.600000,0.000000,81,110,220,380,920,1700,3200,4100,5400,6300,6400,102267,0,81,357.995558818956,66.40383900003144,6440.223383000102,13.0
1778864769,60,,Aggregated,52.800000,0.000000,81,110,220,380,920,1700,3200,4100,5400,6300,6400,102324,0,81,357.84324004948166,66.40383900003144,6440.223383000102,13.0
1778864770,61,,Aggregated,53.000000,0.000000,81,110,220,380,920,1700,3200,4100,5400,6300,6400,102380,0,81,357.6911297499529,66.40383900003144,6440.223383000102,13.0
1778864771,61,,Aggregated,53.700000,0.000000,81,110,220,370,920,1700,3200,4100,5400,6300,6400,102439,0,81,357.53115213003036,66.40383900003144,6440.223383000102,13.0
1778864772,62,,Aggregated,54.400000,0.000000,81,110,220,370,920,1700,3200,4100,5400,6300,6400,102498,0,81,357.3733683525062,66.40383900003144,6440.223383000102,13.0
1778864773,63,,Aggregated,54.900000,0.000000,81,110,220,370,920,1700,3200,4100,5400,6300,6400,102555,0,81,357.2207687650447,66.40383900003144,6440.223383000102,13.0
1778864774,63,,Aggregated,54.800000,0.000000,81,110,220,370,920,1700,3200,4100,5400,6300,6400,102614,0,81,357.06139434041353,66.40383900003144,6440.223383000102,13.0
1778864775,64,,Aggregated,55.600000,0.000000,81,110,220,370,920,1700,3200,4100,5400,6300,6400,102675,0,81,356.89894034027935,66.40383900003144,6440.223383000102,13.0
1778864776,64,,Aggregated,55.900000,0.000000,81,110,220,370,920,1700,3200,4100,5400,6300,6400,102733,0,81,356.7426093860122,66.40383900003144,6440.223383000102,13.0
1778864777,65,,Aggregated,56.500000,0.000000,81,110,220,370,920,1700,3200,4100,5400,6300,6400,102791,0,81,356.5863787187321,66.40383900003144,6440.223383000102,13.0
1778864778,66,,Aggregated,56.700000,0.000000,81,110,220,370,920,1700,3200,4100,5400,6300,6400,102854,0,81,356.41805165320915,66.40383900003144,6440.223383000102,13.0
1778864779,66,,Aggregated,57.400000,0.000000,81,110,220,370,920,1700,3200,4100,5400,6300,6400,102913,0,81,356.26020976064416,66.40383900003144,6440.223383000102,13.0
1778864780,67,,Aggregated,58.000000,0.000000,81,110,220,370,920,1700,3200,4100,5400,6300,6400,102977,0,81,356.0902422887165,66.40383900003144,6440.223383000102,13.0
1778864781,68,,Aggregated,58.500000,0.000000,81,110,220,370,920,1700,3200,4100,5400,6300,6400,103039,0,81,355.9248351567287,66.40383900003144,6440.223383000102,13.0
1778864782,68,,Aggregated,59.300000,0.000000,81,110,220,370,920,1700,3200,4100,5400,6300,6400,103104,0,81,355.75560870069205,66.40383900003144,6440.223383000102,13.0
1778864783,69,,Aggregated,60.000000,0.000000,81,110,220,370,920,1700,3200,4100,5400,6300,6400,103170,0,81,355.57921911814634,66.40383900003144,6440.223383000102,13.0
1778864784,70,,Aggregated,60.700000,0.000000,81,110,220,370,920,1700,3200,4100,5400,6300,6400,103235,0,81,355.406641079858,66.40383900003144,6440.223383000102,13.0
1778864785,70,,Aggregated,61.400000,0.000000,81,110,220,370,910,1700,3200,4100,5400,6300,6400,103300,0,81,355.2343233669808,66.40383900003144,6440.223383000102,13.0
1778864786,71,,Aggregated,61.600000,0.000000,81,110,220,370,910,1700,3200,4100,5400,6300,6400,103365,0,81,355.0612461569694,66.40383900003144,6440.223383000102,13.0
1778864787,72,,Aggregated,62.100000,0.000000,81,110,220,370,910,1700,3200,4100,5400,6300,6400,103433,0,81,354.8828710527408,66.40383900003144,6440.223383000102,13.0
1778864788,73,,Aggregated,63.000000,0.000000,81,110,220,370,910,1700,3200,4000,5400,6300,6400,103503,0,81,354.6983068548464,66.40383900003144,6440.223383000102,13.0
1778864789,73,,Aggregated,63.400000,0.000000,81,110,220,370,910,1700,3200,4000,5400,6300,6400,103567,0,81,354.53133186910065,66.40383900003144,6440.223383000102,13.0
1778864790,74,,Aggregated,64.100000,0.000000,81,110,220,370,910,1700,3200,4000,5400,6300,6400,103634,0,81,354.3546044051484,66.40383900003144,6440.223383000102,13.0
1778864791,75,,Aggregated,64.400000,0.000000,81,110,220,370,910,1700,3200,4000,5400,6300,6400,103705,0,81,354.16779655856647,66.40383900003144,6440.223383000102,13.0
1778864792,76,,Aggregated,65.000000,0.000000,81,110,220,360,910,1700,3200,4000,5400,6300,6400,103777,0,81,353.9781264364948,66.40383900003144,6440.223383000102,13.0
1778864793,76,,Aggregated,65.700000,0.000000,81,110,210,360,910,1700,3200,4000,5400,6300,6400,103847,0,81,353.7948524588588,66.40383900003144,6440.223383000102,13.0
1778864794,77,,Aggregated,66.900000,0.000000,81,110,210,360,910,1700,3200,4000,5400,6300,6400,103916,0,81,353.6149836957457,66.40383900003144,6440.223383000102,13.0
1778864795,78,,Aggregated,67.500000,0.000000,81,110,210,360,910,1700,3200,4000,5400,6300,6400,103991,0,81,353.4197694788886,66.40383900003144,6440.223383000102,13.0
1778864796,79,,Aggregated,68.200000,0.000000,81,110,210,360,910,1700,3200,4000,5400,6300,6400,104067,0,81,353.22103162305126,66.40383900003144,6440.223383000102,13.0
1778864797,79,,Aggregated,69.300000,0.000000,81,110,210,360,910,1700,3200,4000,5400,6300,6400,104141,0,81,353.0282646789935,66.40383900003144,6440.223383000102,13.0
1778864798,80,,Aggregated,70.000000,0.000000,81,110,210,360,910,1700,3200,4000,5400,6300,6400,104214,0,81,352.84056731809613,66.40383900003144,6440.223383000102,13.0
1778864799,81,,Aggregated,70.200000,0.000000,81,110,210,360,900,1700,3200,4000,5400,6300,6400,104290,0,81,352.64221344885436,66.40383900003144,6440.223383000102,13.0
1778864800,82,,Aggregated,70.500000,0.000000,81,110,210,360,900,1700,3200,4000,5400,6300,6400,104365,0,81,352.44651924114453,66.40383900003144,6440.223383000102,13.0
1778864801,83,,Aggregated,71.900000,0.000000,81,110,210,360,900,1700,3200,4000,5400,6300,6400,104442,0,81,352.24696211671585,66.40383900003144,6440.223383000102,13.0
1778864802,84,,Aggregated,72.500000,0.000000,81,110,210,360,900,1700,3200,4000,5400,6300,6400,104519,0,81,352.04767473797136,66.40383900003144,6440.223383000102,13.0
1778864803,84,,Aggregated,73.100000,0.000000,81,110,210,360,900,1700,3200,4000,5400,6300,6400,104597,0,81,351.8471681113705,66.40383900003144,6440.223383000102,13.0
1778864804,85,,Aggregated,73.300000,0.000000,81,110,210,360,900,1700,3200,4000,5400,6300,6400,104677,0,81,351.64014978618053,66.40383900003144,6440.223383000102,13.0
1778864805,86,,Aggregated,74.100000,0.000000,81,110,210,360,900,1700,3200,4000,5400,6300,6400,104755,0,81,351.43888632314446,66.40383900003144,6440.223383000102,13.0
1778864806,87,,Aggregated,75.300000,0.000000,81,110,210,360,900,1700,3200,4000,5400,6300,6400,104837,0,81,351.2278895152477,66.40383900003144,6440.223383000102,13.0
1778864807,88,,Aggregated,76.000000,0.000000,81,110,210,360,900,1700,3200,4000,5400,6300,6400,104919,0,81,351.0164477395136,66.40383900003144,6440.223383000102,13.0
1778864808,89,,Aggregated,76.500000,0.000000,81,110,210,360,900,1700,3200,4000,5400,6300,6400,105003,0,81,350.8000690884263,66.40383900003144,6440.223383000102,13.0
1778864809,89,,Aggregated,77.800000,0.000000,81,110,210,360,900,1700,3200,4000,5400,6300,6400,105087,0,81,350.5840200016274,66.40383900003144,6440.223383000102,13.0
1778864810,90,,Aggregated,78.800000,0.000000,81,110,210,360,900,1700,3200,4000,5400,6300,6400,105172,0,81,350.36659593792086,66.40383900003144,6440.223383000102,13.0
1778864811,91,,Aggregated,79.300000,0.000000,81,100,210,350,900,1700,3200,4000,5400,6300,6400,105255,0,81,350.15412116690896,66.40383900003144,6440.223383000102,13.0
1778864812,92,,Aggregated,79.800000,0.000000,81,100,210,350,890,1700,3200,4000,5400,6300,6400,105341,0,81,349.9346905467862,66.40383900003144,6440.223383000102,13.0
1778864813,93,,Aggregated,80.500000,0.000000,81,100,210,350,890,1700,3200,4000,5400,6300,6400,105423,0,81,349.74725915203516,66.40383900003144,6440.223383000102,13.0
1778864814,94,,Aggregated,81.500000,0.000000,81,100,210,350,890,1700,3200,4000,5400,6300,6400,105508,0,81,349.53834932025063,66.40383900003144,6440.223383000102,13.0
1778864815,95,,Aggregated,81.700000,0.000000,81,100,210,350,890,1700,3200,4000,5400,6300,6400,105596,0,81,349.3223270368858,66.40383900003144,6440.223383000102,13.0
1778864816,96,,Aggregated,82.600000,0.000000,81,100,210,350,890,1700,3200,4000,5400,6300,6400,105688,0,81,349.09281804526523,66.40383900003144,6440.223383000102,13.0
1778864817,96,,Aggregated,83.100000,0.000000,81,100,210,350,890,1700,3200,4000,5400,6300,6400,105775,0,81,348.90068914639545,66.40383900003144,6440.223383000102,13.0
1778864818,97,,Aggregated,84.300000,0.000000,81,100,210,350,890,1700,3200,4000,5400,6300,6400,105862,0,81,348.7016168554529,66.40383900003144,6440.223383000102,13.0
1778864819,98,,Aggregated,84.800000,0.000000,81,100,210,350,890,1700,3200,4000,5400,6300,6400,105953,0,81,348.4891322474016,66.40383900003144,6440.223383000102,13.0
1778864820,99,,Aggregated,85.300000,0.000000,81,100,210,350,890,1700,3200,4000,5400,6300,6400,106044,0,81,348.2691505022724,66.40383900003144,6440.223383000102,13.0
1778864821,100,,Aggregated,85.600000,0.000000,81,100,210,350,880,1700,3200,4000,5400,6300,6400,106136,0,81,348.0445238438698,66.40383900003144,6440.223383000102,13.0
1778864822,101,,Aggregated,86.600000,0.000000,81,100,200,350,880,1700,3200,4000,5400,6300,6400,106228,0,81,347.8216365023435,66.40383900003144,6440.223383000102,13.0
1778864823,102,,Aggregated,87.300000,0.000000,81,100,200,350,880,1700,3200,4000,5400,6300,6400,106322,0,81,347.59474988309984,66.40383900003144,6440.223383000102,13.0
1778864824,103,,Aggregated,88.400000,0.000000,81,100,200,350,880,1700,3200,4000,5400,6300,6400,106415,0,81,347.3730189023532,66.40383900003144,6440.223383000102,13.0
1778864825,103,,Aggregated,89.600000,0.000000,81,100,200,350,880,1700,3200,4000,5400,6300,6400,106496,0,81,347.2622471533101,66.40383900003144,6440.223383000102,13.0
1778864826,104,,Aggregated,89.900000,0.000000,81,100,200,350,880,1700,3200,4000,5400,6300,6400,106588,0,81,347.1004597173313,66.40383900003144,6440.223383000102,13.0
1778864827,105,,Aggregated,89.800000,0.000000,81,100,210,350,880,1700,3200,4000,5400,6300,6400,106663,0,81,347.0497827405934,66.40383900003144,6440.223383000102,13.0
1778864828,106,,Aggregated,90.100000,0.000000,81,100,210,350,880,1600,3200,4000,5400,6300,6400,106726,0,81,347.1499934159802,66.40383900003144,6440.223383000102,13.0
1778864829,107,,Aggregated,88.900000,0.000000,81,100,210,350,880,1600,3200,4000,5400,6300,6400,106761,0,81,347.32334355866755,66.40383900003144,6440.223383000102,13.0
1778864830,108,,Aggregated,87.200000,0.000000,81,100,210,350,880,1600,3200,4000,5400,6300,6400,106786,0,81,347.5548194548155,66.40383900003144,6440.223383000102,13.0
1778864831,109,,Aggregated,83.600000,0.000000,81,100,210,350,880,1700,3200,4000,5400,6300,6400,106811,0,81,347.88896784018436,66.40383900003144,6440.223383000102,13.0
1778864832,109,,Aggregated,77.700000,0.000000,81,100,210,350,890,1700,3200,4000,5400,6300,6400,106834,0,81,348.2698305609911,66.40383900003144,6440.223383000102,13.0
1778864833,110,,Aggregated,71.000000,0.000000,81,100,210,350,890,1700,3200,4000,5400,6300,6400,106858,0,81,348.7810439187046,66.40383900003144,6440.223383000102,13.0
1778864834,111,,Aggregated,63.800000,0.000000,81,100,210,350,890,1700,3200,4000,5400,6300,6400,106884,0,81,349.4656118980382,66.40383900003144,6440.223383000102,13.0
1778864835,112,,Aggregated,57.100000,0.000000,81,110,210,350,900,1700,3200,4000,5400,6300,6400,106908,0,81,350.1518275138898,66.40383900003144,6440.223383000102,13.0
1778864836,113,,Aggregated,50.200000,0.000000,81,110,210,350,900,1700,3200,4100,5500,6300,6400,106933,0,81,350.8932703705492,66.40383900003144,6440.223383000102,13.0
1778864837,114,,Aggregated,44.200000,0.000000,81,110,210,350,900,1700,3200,4100,5500,6300,6400,106967,0,81,351.93638290409126,66.40383900003144,6440.223383000102,13.0
1778864838,115,,Aggregated,37.200000,0.000000,81,110,210,360,900,1700,3300,4100,5500,6300,6400,107021,0,81,353.2828908581299,66.40383900003144,6440.223383000102,13.0
1778864839,115,,Aggregated,32.300000,0.000000,81,110,210,360,910,1700,3300,4100,5500,6300,6400,107062,0,81,353.8229864546331,66.40383900003144,6440.223383000102,13.0
1778864840,116,,Aggregated,29.700000,0.000000,81,110,210,360,910,1700,3300,4100,5500,6300,6400,107088,0,81,354.0498028395144,66.40383900003144,6440.223383000102,13.0
1778864841,117,,Aggregated,30.300000,0.000000,81,110,210,360,910,1700,3300,4100,5500,6300,6400,107114,0,81,354.38784125578286,66.40383900003144,6440.223383000102,13.0
1778864842,118,,Aggregated,30.400000,0.000000,81,110,210,360,910,1700,3300,4100,5500,6300,6400,107140,0,81,354.8695050613583,66.40383900003144,6440.223383000102,13.0
1778864843,119,,Aggregated,30.400000,0.000000,81,110,210,360,910,1700,3300,4100,5500,6300,6400,107164,0,81,355.39394873148575,66.40383900003144,6440.223383000102,13.0
1778864844,119,,Aggregated,30.400000,0.000000,81,110,210,360,920,1700,3300,4100,5500,6300,6400,107195,0,81,356.28612865261397,66.40383900003144,6440.223383000102,13.0
1778864845,120,,Aggregated,30.300000,0.000000,81,110,210,360,920,1700,3300,4100,5500,6300,6400,107223,0,81,357.1314234016484,66.40383900003144,6440.223383000102,13.0
1778864846,121,,Aggregated,30.500000,0.000000,81,110,210,360,920,1700,3300,4100,5500,6300,6400,107247,0,81,357.73101733207415,66.40383900003144,6440.223383000102,13.0
1778864847,122,,Aggregated,31.100000,0.000000,81,110,210,360,920,1700,3300,4100,5500,6300,6400,107277,0,81,358.6802807186532,66.40383900003144,6440.223383000102,13.0
1778864848,123,,Aggregated,31.400000,0.000000,81,110,210,360,930,1700,3300,4100,5500,6300,6400,107312,0,81,359.71035375449145,66.40383900003144,6440.223383000102,13.0
1778864849,123,,Aggregated,31.200000,0.000000,81,110,210,370,930,1700,3300,4100,5500,6300,6400,107356,0,81,360.91568297765383,66.40383900003144,6440.223383000102,13.0
1778864850,124,,Aggregated,30.100000,0.000000,81,110,210,370,940,1700,3300,4100,5500,6300,6400,107412,0,81,361.89154823037495,66.40383900003144,6440.223383000102,13.0
1778864851,125,,Aggregated,28.300000,0.000000,81,110,220,370,940,1700,3300,4100,5500,6300,6400,107475,0,81,362.4403132185814,66.40383900003144,6440.223383000102,13.0
1778864852,126,,Aggregated,30.000000,0.000000,81,110,220,370,950,1700,3300,4100,5500,6300,6400,107523,0,81,362.78282120259894,66.40383900003144,6440.223383000102,13.0
1778864853,126,,Aggregated,33.700000,0.000000,81,110,220,370,950,1700,3300,4100,5500,6300,6400,107560,0,81,363.18038421476416,66.40383900003144,6440.223383000102,13.0
1778864854,127,,Aggregated,37.700000,0.000000,81,110,220,370,960,1800,3300,4100,5500,6300,6400,107606,0,81,363.78834709753215,66.40383900003144,6440.223383000102,13.0
1778864855,128,,Aggregated,38.600000,0.000000,81,110,220,370,960,1800,3300,4100,5500,6300,6400,107639,0,81,364.3431511685267,66.40383900003144,6440.223383000102,13.0
1778864856,129,,Aggregated,40.800000,0.000000,81,110,220,370,960,1800,3300,4100,5500,6300,6400,107670,0,81,364.86911584034584,66.40383900003144,6440.223383000102,13.0
1778864857,129,,Aggregated,41.000000,0.000000,81,110,220,380,960,1800,3300,4100,5500,6300,6400,107693,0,81,365.3336314008063,66.40383900003144,6440.223383000102,13.0
1778864858,130,,Aggregated,42.000000,0.000000,81,110,220,380,970,1800,3300,4100,5500,6300,6400,107718,0,81,365.91171659932456,66.40383900003144,6440.223383000102,13.0
1778864859,131,,Aggregated,42.000000,0.000000,81,110,220,380,970,1800,3400,4100,5500,6300,6400,107750,0,81,366.80639546337864,66.40383900003144,6440.223383000102,13.0
1778864860,131,,Aggregated,41.400000,0.000000,81,110,220,380,980,1800,3400,4200,5500,6300,6400,107813,0,81,368.5770481110447,66.40383900003144,6440.223383000102,13.0
1778864861,132,,Aggregated,39.900000,0.000000,81,110,220,380,980,1800,3400,4200,5500,6300,6400,107880,0,81,369.34561569487465,66.40383900003144,6440.223383000102,13.0
1778864862,133,,Aggregated,39.200000,0.000000,81,110,220,380,990,1800,3400,4200,5500,6300,6400,107955,0,81,369.74748552735963,66.40383900003144,6440.223383000102,13.0
1778864863,133,,Aggregated,40.200000,0.000000,81,110,220,390,990,1800,3400,4200,5500,6300,6400,108043,0,81,370.0486109432178,66.40383900003144,6440.223383000102,13.0
1778864864,134,,Aggregated,40.000000,0.000000,81,110,220,390,980,1800,3400,4200,5500,6300,6400,108124,0,81,370.17195657372156,66.40383900003144,6440.223383000102,13.0
1778864865,135,,Aggregated,45.100000,0.000000,81,110,230,390,980,1800,3400,4100,5500,6300,6400,108205,0,81,370.39496336030766,66.40383900003144,6440.223383000102,13.0
1778864866,135,,Aggregated,49.100000,0.000000,81,110,230,390,980,1800,3400,4100,5500,6300,6400,108297,0,81,370.6020743994299,66.40383900003144,6440.223383000102,13.0
1778864867,136,,Aggregated,53.600000,0.000000,81,110,230,390,980,1800,3400,4100,5500,6300,6400,108409,0,81,370.5999669392123,66.40383900003144,6440.223383000102,13.0
1778864868,136,,Aggregated,58.200000,0.000000,81,110,230,390,980,1800,3400,4100,5500,6300,6400,108510,0,81,370.464140206378,66.40383900003144,6440.223383000102,13.0
1778864869,137,,Aggregated,65.600000,0.000000,81,110,230,390,980,1800,3400,4100,5500,6300,6400,108621,0,81,370.34402701703226,66.40383900003144,6440.223383000102,13.0
1778864870,138,,Aggregated,73.800000,0.000000,81,110,230,390,980,1800,3400,4100,5500,6300,6400,108717,0,81,370.3424203766759,66.40383900003144,6440.223383000102,13.0
1778864871,138,,Aggregated,82.900000,0.000000,81,110,230,390,980,1800,3400,4100,5500,6300,6400,108827,0,81,370.25410502275264,66.40383900003144,6440.223383000102,13.0
1778864872,139,,Aggregated,88.200000,0.000000,81,110,230,390,980,1800,3400,4100,5500,6300,6400,108938,0,81,370.16001945639846,66.40383900003144,6440.223383000102,13.0
1778864873,139,,Aggregated,91.300000,0.000000,81,110,230,390,980,1800,3400,4100,5500,6300,6400,109051,0,81,370.06424939499954,66.40383900003144,6440.223383000102,13.0
1778864874,140,,Aggregated,96.000000,0.000000,81,110,230,390,980,1800,3400,4100,5500,6300,6400,109169,0,81,369.9599968958503,66.40383900003144,6440.223383000102,13.0
1778864875,140,,Aggregated,98.700000,0.000000,81,110,230,390,980,1800,3400,4100,5500,6300,6400,109281,0,81,369.78518719165305,66.40383900003144,6440.223383000102,13.0
1778864876,141,,Aggregated,101.200000,0.000000,81,110,230,390,980,1800,3400,4100,5500,6300,6400,109398,0,81,369.59725988817036,66.40383900003144,6440.223383000102,13.0
1778864877,141,,Aggregated,105.100000,0.000000,81,110,230,390,980,1800,3400,4100,5500,6300,6400,109518,0,81,369.42050934272976,66.40383900003144,6440.223383000102,13.0
1778864878,142,,Aggregated,108.900000,0.000000,81,110,230,390,980,1800,3400,4100,5500,6300,6400,109643,0,81,369.1964489726389,66.40383900003144,6440.223383000102,13.0
1778864879,142,,Aggregated,110.600000,0.000000,81,110,230,390,980,1800,3400,4100,5500,6300,6400,109771,0,81,368.94275640434205,66.40383900003144,6440.223383000102,13.0
1778864880,143,,Aggregated,111.700000,0.000000,81,110,230,390,980,1800,3300,4100,5500,6300,6400,109900,0,81,368.6535327299728,66.40383900003144,6440.223383000102,13.0
1778864881,143,,Aggregated,112.600000,0.000000,81,110,230,390,980,1800,3300,4100,5500,6300,6400,110035,0,81,368.322299582424,66.40383900003144,6440.223383000102,13.0
1778864882,143,,Aggregated,115.800000,0.000000,81,110,220,390,980,1800,3300,4100,5500,6300,6400,110162,0,81,368.03773605737047,66.40383900003144,6440.223383000102,13.0
1778864883,144,,Aggregated,118.700000,0.000000,81,110,220,380,980,1800,3300,4100,5500,6300,6400,110280,0,81,367.7967820049332,66.40383900003144,6440.223383000102,13.0
1778864884,144,,Aggregated,120.400000,0.000000,81,110,220,380,970,1800,3300,4100,5500,6300,6400,110404,0,81,367.579772015797,66.40383900003144,6440.223383000102,13.0
1778864885,145,,Aggregated,122.400000,0.000000,81,110,220,380,970,1800,3300,4100,5500,6300,6400,110501,0,81,367.49416558986826,66.40383900003144,6440.223383000102,13.0
1778864886,145,,Aggregated,123.200000,0.000000,81,110,230,380,970,1800,3300,4100,5500,6300,6400,110573,0,81,367.61666621980953,66.40383900003144,6440.223383000102,13.0
1778864887,145,,Aggregated,122.900000,0.000000,81,110,230,390,980,1800,3300,4100,5500,6300,6400,110627,0,81,367.87486381800096,66.40383900003144,6440.223383000102,13.0
1778864888,146,,Aggregated,120.000000,0.000000,82,110,230,390,980,1800,3300,4100,5500,6300,6400,110688,0,82,368.3879859122036,66.40383900003144,6440.223383000102,13.0
1778864889,146,,Aggregated,115.200000,0.000000,82,110,230,390,990,1800,3300,4100,5500,6300,6400,110760,0,82,369.09531562101847,66.40383900003144,6440.223383000102,13.0
1778864890,146,,Aggregated,108.600000,0.000000,82,110,230,390,990,1800,3300,4100,5500,6300,6400,110825,0,82,369.5707439969409,66.40383900003144,6440.223383000102,13.0
1778864891,147,,Aggregated,102.800000,0.000000,82,110,230,390,1000,1800,3300,4100,5500,6300,6400,110898,0,82,370.1068618702229,66.40383900003144,6440.223383000102,13.0
1778864892,147,,Aggregated,96.900000,0.000000,82,110,230,400,1000,1800,3300,4100,5500,6300,6400,110959,0,82,370.5026318655266,66.40383900003144,6440.223383000102,13.0
1778864893,147,,Aggregated,90.300000,0.000000,82,110,230,400,1000,1800,3300,4100,5500,6300,6400,111045,0,82,371.08606814440964,66.40383900003144,6440.223383000102,13.0
1778864894,147,,Aggregated,85.000000,0.000000,82,110,230,400,1000,1800,3300,4100,5500,6300,6400,111105,0,82,371.4180830094139,66.40383900003144,6440.223383000102,13.0
1778864895,148,,Aggregated,78.600000,0.000000,82,120,230,400,1000,1800,3300,4100,5500,6300,6400,111178,0,82,371.93974069659396,66.40383900003144,6440.223383000102,13.0
1778864896,148,,Aggregated,74.500000,0.000000,82,120,230,400,1000,1800,3300,4100,5500,6300,6400,111239,0,82,372.35001517944164,66.40383900003144,6440.223383000102,13.0
1778864897,148,,Aggregated,69.100000,0.000000,82,120,230,410,1000,1800,3300,4100,5500,6300,6400,111313,0,82,372.8815637207147,66.40383900003144,6440.223383000102,13.0
1778864898,148,,Aggregated,67.300000,0.000000,82,120,240,410,1000,1800,3300,4100,5500,6300,6400,111390,0,82,373.3990053413225,66.40383900003144,6440.223383000102,13.0
1778864899,149,,Aggregated,66.700000,0.000000,82,120,240,410,1000,1800,3300,4100,5500,6300,6400,111442,0,82,373.74156308265185,66.40383900003144,6440.223383000102,13.0
1778864900,149,,Aggregated,68.800000,0.000000,82,120,240,410,1000,1800,3300,4100,5500,6300,6400,111491,0,82,374.1698981348888,66.40383900003144,6440.223383000102,13.0
1778864901,149,,Aggregated,69.400000,0.000000,82,120,240,410,1000,1800,3300,4100,5500,6300,6400,111555,0,82,374.9628409200921,66.40383900003144,6440.223383000102,13.0
1778864902,149,,Aggregated,67.600000,0.000000,82,120,240,420,1000,1800,3300,4100,5500,6300,6400,111630,0,82,375.69029648477897,66.40383900003144,6440.223383000102,13.0
1778864903,149,,Aggregated,66.300000,0.000000,82,120,240,420,1000,1800,3300,4100,5500,6300,6400,111727,0,82,376.2387823383951,66.40383900003144,6440.223383000102,13.0
1778864904,149,,Aggregated,65.600000,0.000000,82,120,240,420,1000,1800,3300,4100,5500,6300,6400,111816,0,82,376.4257725022438,66.40383900003144,6440.223383000102,13.0
1778864905,149,,Aggregated,66.500000,0.000000,82,120,240,420,1000,1800,3300,4100,5500,6300,6400,111887,0,82,376.6393722169499,66.40383900003144,6440.223383000102,13.0
1778864906,149,,Aggregated,68.800000,0.000000,82,120,240,430,1000,1800,3300,4100,5500,6300,6400,111969,0,82,377.0776545403807,66.40383900003144,6440.223383000102,13.0
1778864907,149,,Aggregated,71.300000,0.000000,82,120,250,430,1000,1800,3300,4100,5500,6300,6400,112074,0,82,377.42509335554075,66.40383900003144,6440.223383000102,13.0
1778864908,149,,Aggregated,70.400000,0.000000,82,120,250,430,1000,1800,3300,4100,5500,6300,6400,112199,0,82,377.37940624687246,66.40383900003144,6440.223383000102,13.0
1778864909,149,,Aggregated,73.200000,0.000000,82,120,250,430,1000,1800,3300,4100,5500,6300,6400,112336,0,82,377.10639556718087,66.40383900003144,6440.223383000102,13.0
1778864910,149,,Aggregated,76.700000,0.000000,82,120,250,430,1000,1800,3300,4100,5500,6300,6400,112476,0,82,376.74574474112563,66.40383900003144,6440.223383000102,13.0
1778864911,149,,Aggregated,82.100000,0.000000,82,120,250,430,1000,1800,3300,4100,5500,6300,6400,112611,0,82,376.402859418528,66.40383900003144,6440.223383000102,13.0
1778864912,149,,Aggregated,91.000000,0.000000,82,120,250,420,1000,1800,3300,4100,5500,6300,6400,112748,0,82,376.0526383652737,66.40383900003144,6440.223383000102,13.0
1778864913,149,,Aggregated,99.500000,0.000000,82,120,240,420,1000,1800,3300,4100,5500,6300,6400,112883,0,82,375.703549326939,66.40383900003144,6440.223383000102,13.0
1778864914,149,,Aggregated,106.700000,0.000000,82,120,240,420,1000,1800,3300,4100,5500,6300,6400,113015,0,82,375.36513655367725,66.40383900003144,6440.223383000102,13.0
1778864915,149,,Aggregated,112.900000,0.000000,82,120,240,420,1000,1800,3300,4100,5500,6300,6400,113152,0,82,375.0311478061619,66.40383900003144,6440.223383000102,13.0
1778864916,149,,Aggregated,116.100000,0.000000,82,120,240,420,1000,1800,3300,4100,5500,6300,6400,113292,0,82,374.6815106044192,66.40383900003144,6440.223383000102,13.0
1778864917,149,,Aggregated,121.300000,0.000000,82,120,240,420,1000,1800,3300,4100,5500,6300,6400,113428,0,82,374.340122760287,66.40383900003144,6440.223383000102,13.0
1778864918,149,,Aggregated,128.100000,0.000000,82,120,240,420,1000,1800,3300,4100,5500,6300,6400,113570,0,82,373.9797279736272,66.40383900003144,6440.223383000102,13.0
1778864919,149,,Aggregated,132.300000,0.000000,82,120,240,420,1000,1800,3300,4100,5500,6300,6400,113709,0,82,373.62881225599443,66.40383900003144,6440.223383000102,13.0
1778864920,149,,Aggregated,135.300000,0.000000,82,120,240,420,1000,1800,3300,4100,5500,6300,6400,113841,0,82,373.3119246416046,66.40383900003144,6440.223383000102,13.0
1778864921,149,,Aggregated,136.700000,0.000000,82,120,240,410,1000,1800,3300,4100,5500,6300,6400,113970,0,82,373.0301987311831,66.40383900003144,6440.223383000102,13.0
1778864922,148,,Aggregated,136.500000,0.000000,82,120,240,410,1000,1800,3300,4100,5500,6300,6400,114102,0,82,372.7392059392297,66.40383900003144,6440.223383000102,13.0
1778864923,148,,Aggregated,136.300000,0.000000,82,120,240,410,1000,1800,3300,4100,5500,6300,6400,114236,0,82,372.4558478407858,66.40383900003144,6440.223383000102,13.0
1778864924,148,,Aggregated,135.700000,0.000000,82,120,240,410,1000,1800,3300,4100,5500,6300,6400,114371,0,82,372.12667152021925,66.40383900003144,6440.223383000102,13.0
1778864925,148,,Aggregated,134.600000,0.000000,82,120,240,410,1000,1700,3300,4100,5500,6300,6400,114506,0,82,371.7978664867254,66.40383900003144,6440.223383000102,13.0
1778864926,148,,Aggregated,134.500000,0.000000,82,120,240,410,1000,1700,3300,4100,5500,6300,6400,114629,0,82,371.52740294252743,66.40383900003144,6440.223383000102,13.0
1778864927,147,,Aggregated,134.500000,0.000000,82,120,240,410,1000,1700,3300,4100,5500,6300,6400,114759,0,82,371.29857819248986,66.40383900003144,6440.223383000102,13.0
1778864928,147,,Aggregated,134.200000,0.000000,82,120,240,410,1000,1700,3300,4100,5500,6300,6400,114888,0,82,371.05882529157066,66.40383900003144,6440.223383000102,13.0
1778864929,147,,Aggregated,133.700000,0.000000,82,120,240,410,1000,1700,3300,4100,5500,6300,6400,115016,0,82,370.8080416331989,66.40383900003144,6440.223383000102,13.0
1778864930,147,,Aggregated,132.400000,0.000000,82,120,230,410,1000,1700,3300,4100,5500,6300,6400,115145,0,82,370.58492775473536,66.40383900003144,6440.223383000102,13.0
1778864931,146,,Aggregated,131.600000,0.000000,82,120,230,410,1000,1700,3300,4100,5500,6300,6400,115270,0,82,370.33441688386426,66.40383900003144,6440.223383000102,13.0
1778864932,146,,Aggregated,130.400000,0.000000,82,120,230,410,1000,1700,3300,4100,5500,6300,6400,115406,0,82,370.04372109966596,66.40383900003144,6440.223383000102,13.0
1778864933,146,,Aggregated,129.900000,0.000000,82,120,230,410,1000,1700,3300,4100,5500,6300,6400,115528,0,82,369.79306673491345,66.40383900003144,6440.223383000102,13.0
1778864934,145,,Aggregated,129.100000,0.000000,82,120,230,400,1000,1700,3300,4100,5500,6300,6400,115639,0,82,369.65069957364807,66.40383900003144,6440.223383000102,13.0
1778864935,145,,Aggregated,129.500000,0.000000,82,120,240,400,1000,1700,3300,4100,5500,6300,6400,115747,0,82,369.57991905933676,66.40383900003144,6440.223383000102,13.0
1778864936,145,,Aggregated,128.700000,0.000000,82,120,240,410,1000,1700,3300,4100,5500,6300,6400,115831,0,82,369.6393494678803,66.40383900003144,6440.223383000102,13.0
1778864937,144,,Aggregated,126.000000,0.000000,82,120,240,410,1000,1700,3300,4100,5500,6300,6400,115912,0,82,369.8734555333014,66.40383900003144,6440.223383000102,13.0
1778864938,144,,Aggregated,123.300000,0.000000,82,120,240,410,1000,1700,3300,4100,5500,6300,6400,115997,0,82,370.17264252240176,66.40383900003144,6440.223383000102,13.0
1778864939,143,,Aggregated,119.200000,0.000000,82,120,240,410,1000,1700,3300,4100,5500,6300,6400,116088,0,82,370.42149432521916,66.40383900003144,6440.223383000102,13.0
1778864940,143,,Aggregated,114.400000,0.000000,82,120,240,420,1000,1700,3300,4100,5500,6300,6400,116199,0,82,370.52997433499485,66.40383900003144,6440.223383000102,13.0
1778864941,142,,Aggregated,109.900000,0.000000,82,120,240,410,1000,1700,3300,4100,5500,6300,6400,116321,0,82,370.3807777302815,66.40383900003144,6440.223383000102,13.0
1778864942,142,,Aggregated,106.500000,0.000000,82,120,240,410,1000,1700,3300,4100,5500,6300,6400,116450,0,82,370.09374545064054,66.40383900003144,6440.223383000102,13.0
1778864943,142,,Aggregated,104.800000,0.000000,82,120,240,410,1000,1700,3300,4100,5500,6300,6400,116579,0,82,369.8142840133651,66.40383900003144,6440.223383000102,13.0
1778864944,141,,Aggregated,104.900000,0.000000,82,120,240,410,1000,1700,3300,4100,5500,6300,6400,116690,0,82,369.6347861112702,66.40383900003144,6440.223383000102,13.0
1778864945,141,,Aggregated,104.500000,0.000000,82,120,240,410,1000,1700,3300,4100,5500,6300,6400,116815,0,82,369.4542946517923,66.40383900003144,6440.223383000102,13.0
1778864946,140,,Aggregated,104.600000,0.000000,82,120,240,410,1000,1700,3300,4100,5500,6300,6400,116912,0,82,369.3687670828329,66.40383900003144,6440.223383000102,13.0
1778864948,140,,Aggregated,104.500000,0.000000,82,120,240,410,1000,1700,3300,4100,5500,6300,6400,117036,0,82,369.27910050029215,66.40383900003144,6440.223383000102,13.0
1778864949,139,,Aggregated,107.900000,0.000000,82,120,240,410,1000,1700,3300,4100,5500,6300,6400,117150,0,82,369.14296671911404,66.40383900003144,6440.223383000102,13.0
1778864950,138,,Aggregated,111.600000,0.000000,82,120,240,410,1000,1700,3300,4100,5500,6300,6400,117238,0,82,369.1384462469866,66.40383900003144,6440.223383000102,13.0
1778864951,138,,Aggregated,111.600000,0.000000,82,120,240,410,1000,1700,3300,4100,5500,6300,6400,117303,0,82,369.2926962174388,66.40383900003144,6440.223383000102,13.0
1778864952,137,,Aggregated,113.800000,0.000000,82,120,240,410,1000,1700,3300,4100,5500,6300,6400,117374,0,82,369.64670203466875,66.40383900003144,6440.223383000102,13.0
1778864953,137,,Aggregated,109.200000,0.000000,82,120,250,420,1000,1700,3300,4100,5500,6300,6400,117460,0,82,370.00264644415313,66.40383900003144,6440.223383000102,13.0
1778864954,136,,Aggregated,103.700000,0.000000,82,120,250,420,1000,1700,3300,4100,5500,6300,6400,117559,0,82,370.13661122605,66.40383900003144,6440.223383000102,13.0
1778864955,135,,Aggregated,103.700000,0.000000,82,120,250,420,1000,1700,3200,4100,5500,6300,6400,117667,0,82,370.1116713363491,66.40383900003144,6440.223383000102,13.0
1778864956,135,,Aggregated,96.700000,0.000000,82,120,250,420,1000,1700,3200,4100,5500,6300,6400,117790,0,82,369.9197842779966,66.40383900003144,6440.223383000102,13.0
1778864957,134,,Aggregated,96.800000,0.000000,82,120,250,420,1000,1700,3200,4100,5500,6300,6400,117906,0,82,369.699604823251,66.40383900003144,6440.223383000102,13.0
1778864958,134,,Aggregated,96.500000,0.000000,82,120,250,420,1000,1700,3200,4100,5500,6300,6400,118008,0,82,369.538714512586,66.40383900003144,6440.223383000102,13.0
1778864959,133,,Aggregated,98.000000,0.000000,82,120,250,420,1000,1700,3200,4100,5500,6300,6400,118100,0,82,369.53340793369404,66.40383900003144,6440.223383000102,13.0
1778864960,132,,Aggregated,96.900000,0.000000,82,130,250,420,1000,1700,3200,4100,5500,6300,6400,118189,0,82,369.5977791710504,66.40383900003144,6440.223383000102,13.0
1778864961,132,,Aggregated,94.700000,0.000000,82,130,250,420,1000,1700,3200,4100,5500,6300,6400,118277,0,82,369.67288527760485,66.40383900003144,6440.223383000102,13.0
1778864962,131,,Aggregated,94.900000,0.000000,82,130,250,420,1000,1700,3200,4100,5500,6300,6400,118346,0,82,369.76636562205954,66.40383900003144,6440.223383000102,13.0
1778864963,130,,Aggregated,97.100000,0.000000,82,130,250,420,1000,1700,3200,4100,5500,6300,6400,118419,0,82,370.01706903905,66.40383900003144,6440.223383000102,13.0
1778864964,130,,Aggregated,97.000000,0.000000,82,130,250,420,1000,1700,3200,4100,5500,6300,6400,118512,0,82,370.17766222614,66.40383900003144,6440.223383000102,13.0
1778864965,129,,Aggregated,95.400000,0.000000,82,130,250,420,1000,1700,3200,4100,5500,6300,6400,118609,0,82,370.2366540355647,66.40383900003144,6440.223383000102,13.0
1778864966,128,,Aggregated,94.800000,0.000000,82,130,250,420,1000,1700,3200,4100,5500,6300,6400,118689,0,82,370.29703577407577,66.40383900003144,6440.223383000102,13.0
1778864967,127,,Aggregated,93.600000,0.000000,82,130,260,420,1000,1700,3200,4100,5500,6300,6400,118782,0,82,370.4116535587572,66.40383900003144,6440.223383000102,13.0
1778864968,127,,Aggregated,90.200000,0.000000,82,130,260,420,1000,1700,3200,4100,5500,6300,6400,118884,0,82,370.3398711029516,66.40383900003144,6440.223383000102,13.0
1778864969,126,,Aggregated,87.600000,0.000000,82,130,260,420,1000,1700,3200,4100,5500,6300,6400,118988,0,82,370.25551181289114,66.40383900003144,6440.223383000102,13.0
1778864970,125,,Aggregated,87.100000,0.000000,82,130,250,420,1000,1700,3200,4100,5500,6300,6400,119090,0,82,370.1489795263443,66.40383900003144,6440.223383000102,13.0
1778864971,124,,Aggregated,88.300000,0.000000,82,130,250,420,1000,1700,3200,4100,5500,6300,6400,119198,0,82,370.00573541992634,66.40383900003144,6440.223383000102,13.0
1778864972,124,,Aggregated,89.600000,0.000000,82,130,250,420,1000,1700,3200,4100,5500,6300,6400,119310,0,82,369.8165997376864,66.40383900003144,6440.223383000102,13.0
1778864973,123,,Aggregated,91.700000,0.000000,82,130,250,420,1000,1700,3200,4100,5500,6300,6400,119423,0,82,369.56188465027975,66.40383900003144,6440.223383000102,13.0
1778864974,122,,Aggregated,95.600000,0.000000,82,130,250,420,1000,1700,3200,4100,5500,6300,6400,119534,0,82,369.2983622726452,66.40383900003144,6440.223383000102,13.0
1778864975,121,,Aggregated,100.200000,0.000000,82,130,250,420,1000,1700,3200,4100,5500,6300,6400,119649,0,82,369.03445024566344,66.40383900003144,6440.223383000102,13.0
1778864976,121,,Aggregated,102.200000,0.000000,82,130,250,410,1000,1700,3200,4100,5500,6300,6400,119762,0,82,368.76388601350493,66.40383900003144,6440.223383000102,13.0
1778864977,120,,Aggregated,103.800000,0.000000,82,130,250,410,1000,1700,3200,4100,5500,6300,6400,119872,0,82,368.5028922981129,66.40383900003144,6440.223383000102,13.0
1778864978,119,,Aggregated,106.300000,0.000000,82,130,250,410,1000,1700,3200,4100,5500,6300,6400,119983,0,82,368.23880795047967,66.40383900003144,6440.223383000102,13.0
1778864979,118,,Aggregated,108.400000,0.000000,82,130,250,410,1000,1700,3200,4100,5500,6200,6400,120089,0,82,367.98777078131565,66.40383900003144,6440.223383000102,13.0
1778864980,117,,Aggregated,109.300000,0.000000,82,130,250,410,1000,1700,3200,4100,5500,6200,6400,120198,0,82,367.7278896453798,66.40383900003144,6440.223383000102,13.0
1778864981,117,,Aggregated,109.700000,0.000000,82,130,250,410,1000,1700,3200,4100,5500,6200,6400,120305,0,82,367.47356986796365,66.40383900003144,6440.223383000102,13.0
1778864982,116,,Aggregated,110.400000,0.000000,82,120,250,410,990,1700,3200,4100,5500,6200,6400,120413,0,82,367.22056039506003,66.40383900003144,6440.223383000102,13.0
1778864983,115,,Aggregated,110.300000,0.000000,82,120,250,410,990,1700,3200,4100,5500,6200,6400,120519,0,82,366.9730371050072,66.40383900003144,6440.223383000102,13.0
1778864984,114,,Aggregated,110.100000,0.000000,82,120,250,410,990,1700,3200,4100,5500,6200,6400,120624,0,82,366.7232419210221,66.40383900003144,6440.223383000102,13.0
1778864985,113,,Aggregated,109.200000,0.000000,82,120,250,410,990,1700,3200,4100,5500,6200,6400,120731,0,82,366.4734211752934,66.40383900003144,6440.223383000102,13.0
1778864986,112,,Aggregated,108.700000,0.000000,82,120,250,410,990,1700,3200,4100,5500,6200,6400,120835,0,82,366.2249113601057,66.40383900003144,6440.223383000102,13.0
1778864987,112,,Aggregated,107.600000,0.000000,82,120,250,410,990,1700,3200,4100,5500,6200,6400,120938,0,82,365.98119753927955,66.40383900003144,6440.223383000102,13.0
1778864988,111,,Aggregated,106.900000,0.000000,82,120,250,410,990,1700,3200,4100,5500,6200,6400,121038,0,82,365.74710054845093,66.40383900003144,6440.223383000102,13.0
1778864989,110,,Aggregated,106.400000,0.000000,82,120,250,410,990,1700,3200,4100,5500,6200,6400,121140,0,82,365.508237678747,66.40383900003144,6440.223383000102,13.0
1778864990,109,,Aggregated,105.400000,0.000000,82,120,240,400,990,1700,3200,4100,5500,6200,6400,121241,0,82,365.2726040717282,66.40383900003144,6440.223383000102,13.0
1778864991,108,,Aggregated,105.500000,0.000000,82,120,240,400,990,1700,3200,4100,5500,6200,6400,121346,0,82,365.0256833977665,66.40383900003144,6440.223383000102,13.0
1778864992,107,,Aggregated,104.400000,0.000000,82,120,240,400,990,1700,3200,4100,5500,6200,6400,121440,0,82,364.8039244282725,66.40383900003144,6440.223383000102,13.0
1778864993,106,,Aggregated,103.300000,0.000000,82,120,240,400,990,1700,3200,4100,5500,6200,6400,121540,0,82,364.56969434666314,66.40383900003144,6440.223383000102,13.0
1778864994,106,,Aggregated,102.600000,0.000000,82,120,240,400,980,1700,3200,4100,5500,6200,6400,121637,0,82,364.3422029869648,66.40383900003144,6440.223383000102,13.0
1778864995,105,,Aggregated,101.400000,0.000000,82,120,240,400,980,1700,3200,4100,5500,6200,6400,121733,0,82,364.11795994569616,66.40383900003144,6440.223383000102,13.0
1778864996,104,,Aggregated,100.800000,0.000000,82,120,240,400,980,1700,3200,4100,5500,6200,6400,121832,0,82,363.8874316211459,66.40383900003144,6440.223383000102,13.0
1778864997,103,,Aggregated,100.500000,0.000000,82,120,240,400,980,1700,3200,4100,5500,6200,6400,121931,0,82,363.65987824611835,66.40383900003144,6440.223383000102,13.0
1778864998,102,,Aggregated,100.000000,0.000000,82,120,240,400,980,1700,3200,4100,5500,6200,6400,122025,0,82,363.45131534396586,66.40383900003144,6440.223383000102,13.0
1778864999,101,,Aggregated,98.900000,0.000000,82,120,240,400,980,1700,3200,4100,5500,6200,6400,122117,0,82,363.2389133036386,66.40383900003144,6440.223383000102,13.0
1778865000,100,,Aggregated,98.500000,0.000000,82,120,240,400,980,1700,3200,4100,5500,6200,6400,122209,0,82,363.02470247144186,66.40383900003144,6440.223383000102,13.0
1778865001,99,,Aggregated,97.200000,0.000000,82,120,240,400,980,1700,3200,4100,5500,6200,6400,122301,0,82,362.8139678965868,66.40383900003144,6440.223383000102,13.0
1778865002,99,,Aggregated,96.300000,0.000000,82,120,240,400,980,1700,3200,4100,5500,6200,6400,122390,0,82,362.6071418314363,66.40383900003144,6440.223383000102,13.0
1778865003,98,,Aggregated,95.300000,0.000000,82,120,240,400,980,1700,3200,4100,5500,6200,6400,122482,0,82,362.39564710838744,66.40383900003144,6440.223383000102,13.0
1778865004,97,,Aggregated,95.100000,0.000000,82,120,240,390,980,1700,3200,4100,5500,6200,6400,122572,0,82,362.18743246313574,66.40383900003144,6440.223383000102,13.0
1778865005,96,,Aggregated,94.200000,0.000000,82,120,240,390,970,1700,3200,4100,5500,6200,6400,122660,0,82,361.9836490180783,66.40383900003144,6440.223383000102,13.0
1778865006,95,,Aggregated,93.000000,0.000000,82,120,240,390,970,1700,3200,4100,5500,6200,6400,122748,0,82,361.77985703206167,66.40383900003144,6440.223383000102,13.0
1778865007,94,,Aggregated,92.200000,0.000000,82,120,240,390,970,1700,3200,4100,5500,6200,6400,122835,0,82,361.5797836636098,66.40383900003144,6440.223383000102,13.0
1778865008,93,,Aggregated,91.100000,0.000000,82,120,240,390,970,1700,3200,4100,5500,6200,6400,122921,0,82,361.38218807840434,66.40383900003144,6440.223383000102,13.0
1778865009,92,,Aggregated,90.800000,0.000000,82,120,240,390,970,1700,3200,4100,5500,6200,6400,123010,0,82,361.17895713975736,66.40383900003144,6440.223383000102,13.0
1778865010,92,,Aggregated,90.300000,0.000000,82,120,240,390,970,1700,3200,4100,5500,6200,6400,123098,0,82,360.9772200739616,66.40383900003144,6440.223383000102,13.0
1778865011,91,,Aggregated,89.300000,0.000000,82,120,240,390,970,1700,3200,4100,5500,6200,6400,123182,0,82,360.78549061470426,66.40383900003144,6440.223383000102,13.0
1778865012,90,,Aggregated,88.800000,0.000000,82,120,240,390,970,1700,3200,4100,5500,6200,6400,123267,0,82,360.59019421698827,66.40383900003144,6440.223383000102,13.0
1778865013,89,,Aggregated,88.400000,0.000000,82,120,240,390,970,1700,3200,4100,5500,6200,6400,123349,0,82,360.4021597559325,66.40383900003144,6440.223383000102,13.0
1778865014,88,,Aggregated,87.300000,0.000000,82,120,230,390,970,1700,3200,4100,5500,6200,6400,123430,0,82,360.21612520728763,66.40383900003144,6440.223383000102,13.0
1778865015,87,,Aggregated,86.500000,0.000000,82,120,230,390,970,1700,3200,4100,5500,6200,6400,123510,0,82,360.03308526462257,66.40383900003144,6440.223383000102,13.0
1778865016,86,,Aggregated,85.500000,0.000000,82,120,230,390,970,1700,3200,4100,5500,6200,6400,123586,0,82,359.8592170345148,66.40383900003144,6440.223383000102,13.0
1778865017,86,,Aggregated,84.800000,0.000000,82,120,230,390,970,1700,3200,4100,5500,6200,6400,123666,0,82,359.67940683324065,66.40383900003144,6440.223383000102,13.0
1778865018,85,,Aggregated,83.800000,0.000000,82,120,230,390,960,1700,3200,4000,5500,6200,6400,123748,0,82,359.4929617376567,66.40383900003144,6440.223383000102,13.0
1778865019,84,,Aggregated,82.500000,0.000000,82,120,230,390,960,1700,3200,4000,5500,6200,6400,123824,0,82,359.31906815529754,66.40383900003144,6440.223383000102,13.0
1778865020,83,,Aggregated,81.600000,0.000000,82,120,230,390,960,1700,3200,4000,5500,6200,6400,123900,0,82,359.1461075065823,66.40383900003144,6440.223383000102,13.0
1778865021,82,,Aggregated,81.000000,0.000000,82,120,230,390,960,1700,3200,4000,5500,6200,6400,123978,0,82,358.9680418449043,66.40383900003144,6440.223383000102,13.0
1778865022,81,,Aggregated,80.800000,0.000000,82,120,230,390,960,1700,3200,4000,5500,6200,6400,124055,0,82,358.79397729225406,66.40383900003144,6440.223383000102,13.0
1778865023,81,,Aggregated,80.100000,0.000000,82,120,230,380,960,1700,3200,4000,5500,6200,6400,124132,0,82,358.6210479575739,66.40383900003144,6440.223383000102,13.0
1778865024,80,,Aggregated,78.900000,0.000000,82,120,230,380,960,1700,3200,4000,5500,6200,6400,124206,0,82,358.4536825193919,66.40383900003144,6440.223383000102,13.0
1778865025,79,,Aggregated,78.500000,0.000000,82,120,230,380,960,1700,3200,4000,5500,6200,6400,124279,0,82,358.29565688463543,66.40383900003144,6440.223383000102,13.0
1778865026,78,,Aggregated,78.100000,0.000000,82,120,230,380,960,1700,3200,4000,5500,6200,6400,124350,0,82,358.1359095368765,66.40383900003144,6440.223383000102,13.0
1778865027,77,,Aggregated,76.800000,0.000000,82,120,230,380,960,1700,3200,4000,5500,6200,6400,124422,0,82,357.9761849233226,66.40383900003144,6440.223383000102,13.0
1778865028,77,,Aggregated,76.100000,0.000000,82,120,230,380,960,1700,3200,4000,5500,6200,6400,124490,0,82,357.8279587862852,66.40383900003144,6440.223383000102,13.0
1778865029,76,,Aggregated,75.500000,0.000000,82,120,230,380,960,1700,3200,4000,5500,6200,6400,124563,0,82,357.6648143081225,66.40383900003144,6440.223383000102,13.0
1778865030,75,,Aggregated,74.600000,0.000000,82,120,230,380,960,1700,3200,4000,5500,6200,6400,124631,0,82,357.5144961660958,66.40383900003144,6440.223383000102,13.0
1778865031,74,,Aggregated,73.300000,0.000000,82,120,230,380,960,1700,3200,4000,5500,6200,6400,124699,0,82,357.3630844876436,66.40383900003144,6440.223383000102,13.0
1778865032,74,,Aggregated,72.200000,0.000000,82,120,230,380,960,1700,3200,4000,5500,6200,6400,124767,0,82,357.2097254557911,66.40383900003144,6440.223383000102,13.0
1778865033,73,,Aggregated,71.600000,0.000000,82,120,230,380,960,1700,3200,4000,5500,6200,6400,124835,0,82,357.056468502573,66.40383900003144,6440.223383000102,13.0
1778865034,72,,Aggregated,71.200000,0.000000,82,120,230,380,960,1700,3200,4000,5500,6200,6400,124902,0,82,356.90668717826526,66.40383900003144,6440.223383000102,13.0
1778865035,71,,Aggregated,70.900000,0.000000,82,110,230,380,950,1700,3200,4000,5500,6200,6400,124970,0,82,356.7544712805766,66.40383900003144,6440.223383000102,13.0
1778865036,71,,Aggregated,70.100000,0.000000,82,110,230,380,950,1700,3200,4000,5500,6200,6400,125037,0,82,356.6063947175929,66.40383900003144,6440.223383000102,13.0
1778865037,70,,Aggregated,69.400000,0.000000,82,110,230,380,950,1700,3100,4000,5500,6200,6400,125102,0,82,356.4610996714731,66.40383900003144,6440.223383000102,13.0
1778865038,69,,Aggregated,68.800000,0.000000,82,110,230,380,950,1700,3100,4000,5500,6200,6400,125166,0,82,356.3181406652018,66.40383900003144,6440.223383000102,13.0
1778865039,69,,Aggregated,68.100000,0.000000,82,110,230,380,950,1700,3100,4000,5500,6200,6400,125231,0,82,356.17342228709055,66.40383900003144,6440.223383000102,13.0
1778865040,68,,Aggregated,67.400000,0.000000,82,110,230,380,950,1700,3100,4000,5500,6200,6400,125294,0,82,356.03394880953306,66.40383900003144,6440.223383000102,13.0
1778865041,67,,Aggregated,67.200000,0.000000,82,110,230,380,950,1700,3100,4000,5500,6200,6400,125355,0,82,355.8983464880111,66.40383900003144,6440.223383000102,13.0
1778865042,67,,Aggregated,66.200000,0.000000,82,110,230,380,950,1700,3100,4000,5500,6200,6400,125415,0,82,355.76496709127804,66.40383900003144,6440.223383000102,13.0
1778865043,66,,Aggregated,65.200000,0.000000,82,110,230,380,950,1700,3100,4000,5500,6200,6400,125478,0,82,355.6257963808688,66.40383900003144,6440.223383000102,13.0
1778865044,65,,Aggregated,64.500000,0.000000,82,110,230,380,950,1700,3100,4000,5500,6200,6400,125537,0,82,355.49540067468297,66.40383900003144,6440.223383000102,13.0
1778865045,65,,Aggregated,63.300000,0.000000,82,110,230,380,950,1700,3100,4000,5500,6200,6400,125596,0,82,355.3643754725283,66.40383900003144,6440.223383000102,13.0
1778865046,64,,Aggregated,62.900000,0.000000,82,110,230,380,950,1700,3100,4000,5500,6200,6400,125655,0,82,355.2339961061134,66.40383900003144,6440.223383000102,13.0
1778865047,63,,Aggregated,62.700000,0.000000,82,110,230,380,950,1600,3100,4000,5500,6200,6400,125713,0,82,355.1099480820335,66.40383900003144,6440.223383000102,13.0
1778865048,63,,Aggregated,62.300000,0.000000,82,110,230,380,950,1600,3100,4000,5500,6200,6400,125776,0,82,354.9742283796326,66.40383900003144,6440.223383000102,13.0
1778865049,62,,Aggregated,61.900000,0.000000,82,110,230,370,950,1600,3100,4000,5500,6200,6400,125833,0,82,354.8492142414047,66.40383900003144,6440.223383000102,13.0
1778865050,62,,Aggregated,61.000000,0.000000,82,110,230,370,940,1600,3100,4000,5500,6200,6400,125891,0,82,354.7220823374242,66.40383900003144,6440.223383000102,13.0
1778865051,61,,Aggregated,60.500000,0.000000,82,110,220,370,940,1600,3100,4000,5500,6200,6400,125950,0,82,354.5922948984809,66.40383900003144,6440.223383000102,13.0
1778865052,60,,Aggregated,60.000000,0.000000,82,110,220,370,940,1600,3100,4000,5500,6200,6400,126005,0,82,354.47117266016954,66.40383900003144,6440.223383000102,13.0
1778865053,60,,Aggregated,59.800000,0.000000,82,110,220,370,940,1600,3100,4000,5500,6200,6400,126061,0,82,354.35010441277365,66.40383900003144,6440.223383000102,13.0
1778865054,59,,Aggregated,59.000000,0.000000,82,110,220,370,940,1600,3100,4000,5500,6200,6400,126113,0,82,354.2359386949059,66.40383900003144,6440.223383000102,13.0
1778865055,59,,Aggregated,58.300000,0.000000,82,110,220,370,940,1600,3100,4000,5500,6200,6400,126170,0,82,354.1122079760615,66.40383900003144,6440.223383000102,13.0
1778865056,58,,Aggregated,57.700000,0.000000,82,110,220,370,940,1600,3100,4000,5500,6200,6400,126224,0,82,354.0001951951504,66.40383900003144,6440.223383000102,13.0
1778865057,58,,Aggregated,56.800000,0.000000,82,110,220,370,940,1600,3100,4000,5500,6200,6400,126277,0,82,353.88437065257074,66.40383900003144,6440.223383000102,13.0
1778865058,57,,Aggregated,56.100000,0.000000,82,110,220,370,940,1600,3100,4000,5500,6200,6400,126329,0,82,353.77081103326776,66.40383900003144,6440.223383000102,13.0
1778865059,57,,Aggregated,55.500000,0.000000,82,110,220,370,940,1600,3100,4000,5500,6200,6400,126381,0,82,353.6592958438269,66.40383900003144,6440.223383000102,13.0
1778865060,57,,Aggregated,55.300000,0.000000,82,110,220,370,940,1600,3100,4000,5500,6200,6400,126432,0,82,353.55889519182415,66.40383900003144,6440.223383000102,13.0
1778865061,56,,Aggregated,54.500000,0.000000,82,110,220,370,940,1600,3100,4000,5500,6200,6400,126484,0,82,353.47224556614816,66.40383900003144,6440.223383000102,13.0
1778865062,56,,Aggregated,54.100000,0.000000,82,110,220,370,940,1600,3100,4000,5500,6200,6400,126525,0,82,353.4034861059925,66.40383900003144,6440.223383000102,13.0
1778865063,55,,Aggregated,53.200000,0.000000,82,110,220,370,940,1600,3100,4000,5500,6200,6400,126547,0,82,353.42388838157916,66.40383900003144,6440.223383000102,13.0
1778865064,55,,Aggregated,52.600000,0.000000,82,110,220,370,940,1600,3100,4000,5500,6200,6400,126573,0,82,353.5230731121463,66.40383900003144,6440.223383000102,13.0
1778865065,54,,Aggregated,50.000000,0.000000,82,110,220,370,940,1600,3100,4000,5500,6200,6400,126599,0,82,353.67780570403954,66.40383900003144,6440.223383000102,13.0
1778865066,54,,Aggregated,46.800000,0.000000,82,110,220,370,940,1600,3100,4000,5500,6200,6400,126626,0,82,353.87320637616847,66.40383900003144,6440.223383000102,13.0
1778865067,54,,Aggregated,44.300000,0.000000,82,110,220,370,940,1600,3100,4000,5500,6200,6400,126676,0,82,354.01703978345313,66.40383900003144,6440.223383000102,13.0
1778865068,53,,Aggregated,41.400000,0.000000,82,110,220,370,940,1600,3100,4000,5500,6200,6400,126725,0,82,353.9201704689657,66.40383900003144,6440.223383000102,13.0
1778865069,53,,Aggregated,39.400000,0.000000,82,110,220,370,940,1600,3100,4000,5500,6200,6400,126758,0,82,353.86218523278745,66.40383900003144,6440.223383000102,13.0
1778865070,53,,Aggregated,39.300000,0.000000,82,110,220,370,940,1600,3100,4000,5500,6200,6400,126809,0,82,353.79332881384335,66.40383900003144,6440.223383000102,13.0
1778865071,52,,Aggregated,38.700000,0.000000,82,110,220,370,940,1600,3100,4000,5500,6200,6400,126856,0,82,353.750201467149,66.40383900003144,6440.223383000102,13.0
1778865072,52,,Aggregated,38.400000,0.000000,82,110,220,370,940,1600,3100,4000,5500,6200,6400,126887,0,82,353.7124199813902,66.40383900003144,6440.223383000102,13.0
1778865073,52,,Aggregated,36.800000,0.000000,82,110,220,370,940,1600,3100,4000,5500,6200,6400,126936,0,82,353.6733948091688,66.40383900003144,6440.223383000102,13.0
1778865074,52,,Aggregated,36.300000,0.000000,82,110,220,370,940,1600,3100,4000,5500,6200,6400,126986,0,82,353.58656850373,66.40383900003144,6440.223383000102,13.0
1778865075,51,,Aggregated,38.600000,0.000000,82,110,220,370,940,1600,3100,4000,5500,6200,6400,127035,0,82,353.48979437250114,66.40383900003144,6440.223383000102,13.0
1778865076,51,,Aggregated,40.700000,0.000000,82,110,220,370,940,1600,3100,4000,5500,6200,6400,127085,0,82,353.3824984201176,66.40383900003144,6440.223383000102,13.0
1778865077,51,,Aggregated,41.800000,0.000000,82,110,220,370,940,1600,3100,4000,5500,6200,6400,127133,0,82,353.27808091979784,66.40383900003144,6440.223383000102,13.0
1778865078,51,,Aggregated,44.000000,0.000000,82,110,220,370,940,1600,3100,4000,5500,6200,6400,127177,0,82,353.18174310743035,66.40383900003144,6440.223383000102,13.0
1778865079,51,,Aggregated,45.300000,0.000000,82,110,220,370,940,1600,3100,4000,5500,6200,6400,127219,0,82,353.089876431788,66.40383900003144,6440.223383000102,13.0
1778865080,50,,Aggregated,44.800000,0.000000,82,110,220,370,940,1600,3100,4000,5500,6200,6400,127268,0,82,352.9836513016363,66.40383900003144,6440.223383000102,13.0
1778865081,50,,Aggregated,45.200000,0.000000,82,110,220,370,940,1600,3100,4000,5500,6200,6400,127311,0,82,352.88967951575,66.40383900003144,6440.223383000102,13.0
1778865082,50,,Aggregated,45.000000,0.000000,82,110,220,370,940,1600,3100,4000,5500,6200,6400,127359,0,82,352.7848789986466,66.40383900003144,6440.223383000102,13.0
1778865083,50,,Aggregated,46.300000,0.000000,82,110,220,370,940,1600,3100,4000,5500,6200,6400,127404,0,82,352.68725692914387,66.40383900003144,6440.223383000102,13.0
1778865084,50,,Aggregated,46.700000,0.000000,82,110,220,370,930,1600,3100,4000,5500,6200,6400,127451,0,82,352.5850307116432,66.40383900003144,6440.223383000102,13.0
1778865085,50,,Aggregated,46.600000,0.000000,82,110,220,370,930,1600,3100,4000,5500,6200,6400,127500,0,82,352.478895306052,66.40383900003144,6440.223383000102,13.0
1778865086,50,,Aggregated,46.900000,0.000000,82,110,220,370,930,1600,3100,4000,5500,6200,6400,127547,0,82,352.3784811179929,66.40383900003144,6440.223383000102,13.0
1778865087,50,,Aggregated,47.700000,0.000000,82,110,220,370,930,1600,3100,4000,5500,6200,6400,127594,0,82,352.2798023287276,66.40383900003144,6440.223383000102,13.0
1778865088,50,,Aggregated,47.300000,0.000000,82,110,220,370,930,1600,3100,4000,5500,6200,6400,127642,0,82,352.1767168598242,66.40383900003144,6440.223383000102,13.0
1778865089,50,,Aggregated,47.000000,0.000000,82,110,220,370,930,1600,3100,4000,5500,6200,6400,127690,0,82,352.07339794386155,66.40383900003144,6440.223383000102,13.0
1778865090,50,,Aggregated,46.800000,0.000000,82,110,220,370,930,1600,3100,4000,5500,6200,6400,127737,0,82,351.9747151483571,66.40383900003144,6440.223383000102,13.0
1778865091,50,,Aggregated,46.500000,0.000000,82,110,220,370,930,1600,3100,4000,5500,6200,6400,127781,0,82,351.8795389952237,66.40383900003144,6440.223383000102,13.0
1778865092,50,,Aggregated,46.200000,0.000000,82,110,220,370,930,1600,3100,4000,5500,6200,6400,127825,0,82,351.784925188153,66.40383900003144,6440.223383000102,13.0
1778865093,50,,Aggregated,46.200000,0.000000,82,110,220,370,930,1600,3100,4000,5500,6200,6400,127871,0,82,351.6857340357052,66.40383900003144,6440.223383000102,13.0
1778865094,50,,Aggregated,46.100000,0.000000,82,110,220,370,930,1600,3100,4000,5500,6200,6400,127919,0,82,351.58304631260165,66.40383900003144,6440.223383000102,13.0
1778865095,50,,Aggregated,46.000000,0.000000,82,110,220,370,930,1600,3100,4000,5500,6200,6400,127964,0,82,351.48594287631454,66.40383900003144,6440.223383000102,13.0
1778865096,50,,Aggregated,45.900000,0.000000,82,110,220,370,930,1600,3100,4000,5500,6200,6400,128010,0,82,351.3864673936779,66.40383900003144,6440.223383000102,13.0
1778865097,50,,Aggregated,45.700000,0.000000,82,110,220,370,930,1600,3100,4000,5500,6200,6400,128058,0,82,351.287645354267,66.40383900003144,6440.223383000102,13.0
1778865098,50,,Aggregated,46.400000,0.000000,82,110,220,370,930,1600,3100,4000,5500,6200,6400,128102,0,82,351.1968400503172,66.40383900003144,6440.223383000102,13.0
1778865099,50,,Aggregated,46.400000,0.000000,82,110,220,370,930,1600,3100,4000,5500,6200,6400,128149,0,82,351.0978852143735,66.40383900003144,6440.223383000102,13.0
1778865100,50,,Aggregated,46.500000,0.000000,82,110,220,370,930,1600,3100,4000,5500,6200,6400,128197,0,82,350.9955222241533,66.40383900003144,6440.223383000102,13.0
1778865101,50,,Aggregated,46.500000,0.000000,82,110,220,360,930,1600,3100,4000,5500,6200,6400,128245,0,82,350.8934962266503,66.40383900003144,6440.223383000102,13.0
1778865102,50,,Aggregated,46.500000,0.000000,82,110,220,360,930,1600,3100,4000,5500,6200,6400,128292,0,82,350.7928189602842,66.40383900003144,6440.223383000102,13.0
1778865103,51,,Aggregated,46.600000,0.000000,82,110,220,360,930,1600,3100,4000,5500,6200,6400,128340,0,82,350.69044629237794,66.40383900003144,6440.223383000102,13.0
1778865104,51,,Aggregated,46.500000,0.000000,82,110,220,360,930,1600,3100,4000,5500,6200,6400,128388,0,82,350.5929583498984,66.40383900003144,6440.223383000102,13.0
1778865105,51,,Aggregated,46.300000,0.000000,82,110,220,360,930,1600,3100,4000,5500,6200,6400,128433,0,82,350.49891905257016,66.40383900003144,6440.223383000102,13.0
1778865106,51,,Aggregated,46.200000,0.000000,82,110,220,360,930,1600,3100,4000,5500,6200,6400,128478,0,82,350.41088112710906,66.40383900003144,6440.223383000102,13.0
1778865107,52,,Aggregated,46.300000,0.000000,82,110,220,360,920,1600,3100,4000,5500,6200,6400,128526,0,82,350.3114125795071,66.40383900003144,6440.223383000102,13.0
1778865108,52,,Aggregated,46.100000,0.000000,82,110,220,360,920,1600,3100,4000,5500,6200,6400,128574,0,82,350.2134568737514,66.40383900003144,6440.223383000102,13.0
1778865109,52,,Aggregated,46.500000,0.000000,82,110,220,360,920,1600,3100,4000,5500,6200,6400,128622,0,82,350.11794393188325,66.40383900003144,6440.223383000102,13.0
1778865110,52,,Aggregated,46.700000,0.000000,82,110,220,360,920,1600,3100,4000,5500,6200,6400,128670,0,82,350.0226336964615,66.40383900003144,6440.223383000102,13.0
1778865111,53,,Aggregated,47.000000,0.000000,82,110,220,360,920,1600,3100,4000,5500,6200,6400,128721,0,82,349.91482295914983,66.40383900003144,6440.223383000102,13.0
1778865112,53,,Aggregated,46.900000,0.000000,82,110,220,360,920,1600,3100,4000,5500,6200,6400,128771,0,82,349.80726566602533,66.40383900003144,6440.223383000102,13.0
1778865113,53,,Aggregated,47.000000,0.000000,82,110,220,360,920,1600,3100,4000,5500,6200,6400,128821,0,82,349.6999189123494,66.40383900003144,6440.223383000102,13.0
1778865114,54,,Aggregated,47.300000,0.000000,82,110,220,360,920,1600,3100,4000,5500,6200,6400,128871,0,82,349.59272396365157,66.40383900003144,6440.223383000102,13.0
1778865115,54,,Aggregated,48.000000,0.000000,82,110,220,360,920,1600,3100,4000,5500,6200,6400,128922,0,82,349.4836676750652,66.40383900003144,6440.223383000102,13.0
1778865116,54,,Aggregated,48.400000,0.000000,82,110,220,360,920,1600,3100,4000,5500,6200,6400,128970,0,82,349.38091414320974,66.40383900003144,6440.223383000102,13.0
1778865117,55,,Aggregated,48.500000,0.000000,82,110,220,360,920,1600,3100,4000,5500,6200,6400,129020,0,82,349.27578166746054,66.40383900003144,6440.223383000102,13.0
1778865118,55,,Aggregated,49.100000,0.000000,82,110,220,360,920,1600,3100,4000,5500,6200,6400,129071,0,82,349.16766349392014,66.40383900003144,6440.223383000102,13.0
1778865119,56,,Aggregated,49.200000,0.000000,82,110,220,360,920,1600,3100,4000,5500,6200,6400,129124,0,82,349.0543909913941,66.40383900003144,6440.223383000102,13.0
1778865120,56,,Aggregated,49.700000,0.000000,82,110,220,360,920,1600,3100,4000,5500,6200,6400,129178,0,82,348.93896336848184,66.40383900003144,6440.223383000102,13.0
1778865121,56,,Aggregated,50.100000,0.000000,82,110,220,360,920,1600,3100,4000,5500,6200,6400,129233,0,82,348.8215832894675,66.40383900003144,6440.223383000102,13.0
1778865122,57,,Aggregated,51.000000,0.000000,82,110,220,360,920,1600,3100,4000,5500,6200,6400,129285,0,82,348.710539707884,66.40383900003144,6440.223383000102,13.0
1778865123,57,,Aggregated,51.000000,0.000000,82,110,220,360,920,1600,3100,4000,5500,6200,6400,129338,0,82,348.59732631591476,66.40383900003144,6440.223383000102,13.0
1778865124,58,,Aggregated,51.300000,0.000000,81,110,220,360,920,1600,3100,4000,5500,6200,6400,129394,0,81,348.47914157337107,66.40383900003144,6440.223383000102,13.0
1778865125,58,,Aggregated,51.400000,0.000000,81,110,220,360,920,1600,3100,4000,5500,6200,6400,129448,0,81,348.3654741321441,66.40383900003144,6440.223383000102,13.0
1778865126,59,,Aggregated,51.700000,0.000000,81,110,220,360,920,1600,3100,4000,5500,6200,6400,129505,0,81,348.24519502038373,66.40383900003144,6440.223383000102,13.0
1778865127,59,,Aggregated,52.300000,0.000000,81,110,220,360,920,1600,3100,4000,5500,6200,6400,129559,0,81,348.1318616053288,66.40383900003144,6440.223383000102,13.0
1778865128,60,,Aggregated,52.500000,0.000000,81,110,220,360,920,1600,3100,4000,5500,6200,6400,129613,0,81,348.0191037026439,66.40383900003144,6440.223383000102,13.0
1778865129,60,,Aggregated,53.100000,0.000000,81,110,220,360,920,1600,3100,4000,5500,6200,6400,129668,0,81,347.90285474959757,66.40383900003144,6440.223383000102,13.0
1778865130,61,,Aggregated,53.400000,0.000000,81,110,210,360,920,1600,3100,4000,5500,6200,6400,129724,0,81,347.7860562826989,66.40383900003144,6440.223383000102,13.0
1778865131,61,,Aggregated,53.600000,0.000000,81,110,210,360,920,1600,3100,4000,5500,6200,6400,129782,0,81,347.6685627934906,66.40383900003144,6440.223383000102,13.0
1778865132,62,,Aggregated,54.200000,0.000000,81,110,210,360,920,1600,3100,4000,5500,6200,6400,129840,0,81,347.54628121169753,66.40383900003144,6440.223383000102,13.0
1778865133,63,,Aggregated,54.800000,0.000000,81,110,210,360,910,1600,3100,4000,5500,6200,6400,129899,0,81,347.4220072297463,66.40383900003144,6440.223383000102,13.0
1778865134,63,,Aggregated,55.500000,0.000000,81,110,210,360,910,1600,3100,4000,5500,6200,6400,129958,0,81,347.29884721040503,66.40383900003144,6440.223383000102,13.0
1778865135,64,,Aggregated,55.700000,0.000000,81,110,210,350,910,1600,3100,4000,5400,6200,6400,130019,0,81,347.17119796708795,66.40383900003144,6440.223383000102,13.0
1778865136,64,,Aggregated,56.300000,0.000000,81,110,210,350,910,1600,3100,4000,5400,6200,6400,130079,0,81,347.04599271445676,66.40383900003144,6440.223383000102,13.0
1778865137,65,,Aggregated,56.900000,0.000000,81,110,210,350,910,1600,3100,4000,5400,6200,6400,130139,0,81,346.9236132021902,66.40383900003144,6440.223383000102,13.0
1778865138,66,,Aggregated,57.200000,0.000000,81,110,210,350,910,1600,3100,4000,5400,6200,6400,130203,0,81,346.790598467745,66.40383900003144,6440.223383000102,13.0
1778865139,66,,Aggregated,57.600000,0.000000,81,110,210,350,910,1600,3100,4000,5400,6200,6400,130263,0,81,346.6662622157924,66.40383900003144,6440.223383000102,13.0
1778865140,67,,Aggregated,58.200000,0.000000,81,110,210,350,910,1600,3100,4000,5400,6200,6400,130327,0,81,346.5328381101443,66.40383900003144,6440.223383000102,13.0
1778865141,68,,Aggregated,58.800000,0.000000,81,110,210,350,910,1600,3100,4000,5400,6200,6400,130388,0,81,346.4063986399728,66.40383900003144,6440.223383000102,13.0
1778865142,68,,Aggregated,59.200000,0.000000,81,110,210,350,910,1600,3100,4000,5400,6200,6400,130451,0,81,346.2752522530358,66.40383900003144,6440.223383000102,13.0
1778865143,69,,Aggregated,60.100000,0.000000,81,110,210,350,910,1600,3100,4000,5400,6200,6400,130516,0,81,346.140290797663,66.40383900003144,6440.223383000102,13.0
1778865144,70,,Aggregated,60.500000,0.000000,81,110,210,350,910,1600,3100,4000,5400,6200,6400,130578,0,81,346.0115841794926,66.40383900003144,6440.223383000102,13.0
1778865145,71,,Aggregated,61.300000,0.000000,81,110,210,350,910,1600,3100,4000,5400,6200,6400,130648,0,81,345.8671118004315,66.40383900003144,6440.223383000102,13.0
1778865146,71,,Aggregated,62.100000,0.000000,81,110,210,350,910,1600,3100,4000,5400,6200,6400,130715,0,81,345.7284643317274,66.40383900003144,6440.223383000102,13.0
1778865147,72,,Aggregated,62.400000,0.000000,81,110,210,350,910,1600,3100,4000,5400,6200,6400,130782,0,81,345.59191482128085,66.40383900003144,6440.223383000102,13.0
1778865148,73,,Aggregated,63.500000,0.000000,81,110,210,350,910,1600,3100,4000,5400,6200,6400,130850,0,81,345.4536786277628,66.40383900003144,6440.223383000102,13.0
1778865149,73,,Aggregated,63.900000,0.000000,81,110,210,350,910,1600,3100,4000,5400,6200,6400,130919,0,81,345.3126451097917,66.40383900003144,6440.223383000102,13.0
1778865150,74,,Aggregated,64.300000,0.000000,81,110,210,350,910,1600,3100,4000,5400,6200,6400,130988,0,81,345.17111547206474,66.40383900003144,6440.223383000102,13.0
1778865151,75,,Aggregated,65.000000,0.000000,81,110,210,350,910,1600,3100,4000,5400,6200,6400,131060,0,81,345.02333394663407,66.40383900003144,6440.223383000102,13.0
1778865152,76,,Aggregated,65.400000,0.000000,81,110,210,350,900,1600,3100,4000,5400,6200,6400,131130,0,81,344.8798514711648,66.40383900003144,6440.223383000102,13.0
1778865153,76,,Aggregated,66.200000,0.000000,81,110,210,350,900,1600,3100,4000,5400,6200,6400,131198,0,81,344.74357870279135,66.40383900003144,6440.223383000102,13.0
1778865154,77,,Aggregated,67.100000,0.000000,81,110,210,350,900,1600,3100,4000,5400,6200,6400,131271,0,81,344.60540096128454,66.40383900003144,6440.223383000102,13.0
1778865155,78,,Aggregated,67.900000,0.000000,81,110,210,350,900,1600,3100,4000,5400,6200,6400,131342,0,81,344.46512033845073,66.40383900003144,6440.223383000102,13.0
1778865156,79,,Aggregated,68.000000,0.000000,81,110,210,350,900,1600,3100,4000,5400,6200,6400,131414,0,81,344.31848404231505,66.40383900003144,6440.223383000102,13.0
1778865157,80,,Aggregated,68.900000,0.000000,81,110,210,350,900,1600,3100,4000,5400,6200,6400,131489,0,81,344.16576201614447,66.40383900003144,6440.223383000102,13.0
1778865158,80,,Aggregated,69.400000,0.000000,81,110,210,350,900,1600,3100,4000,5400,6200,6400,131562,0,81,344.0176620983706,66.40383900003144,6440.223383000102,13.0
1778865159,81,,Aggregated,70.200000,0.000000,81,110,210,350,900,1600,3100,4000,5400,6200,6400,131641,0,81,343.85717206417365,66.40383900003144,6440.223383000102,13.0
1778865160,82,,Aggregated,71.000000,0.000000,81,110,210,350,900,1600,3100,4000,5400,6200,6400,131720,0,81,343.6969493329401,66.40383900003144,6440.223383000102,13.0
1778865161,83,,Aggregated,71.600000,0.000000,81,110,210,340,900,1600,3100,4000,5400,6200,6400,131799,0,81,343.5378838333741,66.40383900003144,6440.223383000102,13.0
1778865162,84,,Aggregated,72.900000,0.000000,81,110,210,340,900,1600,3100,4000,5400,6200,6400,131876,0,81,343.3818524642231,66.40383900003144,6440.223383000102,13.0
1778865163,85,,Aggregated,73.100000,0.000000,81,110,210,340,900,1600,3100,4000,5400,6200,6400,131956,0,81,343.2200274221399,66.40383900003144,6440.223383000102,13.0
1778865164,85,,Aggregated,73.700000,0.000000,81,110,210,340,900,1600,3100,4000,5400,6200,6400,132036,0,81,343.05925937576814,66.40383900003144,6440.223383000102,13.0
1778865165,86,,Aggregated,74.200000,0.000000,81,110,210,340,900,1600,3100,4000,5400,6200,6400,132112,0,81,342.90782592433646,66.40383900003144,6440.223383000102,13.0
1778865166,87,,Aggregated,75.500000,0.000000,81,110,210,340,900,1600,3000,4000,5400,6200,6400,132194,0,81,342.7466378752812,66.40383900003144,6440.223383000102,13.0
1778865167,88,,Aggregated,76.400000,0.000000,81,110,210,340,900,1600,3000,4000,5400,6200,6400,132274,0,81,342.5899915918089,66.40383900003144,6440.223383000102,13.0
1778865168,89,,Aggregated,77.200000,0.000000,81,110,210,340,900,1600,3000,4000,5400,6200,6400,132356,0,81,342.4321556208326,66.40383900003144,6440.223383000102,13.0
1778865169,90,,Aggregated,77.700000,0.000000,81,110,210,340,890,1600,3000,4000,5400,6200,6400,132426,0,81,342.3497976849782,66.40383900003144,6440.223383000102,13.0
1778865170,90,,Aggregated,78.600000,0.000000,81,110,210,340,890,1600,3000,4000,5400,6200,6400,132491,0,81,342.3408771660032,66.40383900003144,6440.223383000102,13.0
1778865171,91,,Aggregated,78.800000,0.000000,81,110,210,340,890,1600,3000,4000,5400,6200,6400,132557,0,81,342.3618510031827,66.40383900003144,6440.223383000102,13.0
1778865172,92,,Aggregated,77.500000,0.000000,81,110,210,340,890,1600,3000,4000,5400,6200,6400,132630,0,81,342.3874571446726,66.40383900003144,6440.223383000102,13.0
1778865173,93,,Aggregated,76.800000,0.000000,81,110,210,340,890,1600,3000,4000,5400,6200,6400,132716,0,81,342.25876951573224,66.40383900003144,6440.223383000102,13.0
1778865174,94,,Aggregated,75.300000,0.000000,81,110,210,340,890,1600,3000,4000,5400,6200,6400,132797,0,81,342.09956434435213,66.40383900003144,6440.223383000102,13.0
1778865175,95,,Aggregated,75.900000,0.000000,81,110,210,340,890,1600,3000,4000,5400,6200,6400,132891,0,81,341.91745420793666,66.40383900003144,6440.223383000102,13.0
1778865176,96,,Aggregated,76.400000,0.000000,81,110,210,340,890,1600,3000,4000,5400,6200,6400,132980,0,81,341.74651908856873,66.40383900003144,6440.223383000102,13.0
1778865177,97,,Aggregated,76.900000,0.000000,81,110,210,340,890,1600,3000,4000,5400,6200,6400,133071,0,81,341.5730437742396,66.40383900003144,6440.223383000102,13.0
1778865178,97,,Aggregated,77.400000,0.000000,81,110,210,340,890,1600,3000,4000,5400,6200,6400,133162,0,81,341.4027248902603,66.40383900003144,6440.223383000102,13.0
1778865179,98,,Aggregated,78.600000,0.000000,81,110,210,340,890,1600,3000,4000,5400,6200,6400,133255,0,81,341.2242738246283,66.40383900003144,6440.223383000102,13.0
1778865180,99,,Aggregated,78.800000,0.000000,81,110,210,340,890,1600,3000,4000,5400,6200,6400,133343,0,81,341.0587481970022,66.40383900003144,6440.223383000102,13.0
1778865181,100,,Aggregated,80.300000,0.000000,81,110,210,340,890,1600,3000,4000,5400,6200,6400,133432,0,81,340.90096509968987,66.40383900003144,6440.223383000102,13.0
1778865182,101,,Aggregated,83.200000,0.000000,81,110,210,340,880,1600,3000,4000,5400,6200,6400,133526,0,81,340.7297208904693,66.40383900003144,6440.223383000102,13.0
1778865183,102,,Aggregated,85.700000,0.000000,81,110,200,340,880,1600,3000,4000,5400,6200,6400,133619,0,81,340.58121680041614,66.40383900003144,6440.223383000102,13.0
1778865184,103,,Aggregated,88.400000,0.000000,81,110,200,340,880,1600,3000,4000,5400,6200,6400,133713,0,81,340.408719526933,66.40383900003144,6440.223383000102,13.0
1778865185,104,,Aggregated,89.100000,0.000000,81,110,200,340,880,1600,3000,4000,5400,6200,6400,133798,0,81,340.26634798179197,66.40383900003144,6440.223383000102,13.0
1778865186,104,,Aggregated,90.000000,0.000000,81,110,200,340,880,1600,3000,4000,5400,6200,6400,133888,0,81,340.18534257310444,66.40383900003144,6440.223383000102,13.0
1778865187,105,,Aggregated,90.600000,0.000000,81,110,200,340,880,1600,3000,4000,5400,6200,6400,133976,0,81,340.05210317986683,66.40383900003144,6440.223383000102,13.0
1778865188,106,,Aggregated,90.400000,0.000000,81,110,210,340,880,1600,3000,4000,5400,6200,6400,134059,0,81,340.0104685602299,66.40383900003144,6440.223383000102,13.0
1778865189,107,,Aggregated,90.600000,0.000000,81,110,210,340,880,1600,3000,4000,5400,6200,6400,134144,0,81,339.95123845238584,66.40383900003144,6440.223383000102,13.0
1778865190,108,,Aggregated,90.500000,0.000000,81,110,210,340,880,1600,3000,4000,5400,6200,6400,134220,0,81,339.94189270519905,66.40383900003144,6440.223383000102,13.0
1778865191,109,,Aggregated,89.800000,0.000000,81,110,210,340,880,1600,3000,4000,5400,6200,6400,134295,0,81,339.98834906518346,66.40383900003144,6440.223383000102,13.0
1778865192,110,,Aggregated,88.600000,0.000000,81,110,210,340,880,1600,3000,4000,5400,6200,6400,134348,0,81,340.10323227156954,66.40383900003144,6440.223383000102,13.0
1778865193,110,,Aggregated,87.100000,0.000000,81,110,210,340,880,1600,3000,4000,5400,6200,6400,134415,0,81,340.34943350540357,66.40383900003144,6440.223383000102,13.0
1778865194,111,,Aggregated,84.600000,0.000000,81,110,210,340,880,1600,3000,4000,5400,6200,6400,134480,0,81,340.5388779208493,66.40383900003144,6440.223383000102,13.0
1778865195,112,,Aggregated,81.500000,0.000000,81,110,210,340,880,1600,3000,4000,5400,6200,6400,134542,0,81,340.70269217028005,66.40383900003144,6440.223383000102,13.0
1778865196,113,,Aggregated,78.500000,0.000000,81,110,210,340,880,1600,3000,4000,5400,6200,6400,134595,0,81,340.89984622768173,66.40383900003144,6440.223383000102,13.0
1778865197,114,,Aggregated,75.900000,0.000000,81,110,210,340,880,1600,3000,4000,5400,6200,6400,134632,0,81,341.1368082994223,66.40383900003144,6440.223383000102,13.0
1778865198,115,,Aggregated,73.400000,0.000000,81,110,210,350,890,1600,3000,4000,5400,6200,6400,134659,0,81,341.36969165628614,66.40383900003144,6440.223383000102,13.0
1778865199,116,,Aggregated,69.100000,0.000000,81,110,210,350,890,1600,3000,4000,5400,6200,6400,134686,0,81,341.6968311372513,66.40383900003144,6440.223383000102,13.0
1778865200,116,,Aggregated,64.000000,0.000000,81,110,210,350,890,1600,3000,4000,5400,6200,6400,134722,0,81,342.2960535174197,66.40383900003144,6440.223383000102,13.0
1778865201,117,,Aggregated,58.500000,0.000000,81,110,210,350,890,1600,3000,4000,5400,6200,6400,134747,0,81,342.7209076428552,66.40383900003144,6440.223383000102,13.0
1778865202,118,,Aggregated,52.900000,0.000000,81,110,210,350,890,1600,3000,4000,5400,6200,6400,134774,0,81,343.1693580843768,66.40383900003144,6440.223383000102,13.0
1778865203,119,,Aggregated,48.600000,0.000000,81,110,210,350,900,1600,3100,4000,5400,6200,6400,134807,0,81,343.8220685438056,66.40383900003144,6440.223383000102,13.0
1778865204,120,,Aggregated,44.800000,0.000000,81,110,210,350,900,1600,3100,4000,5400,6200,6400,134870,0,81,344.9845724307911,66.40383900003144,6440.223383000102,13.0
1778865205,120,,Aggregated,41.700000,0.000000,81,110,210,350,900,1600,3100,4000,5400,6200,6400,134951,0,81,345.4403101084083,66.40383900003144,6440.223383000102,13.0
1778865206,121,,Aggregated,39.000000,0.000000,81,110,210,350,900,1600,3100,4000,5400,6200,6400,135034,0,81,345.551328341683,66.40383900003144,6440.223383000102,13.0
1778865207,122,,Aggregated,39.100000,0.000000,81,110,210,350,900,1600,3100,4000,5400,6200,6400,135124,0,81,345.59359290472344,66.40383900003144,6440.223383000102,13.0
1778865208,123,,Aggregated,40.900000,0.000000,81,110,220,360,900,1600,3100,4000,5400,6200,6400,135201,0,81,345.62943124492296,66.40383900003144,6440.223383000102,13.0
1778865209,124,,Aggregated,45.100000,0.000000,81,110,220,360,900,1600,3100,4000,5400,6200,6400,135288,0,81,345.7461002498508,66.40383900003144,6440.223383000102,13.0
1778865210,124,,Aggregated,50.400000,0.000000,81,110,220,360,900,1600,3100,4000,5400,6200,6400,135404,0,81,345.72996257911007,66.40383900003144,6440.223383000102,13.0
1778865211,125,,Aggregated,55.200000,0.000000,81,110,220,360,900,1600,3100,4000,5400,6200,6400,135499,0,81,345.5868760824644,66.40383900003144,6440.223383000102,13.0
1778865212,126,,Aggregated,61.400000,0.000000,81,110,220,360,900,1600,3100,4000,5400,6200,6400,135609,0,81,345.43323413330864,66.40383900003144,6440.223383000102,13.0
1778865213,127,,Aggregated,69.600000,0.000000,81,110,220,360,900,1600,3100,4000,5400,6200,6400,135730,0,81,345.2145749194416,66.40383900003144,6440.223383000102,13.0
1778865214,127,,Aggregated,76.700000,0.000000,81,110,220,360,900,1600,3100,4000,5400,6200,6400,135856,0,81,344.97568781461825,66.40383900003144,6440.223383000102,13.0
1778865215,128,,Aggregated,85.300000,0.000000,81,110,220,350,900,1600,3100,4000,5400,6200,6400,135980,0,81,344.73804745730837,66.40383900003144,6440.223383000102,13.0
1778865216,129,,Aggregated,92.800000,0.000000,81,110,220,350,900,1600,3100,4000,5400,6200,6400,136098,0,81,344.5086369576096,66.40383900003144,6440.223383000102,13.0
1778865217,129,,Aggregated,98.000000,0.000000,81,110,210,350,890,1600,3100,4000,5400,6200,6400,136215,0,81,344.28465178328156,66.40383900003144,6440.223383000102,13.0
1778865218,130,,Aggregated,102.400000,0.000000,81,110,210,350,890,1600,3100,4000,5400,6200,6400,136330,0,81,344.06887095802625,66.40383900003144,6440.223383000102,13.0
1778865219,131,,Aggregated,106.000000,0.000000,81,110,210,350,890,1600,3100,4000,5400,6200,6400,136451,0,81,343.85470635545875,66.40383900003144,6440.223383000102,13.0
1778865220,131,,Aggregated,109.900000,0.000000,81,110,210,350,890,1600,3100,4000,5400,6200,6400,136573,0,81,343.6268166025253,66.40383900003144,6440.223383000102,13.0
1778865221,132,,Aggregated,113.600000,0.000000,81,110,210,350,890,1600,3100,4000,5400,6200,6400,136691,0,81,343.4004138828206,66.40383900003144,6440.223383000102,13.0
1778865222,133,,Aggregated,116.300000,0.000000,81,110,210,350,890,1600,3100,4000,5400,6200,6400,136814,0,81,343.16732354588447,66.40383900003144,6440.223383000102,13.0
1778865223,133,,Aggregated,116.900000,0.000000,81,110,210,350,890,1600,3100,4000,5400,6200,6400,136934,0,81,342.9382337413253,66.40383900003144,6440.223383000102,13.0
1778865224,134,,Aggregated,119.500000,0.000000,81,110,210,350,890,1600,3000,4000,5400,6200,6400,137063,0,81,342.6923075735071,66.40383900003144,6440.223383000102,13.0
1778865225,135,,Aggregated,120.000000,0.000000,81,110,210,350,890,1600,3000,4000,5400,6200,6400,137190,0,81,342.45337447075303,66.40383900003144,6440.223383000102,13.0
1778865226,135,,Aggregated,120.300000,0.000000,81,110,210,350,880,1600,3000,4000,5400,6200,6400,137313,0,81,342.2248702338057,66.40383900003144,6440.223383000102,13.0
1778865227,136,,Aggregated,121.400000,0.000000,81,110,210,350,880,1600,3000,4000,5400,6200,6400,137444,0,81,341.9811062438417,66.40383900003144,6440.223383000102,13.0
1778865228,137,,Aggregated,121.500000,0.000000,81,110,210,350,880,1600,3000,4000,5400,6200,6400,137570,0,81,341.74625940589215,66.40383900003144,6440.223383000102,13.0
1778865229,137,,Aggregated,121.700000,0.000000,81,110,210,350,880,1600,3000,4000,5400,6200,6400,137692,0,81,341.52187026266967,66.40383900003144,6440.223383000102,13.0
1778865230,138,,Aggregated,121.800000,0.000000,81,110,210,350,880,1600,3000,4000,5400,6200,6400,137820,0,81,341.2831683882203,66.40383900003144,6440.223383000102,13.0
1778865231,138,,Aggregated,123.200000,0.000000,81,110,210,340,880,1600,3000,4000,5400,6200,6400,137947,0,81,341.0442377665592,66.40383900003144,6440.223383000102,13.0
1778865232,139,,Aggregated,124.100000,0.000000,81,110,210,340,880,1600,3000,4000,5400,6200,6400,138077,0,81,340.8020192480758,66.40383900003144,6440.223383000102,13.0
1778865233,139,,Aggregated,124.300000,0.000000,81,110,210,340,880,1600,3000,4000,5400,6200,6400,138201,0,81,340.57406317919964,66.40383900003144,6440.223383000102,13.0
1778865234,140,,Aggregated,125.000000,0.000000,81,110,210,340,880,1600,3000,4000,5400,6200,6400,138336,0,81,340.3227512718784,66.40383900003144,6440.223383000102,13.0
1778865235,140,,Aggregated,125.500000,0.000000,81,110,210,340,880,1600,3000,4000,5400,6200,6400,138461,0,81,340.1058597591786,66.40383900003144,6440.223383000102,13.0
1778865236,141,,Aggregated,126.800000,0.000000,81,110,210,340,880,1600,3000,4000,5400,6200,6400,138590,0,81,339.90537496949713,66.40383900003144,6440.223383000102,13.0
1778865237,141,,Aggregated,126.300000,0.000000,81,110,210,340,870,1600,3000,4000,5400,6200,6400,138715,0,81,339.6913497409478,66.40383900003144,6440.223383000102,13.0
1778865238,142,,Aggregated,126.900000,0.000000,81,110,210,340,870,1600,3000,4000,5400,6200,6400,138840,0,81,339.47234760184114,66.40383900003144,6440.223383000102,13.0
1778865239,142,,Aggregated,126.900000,0.000000,81,110,210,340,870,1600,3000,4000,5400,6200,6400,138971,0,81,339.25376024609227,66.40383900003144,6440.223383000102,13.0
1778865240,143,,Aggregated,127.300000,0.000000,81,110,210,340,870,1600,3000,4000,5400,6200,6400,139108,0,81,339.0135436996413,66.40383900003144,6440.223383000102,13.0
1778865241,143,,Aggregated,126.800000,0.000000,81,110,210,340,870,1600,3000,4000,5400,6200,6400,139240,0,81,338.77913465534834,66.40383900003144,6440.223383000102,13.0
1778865242,144,,Aggregated,126.900000,0.000000,81,110,210,340,870,1600,3000,4000,5400,6200,6400,139376,0,81,338.5295911236994,66.40383900003144,6440.223383000102,13.0
1778865243,144,,Aggregated,128.100000,0.000000,81,110,210,340,870,1600,3000,4000,5400,6200,6400,139506,0,81,338.288817133655,66.40383900003144,6440.223383000102,13.0
1778865244,144,,Aggregated,128.500000,0.000000,81,110,200,340,870,1600,3000,4000,5400,6200,6400,139641,0,81,338.03946668860607,66.40383900003144,6440.223383000102,13.0
1778865245,145,,Aggregated,129.600000,0.000000,81,110,200,330,870,1600,3000,4000,5400,6200,6400,139773,0,81,337.7979128946555,66.40383900003144,6440.223383000102,13.0
1778865246,145,,Aggregated,130.200000,0.000000,81,110,200,330,870,1600,3000,4000,5400,6200,6400,139906,0,81,337.56217136129055,66.40383900003144,6440.223383000102,13.0
1778865247,145,,Aggregated,130.700000,0.000000,81,110,200,330,870,1600,3000,4000,5400,6200,6400,140036,0,81,337.3303457224337,66.40383900003144,6440.223383000102,13.0
1778865248,146,,Aggregated,131.100000,0.000000,81,110,200,330,870,1600,3000,4000,5400,6200,6400,140167,0,81,337.093719862298,66.40383900003144,6440.223383000102,13.0
1778865249,146,,Aggregated,131.700000,0.000000,81,110,200,330,860,1600,3000,4000,5400,6200,6400,140306,0,81,336.84849745196715,66.40383900003144,6440.223383000102,13.0
1778865250,146,,Aggregated,131.300000,0.000000,81,110,200,330,860,1600,3000,4000,5400,6200,6400,140441,0,81,336.6229256255985,66.40383900003144,6440.223383000102,13.0
1778865251,147,,Aggregated,132.400000,0.000000,81,110,200,330,860,1600,3000,4000,5400,6200,6400,140582,0,81,336.3702768409091,66.40383900003144,6440.223383000102,13.0
1778865252,147,,Aggregated,133.300000,0.000000,81,110,200,330,860,1600,3000,4000,5400,6200,6400,140718,0,81,336.1412701645962,66.40383900003144,6440.223383000102,13.0
1778865253,147,,Aggregated,133.300000,0.000000,81,100,200,330,860,1600,3000,4000,5400,6200,6400,140850,0,81,335.90705749979867,66.40383900003144,6440.223383000102,13.0
1778865254,148,,Aggregated,133.400000,0.000000,81,100,200,330,860,1600,3000,4000,5400,6200,6400,140985,0,81,335.6658015143998,66.40383900003144,6440.223383000102,13.0
1778865255,148,,Aggregated,133.700000,0.000000,81,100,200,330,860,1600,3000,4000,5400,6200,6400,141122,0,81,335.4207219184725,66.40383900003144,6440.223383000102,13.0
1778865256,148,,Aggregated,133.700000,0.000000,81,100,200,330,860,1600,3000,4000,5400,6200,6400,141253,0,81,335.1909513868071,66.40383900003144,6440.223383000102,13.0
1778865257,148,,Aggregated,133.900000,0.000000,81,100,200,330,860,1600,3000,4000,5400,6200,6400,141390,0,81,334.95160217272553,66.40383900003144,6440.223383000102,13.0
1778865258,148,,Aggregated,134.300000,0.000000,81,100,200,320,860,1600,3000,4000,5400,6200,6400,141527,0,81,334.7088692246258,66.40383900003144,6440.223383000102,13.0
1778865259,149,,Aggregated,134.300000,0.000000,81,100,200,320,860,1500,3000,4000,5400,6200,6400,141667,0,81,334.46334339694215,66.40383900003144,6440.223383000102,13.0
1778865260,149,,Aggregated,135.200000,0.000000,81,100,200,320,860,1500,3000,3900,5400,6200,6400,141806,0,81,334.2178507732722,66.40383900003144,6440.223383000102,13.0
1778865261,149,,Aggregated,135.200000,0.000000,81,100,200,320,850,1500,3000,3900,5400,6200,6400,141940,0,81,333.98630994112045,66.40383900003144,6440.223383000102,13.0
1778865262,149,,Aggregated,135.600000,0.000000,81,100,200,320,850,1500,3000,3900,5400,6200,6400,142081,0,81,333.7626198411586,66.40383900003144,6440.223383000102,13.0
1778865263,149,,Aggregated,135.900000,0.000000,81,100,200,320,850,1500,3000,3900,5400,6200,6400,142217,0,81,333.5341113208241,66.40383900003144,6440.223383000102,13.0
1778865264,149,,Aggregated,135.800000,0.000000,81,100,200,320,850,1500,3000,3900,5400,6200,6400,142350,0,81,333.3116773015078,66.40383900003144,6440.223383000102,13.0
1778865265,149,,Aggregated,136.100000,0.000000,81,100,200,320,850,1500,3000,3900,5400,6200,6400,142485,0,81,333.07906549804267,66.40383900003144,6440.223383000102,13.0
1778865267,149,,Aggregated,136.100000,0.000000,81,100,200,320,850,1500,3000,3900,5400,6200,6400,142624,0,81,332.84985241690464,66.40383900003144,6440.223383000102,13.0
1778865268,149,,Aggregated,136.100000,0.000000,81,100,200,320,850,1500,3000,3900,5400,6200,6400,142758,0,81,332.61889916379175,66.40383900003144,6440.223383000102,13.0
1778865269,149,,Aggregated,136.300000,0.000000,81,100,190,320,850,1500,3000,3900,5400,6200,6400,142897,0,81,332.3819125558728,66.40383900003144,6440.223383000102,13.0
1778865270,149,,Aggregated,136.300000,0.000000,81,100,190,320,850,1500,3000,3900,5400,6200,6400,143038,0,81,332.14685996251734,66.40383900003144,6440.223383000102,13.0
1778865271,149,,Aggregated,136.500000,0.000000,81,100,190,320,850,1500,3000,3900,5400,6200,6400,143171,0,81,331.9210989341246,66.40383900003144,6440.223383000102,13.0
1778865272,149,,Aggregated,136.400000,0.000000,81,100,190,320,840,1500,3000,3900,5400,6200,6400,143306,0,81,331.69273320490805,66.40383900003144,6440.223383000102,13.0
1778865273,149,,Aggregated,136.200000,0.000000,81,100,190,320,840,1500,3000,3900,5400,6200,6400,143443,0,81,331.46513235332884,66.40383900003144,6440.223383000102,13.0
1778865274,149,,Aggregated,136.100000,0.000000,81,100,190,320,840,1500,3000,3900,5400,6200,6400,143579,0,81,331.2427431696875,66.40383900003144,6440.223383000102,13.0
1778865275,149,,Aggregated,135.900000,0.000000,81,100,190,310,840,1500,3000,3900,5400,6200,6400,143720,0,81,331.0078380751083,66.40383900003144,6440.223383000102,13.0
1778865276,149,,Aggregated,135.700000,0.000000,81,100,190,310,840,1500,3000,3900,5400,6200,6400,143854,0,81,330.7839374347088,66.40383900003144,6440.223383000102,13.0
1778865277,149,,Aggregated,135.700000,0.000000,82,100,190,310,840,1500,3000,3900,5400,6200,6400,143985,0,82,330.56487777477247,66.40383900003144,6440.223383000102,13.0
1778865278,149,,Aggregated,136.300000,0.000000,82,100,190,310,840,1500,3000,3900,5400,6200,6400,144128,0,82,330.32859049711794,66.40383900003144,6440.223383000102,13.0
1778865279,149,,Aggregated,135.900000,0.000000,82,100,190,310,840,1500,3000,3900,5400,6200,6400,144259,0,82,330.1165806977215,66.40383900003144,6440.223383000102,13.0
1778865280,149,,Aggregated,135.600000,0.000000,82,100,190,310,840,1500,2900,3900,5400,6200,6400,144394,0,82,329.9052028792654,66.40383900003144,6440.223383000102,13.0
1778865281,149,,Aggregated,135.300000,0.000000,82,100,190,310,840,1500,2900,3900,5400,6200,6400,144539,0,82,329.67265124712816,66.40383900003144,6440.223383000102,13.0
1778865282,149,,Aggregated,136.100000,0.000000,82,100,190,310,840,1500,2900,3900,5400,6200,6400,144676,0,82,329.4506111351966,66.40383900003144,6440.223383000102,13.0
1778865283,148,,Aggregated,136.300000,0.000000,82,100,190,310,840,1500,2900,3900,5400,6200,6400,144808,0,82,329.2385898326865,66.40383900003144,6440.223383000102,13.0
1778865284,148,,Aggregated,136.300000,0.000000,82,100,190,310,830,1500,2900,3900,5400,6200,6400,144943,0,82,329.0257008318211,66.40383900003144,6440.223383000102,13.0
1778865285,148,,Aggregated,135.500000,0.000000,82,100,190,310,830,1500,2900,3900,5400,6200,6400,145074,0,82,328.81611855289475,66.40383900003144,6440.223383000102,13.0
1778865286,148,,Aggregated,135.300000,0.000000,82,100,190,310,830,1500,2900,3900,5400,6200,6400,145203,0,82,328.60748739129764,66.40383900003144,6440.223383000102,13.0
1778865287,148,,Aggregated,135.100000,0.000000,82,100,190,310,830,1500,2900,3900,5400,6200,6400,145347,0,82,328.3765206906202,66.40383900003144,6440.223383000102,13.0
1778865288,147,,Aggregated,134.900000,0.000000,82,100,190,310,830,1500,2900,3900,5400,6200,6400,145480,0,82,328.15747522393156,66.40383900003144,6440.223383000102,13.0
1778865289,147,,Aggregated,135.000000,0.000000,82,100,190,310,830,1500,2900,3900,5400,6200,6400,145618,0,82,327.93450766457863,66.40383900003144,6440.223383000102,13.0
1778865290,147,,Aggregated,135.700000,0.000000,82,100,190,310,830,1500,2900,3900,5400,6200,6400,145754,0,82,327.71175420918513,66.40383900003144,6440.223383000102,13.0
1778865291,146,,Aggregated,136.100000,0.000000,82,100,190,300,830,1500,2900,3900,5400,6200,6400,145884,0,82,327.5012110706764,66.40383900003144,6440.223383000102,13.0
1778865292,146,,Aggregated,134.500000,0.000000,82,100,190,300,830,1500,2900,3900,5400,6200,6400,146021,0,82,327.27875205972117,66.40383900003144,6440.223383000102,13.0
1778865293,146,,Aggregated,133.700000,0.000000,82,100,190,300,830,1500,2900,3900,5400,6200,6400,146155,0,82,327.06120333773396,66.40383900003144,6440.223383000102,13.0
1778865294,146,,Aggregated,134.300000,0.000000,82,100,190,300,830,1500,2900,3900,5400,6200,6400,146289,0,82,326.84190104416274,66.40383900003144,6440.223383000102,13.0
1778865295,145,,Aggregated,134.200000,0.000000,82,100,180,300,830,1500,2900,3900,5400,6200,6400,146421,0,82,326.62554585952506,66.40383900003144,6440.223383000102,13.0
1778865296,145,,Aggregated,134.500000,0.000000,82,100,180,300,830,1500,2900,3900,5400,6200,6400,146553,0,82,326.41209499942374,66.40383900003144,6440.223383000102,13.0
1778865297,144,,Aggregated,134.800000,0.000000,82,100,180,300,820,1500,2900,3900,5400,6200,6400,146692,0,82,326.1808755949304,66.40383900003144,6440.223383000102,13.0
1778865298,144,,Aggregated,134.300000,0.000000,82,100,180,300,820,1500,2900,3900,5400,6200,6400,146823,0,82,325.96606311297023,66.40383900003144,6440.223383000102,13.0
1778865299,144,,Aggregated,134.200000,0.000000,82,100,180,300,820,1500,2900,3900,5400,6200,6400,146952,0,82,325.7570955484554,66.40383900003144,6440.223383000102,13.0
1778865300,143,,Aggregated,133.400000,0.000000,82,100,180,300,820,1500,2900,3900,5400,6200,6400,147084,0,82,325.543219063376,66.40383900003144,6440.223383000102,13.0
1778865301,143,,Aggregated,132.400000,0.000000,82,100,180,300,820,1500,2900,3900,5400,6200,6400,147216,0,82,325.32719624219914,66.40383900003144,6440.223383000102,13.0
1778865302,142,,Aggregated,132.500000,0.000000,82,100,180,300,820,1500,2900,3900,5400,6200,6400,147343,0,82,325.11855801950264,66.40383900003144,6440.223383000102,13.0
1778865303,142,,Aggregated,132.800000,0.000000,82,100,180,300,820,1500,2900,3900,5400,6200,6400,147481,0,82,324.8988259493942,66.40383900003144,6440.223383000102,13.0
1778865304,141,,Aggregated,131.800000,0.000000,82,100,180,300,820,1500,2900,3900,5400,6200,6400,147602,0,82,324.706332068235,66.40383900003144,6440.223383000102,13.0
1778865305,141,,Aggregated,132.400000,0.000000,82,100,180,300,820,1500,2900,3900,5400,6200,6400,147733,0,82,324.5236231549118,66.40383900003144,6440.223383000102,13.0
1778865306,140,,Aggregated,131.600000,0.000000,82,100,180,300,820,1500,2900,3900,5400,6200,6400,147861,0,82,324.3212083957268,66.40383900003144,6440.223383000102,13.0
1778865307,140,,Aggregated,130.800000,0.000000,82,100,180,300,820,1500,2900,3900,5400,6200,6400,147990,0,82,324.11285694906127,66.40383900003144,6440.223383000102,13.0
1778865308,139,,Aggregated,130.100000,0.000000,82,99,180,300,810,1500,2900,3900,5400,6200,6400,148121,0,82,323.9005756431405,66.40383900003144,6440.223383000102,13.0
1778865309,139,,Aggregated,129.800000,0.000000,82,99,180,290,810,1500,2900,3900,5400,6200,6400,148252,0,82,323.6895553434057,66.40383900003144,6440.223383000102,13.0
1778865310,138,,Aggregated,129.900000,0.000000,82,99,180,290,810,1500,2900,3900,5400,6200,6400,148382,0,82,323.48272033404044,66.40383900003144,6440.223383000102,13.0
1778865311,138,,Aggregated,130.100000,0.000000,82,99,180,290,810,1500,2900,3900,5400,6200,6400,148506,0,82,323.2813988058435,66.40383900003144,6440.223383000102,13.0
1778865312,137,,Aggregated,129.100000,0.000000,82,99,180,290,810,1500,2900,3900,5400,6200,6400,148625,0,82,323.0975673621236,66.40383900003144,6440.223383000102,13.0
1778865313,137,,Aggregated,128.600000,0.000000,82,99,180,290,810,1500,2900,3900,5400,6200,6400,148748,0,82,322.92459517390205,66.40383900003144,6440.223383000102,13.0
1778865314,136,,Aggregated,127.700000,0.000000,82,99,180,290,810,1500,2900,3900,5400,6200,6400,148871,0,82,322.7598976889632,66.40383900003144,6440.223383000102,13.0
1778865315,135,,Aggregated,126.800000,0.000000,82,99,180,290,810,1500,2900,3900,5400,6200,6400,148994,0,82,322.6005906403991,66.40383900003144,6440.223383000102,13.0
1778865316,135,,Aggregated,125.900000,0.000000,82,99,180,290,810,1500,2900,3900,5400,6200,6400,149117,0,82,322.4132719947263,66.40383900003144,6440.223383000102,13.0
1778865317,134,,Aggregated,125.500000,0.000000,82,99,180,290,810,1500,2900,3900,5400,6200,6400,149241,0,82,322.2145202127201,66.40383900003144,6440.223383000102,13.0
1778865318,134,,Aggregated,125.300000,0.000000,82,99,180,290,810,1500,2900,3900,5400,6200,6400,149367,0,82,322.0140620755693,66.40383900003144,6440.223383000102,13.0
1778865319,133,,Aggregated,124.700000,0.000000,82,99,180,290,810,1500,2900,3900,5400,6200,6400,149491,0,82,321.8143131867911,66.40383900003144,6440.223383000102,13.0
1778865320,132,,Aggregated,123.600000,0.000000,82,99,180,290,810,1500,2900,3900,5400,6200,6400,149609,0,82,321.62423834308464,66.40383900003144,6440.223383000102,13.0
1778865321,132,,Aggregated,122.800000,0.000000,82,99,180,290,800,1500,2900,3900,5400,6200,6400,149730,0,82,321.43080357716235,66.40383900003144,6440.223383000102,13.0
1778865322,131,,Aggregated,122.900000,0.000000,82,99,180,290,800,1500,2900,3900,5400,6200,6400,149847,0,82,321.2475453294795,66.40383900003144,6440.223383000102,13.0
1778865323,130,,Aggregated,122.000000,0.000000,82,98,180,290,800,1500,2900,3900,5400,6200,6400,149974,0,82,321.0460102089996,66.40383900003144,6440.223383000102,13.0
1778865324,129,,Aggregated,122.400000,0.000000,82,98,180,290,800,1500,2900,3900,5400,6200,6400,150092,0,82,320.8599179683827,66.40383900003144,6440.223383000102,13.0
1778865325,129,,Aggregated,121.800000,0.000000,82,98,180,290,800,1500,2900,3900,5400,6200,6400,150213,0,82,320.6665062151246,66.40383900003144,6440.223383000102,13.0
1778865326,128,,Aggregated,122.200000,0.000000,82,98,180,290,800,1500,2900,3900,5400,6200,6400,150331,0,82,320.48677531472225,66.40383900003144,6440.223383000102,13.0
1778865327,127,,Aggregated,122.100000,0.000000,82,98,180,290,800,1500,2900,3900,5400,6200,6400,150439,0,82,320.34751202023716,66.40383900003144,6440.223383000102,13.0
1778865328,127,,Aggregated,120.800000,0.000000,82,98,170,290,800,1500,2900,3900,5400,6200,6400,150554,0,82,320.20022866713254,66.40383900003144,6440.223383000102,13.0
1778865329,126,,Aggregated,119.300000,0.000000,82,98,170,280,800,1500,2900,3900,5400,6200,6400,150668,0,82,320.0288959681053,66.40383900003144,6440.223383000102,13.0
1778865330,125,,Aggregated,118.500000,0.000000,82,98,170,280,800,1500,2900,3900,5400,6200,6400,150784,0,82,319.84392286749585,66.40383900003144,6440.223383000102,13.0
1778865331,124,,Aggregated,118.100000,0.000000,82,98,170,280,800,1500,2900,3900,5400,6200,6400,150901,0,82,319.65949837078955,66.40383900003144,6440.223383000102,13.0
1778865332,124,,Aggregated,117.700000,0.000000,82,98,170,280,800,1500,2900,3900,5400,6200,6400,151015,0,82,319.4818919293748,66.40383900003144,6440.223383000102,13.0
1778865333,123,,Aggregated,117.100000,0.000000,82,98,170,280,800,1500,2900,3900,5400,6200,6400,151130,0,82,319.3007084308379,66.40383900003144,6440.223383000102,13.0
1778865334,122,,Aggregated,116.100000,0.000000,82,98,170,280,790,1500,2900,3900,5400,6200,6400,151244,0,82,319.11981461932066,66.40383900003144,6440.223383000102,13.0
1778865335,121,,Aggregated,115.600000,0.000000,82,98,170,280,790,1500,2900,3900,5400,6200,6400,151357,0,82,318.9416393821001,66.40383900003144,6440.223383000102,13.0
1778865336,120,,Aggregated,114.800000,0.000000,82,98,170,280,790,1500,2900,3900,5400,6200,6400,151469,0,82,318.76884938298593,66.40383900003144,6440.223383000102,13.0
1778865337,120,,Aggregated,114.100000,0.000000,82,98,170,280,790,1500,2900,3900,5400,6200,6400,151575,0,82,318.61431381284837,66.40383900003144,6440.223383000102,13.0
1778865338,119,,Aggregated,113.800000,0.000000,82,98,170,280,790,1500,2900,3900,5400,6200,6400,151679,0,82,318.4628143948637,66.40383900003144,6440.223383000102,13.0
1778865339,118,,Aggregated,113.300000,0.000000,82,98,170,280,790,1500,2800,3900,5400,6200,6400,151772,0,82,318.41479984844085,66.40383900003144,6440.223383000102,13.0
1778865340,117,,Aggregated,113.000000,0.000000,82,98,170,280,790,1500,2800,3900,5400,6200,6400,151872,0,82,318.3351562624419,66.40383900003144,6440.223383000102,13.0
1778865341,116,,Aggregated,110.200000,0.000000,82,98,170,280,790,1500,2800,3900,5400,6200,6400,151976,0,82,318.2393032108199,66.40383900003144,6440.223383000102,13.0
1778865342,116,,Aggregated,108.700000,0.000000,82,98,170,280,790,1500,2800,3900,5400,6200,6400,152060,0,82,318.182136381478,66.40383900003144,6440.223383000102,13.0
1778865343,115,,Aggregated,107.300000,0.000000,82,98,170,280,790,1500,2800,3900,5400,6200,6400,152157,0,82,318.16241261199,66.40383900003144,6440.223383000102,13.0
1778865344,114,,Aggregated,104.500000,0.000000,82,98,170,280,790,1500,2800,3900,5400,6200,6400,152236,0,82,318.16113878707125,66.40383900003144,6440.223383000102,13.0
1778865345,113,,Aggregated,102.400000,0.000000,82,98,170,280,790,1500,2800,3900,5400,6200,6400,152332,0,82,318.1756274905309,66.40383900003144,6440.223383000102,13.0
1778865346,112,,Aggregated,99.100000,0.000000,82,98,170,280,790,1500,2800,3900,5400,6200,6400,152433,0,82,318.0343106623273,66.40383900003144,6440.223383000102,13.0
1778865347,111,,Aggregated,97.000000,0.000000,82,98,170,280,790,1500,2800,3900,5400,6200,6400,152538,0,82,317.87977767517293,66.40383900003144,6440.223383000102,13.0
1778865348,111,,Aggregated,96.400000,0.000000,82,99,170,280,790,1500,2800,3900,5400,6200,6400,152621,0,82,317.79484496017926,66.40383900003144,6440.223383000102,13.0
1778865349,110,,Aggregated,96.400000,0.000000,82,99,170,280,790,1500,2800,3900,5400,6200,6400,152707,0,82,317.783951959645,66.40383900003144,6440.223383000102,13.0
1778865350,109,,Aggregated,94.200000,0.000000,82,99,180,280,790,1500,2800,3900,5400,6200,6400,152805,0,82,317.7021172063773,66.40383900003144,6440.223383000102,13.0
1778865351,108,,Aggregated,93.500000,0.000000,82,99,180,280,780,1500,2800,3900,5400,6200,6400,152903,0,82,317.58298360492273,66.40383900003144,6440.223383000102,13.0
1778865352,107,,Aggregated,93.200000,0.000000,82,99,170,280,780,1500,2800,3900,5400,6200,6400,153002,0,82,317.44049169141243,66.40383900003144,6440.223383000102,13.0
1778865353,106,,Aggregated,92.400000,0.000000,82,99,170,280,780,1500,2800,3900,5400,6200,6400,153099,0,82,317.29699620560217,66.40383900003144,6440.223383000102,13.0
1778865354,105,,Aggregated,93.500000,0.000000,82,99,170,280,780,1500,2800,3900,5400,6200,6400,153195,0,82,317.15081328364164,66.40383900003144,6440.223383000102,13.0
1778865355,105,,Aggregated,93.600000,0.000000,82,99,170,280,780,1500,2800,3900,5400,6200,6400,153290,0,82,317.0041512345195,66.40383900003144,6440.223383000102,13.0
1778865356,104,,Aggregated,95.800000,0.000000,82,99,170,280,780,1500,2800,3900,5400,6200,6400,153388,0,82,316.85344881846345,66.40383900003144,6440.223383000102,13.0
1778865357,103,,Aggregated,96.400000,0.000000,82,98,170,280,780,1500,2800,3900,5400,6200,6400,153483,0,82,316.7054764954066,66.40383900003144,6440.223383000102,13.0
1778865358,102,,Aggregated,95.400000,0.000000,82,98,170,280,780,1500,2800,3900,5400,6200,6400,153582,0,82,316.55169993411,66.40383900003144,6440.223383000102,13.0
1778865359,101,,Aggregated,94.300000,0.000000,82,98,170,280,780,1500,2800,3900,5400,6200,6400,153674,0,82,316.4096270076688,66.40383900003144,6440.223383000102,13.0
1778865360,100,,Aggregated,95.000000,0.000000,82,98,170,280,780,1500,2800,3900,5400,6200,6400,153765,0,82,316.268479400153,66.40383900003144,6440.223383000102,13.0
1778865361,99,,Aggregated,96.200000,0.000000,82,98,170,280,780,1500,2800,3900,5400,6200,6400,153856,0,82,316.1278370162327,66.40383900003144,6440.223383000102,13.0
1778865362,98,,Aggregated,95.800000,0.000000,82,98,170,280,780,1500,2800,3900,5400,6200,6400,153945,0,82,315.9927516164963,66.40383900003144,6440.223383000102,13.0
1778865363,98,,Aggregated,96.000000,0.000000,82,98,170,280,780,1500,2800,3900,5400,6200,6400,154040,0,82,315.8504040707967,66.40383900003144,6440.223383000102,13.0
1778865364,97,,Aggregated,95.100000,0.000000,82,98,170,280,780,1500,2800,3900,5400,6200,6400,154132,0,82,315.71593471967896,66.40383900003144,6440.223383000102,13.0
1778865365,96,,Aggregated,94.500000,0.000000,82,98,170,280,780,1500,2800,3900,5400,6200,6400,154217,0,82,315.5915157453299,66.40383900003144,6440.223383000102,13.0
1778865366,95,,Aggregated,93.200000,0.000000,82,98,170,280,770,1500,2800,3900,5400,6200,6400,154306,0,82,315.4673193410207,66.40383900003144,6440.223383000102,13.0
1778865367,94,,Aggregated,92.100000,0.000000,82,98,170,280,770,1500,2800,3900,5400,6200,6400,154387,0,82,315.3461022082787,66.40383900003144,6440.223383000102,13.0
1778865368,93,,Aggregated,91.200000,0.000000,82,98,170,280,770,1500,2800,3900,5400,6200,6400,154473,0,82,315.21957499121856,66.40383900003144,6440.223383000102,13.0
1778865369,92,,Aggregated,90.700000,0.000000,82,98,170,280,770,1500,2800,3900,5400,6200,6400,154555,0,82,315.1106003837178,66.40383900003144,6440.223383000102,13.0
1778865370,91,,Aggregated,89.900000,0.000000,82,98,170,280,770,1500,2800,3900,5400,6200,6400,154630,0,82,315.04263176325736,66.40383900003144,6440.223383000102,13.0
1778865371,91,,Aggregated,88.700000,0.000000,82,98,170,280,770,1500,2800,3900,5400,6200,6400,154696,0,82,315.00423371806966,66.40383900003144,6440.223383000102,13.0
1778865372,90,,Aggregated,86.600000,0.000000,82,98,170,280,770,1500,2800,3900,5400,6200,6400,154751,0,82,315.0774672519822,66.40383900003144,6440.223383000102,13.0
1778865373,89,,Aggregated,84.600000,0.000000,82,98,170,280,770,1500,2800,3900,5400,6200,6400,154828,0,82,315.1302737556739,66.40383900003144,6440.223383000102,13.0
1778865374,88,,Aggregated,80.800000,0.000000,82,98,170,280,770,1500,2800,3900,5400,6200,6400,154903,0,82,315.05892632244354,66.40383900003144,6440.223383000102,13.0
1778865375,87,,Aggregated,78.500000,0.000000,82,98,170,280,770,1500,2800,3900,5400,6200,6400,154973,0,82,314.9718948045301,66.40383900003144,6440.223383000102,13.0
1778865376,86,,Aggregated,77.100000,0.000000,82,99,170,280,770,1400,2800,3900,5400,6200,6400,155038,0,82,314.9783311011458,66.40383900003144,6440.223383000102,13.0
1778865377,85,,Aggregated,76.700000,0.000000,82,99,170,280,770,1400,2800,3900,5400,6200,6400,155114,0,82,314.9553301065051,66.40383900003144,6440.223383000102,13.0
1778865378,85,,Aggregated,74.200000,0.000000,82,99,170,280,770,1400,2800,3900,5400,6200,6400,155190,0,82,314.86009482919917,66.40383900003144,6440.223383000102,13.0
1778865379,84,,Aggregated,71.900000,0.000000,82,99,170,280,770,1400,2800,3900,5400,6200,6400,155265,0,82,314.74780752284437,66.40383900003144,6440.223383000102,13.0
1778865380,83,,Aggregated,71.200000,0.000000,82,99,170,280,770,1400,2800,3900,5400,6200,6400,155339,0,82,314.6363360706095,66.19414499982668,6440.223383000102,13.0
1778865381,82,,Aggregated,71.000000,0.000000,82,99,170,280,770,1400,2800,3900,5400,6200,6400,155417,0,82,314.53313810366586,66.19414499982668,6440.223383000102,13.0
1778865382,81,,Aggregated,71.000000,0.000000,82,99,170,280,770,1400,2800,3900,5400,6200,6400,155494,0,82,314.41775009334407,66.19414499982668,6440.223383000102,13.0
1778865383,81,,Aggregated,71.300000,0.000000,82,99,170,280,770,1400,2800,3900,5400,6200,6400,155572,0,82,314.298722018618,66.19414499982668,6440.223383000102,13.0
1778865384,80,,Aggregated,73.800000,0.000000,82,98,170,280,770,1400,2800,3900,5400,6200,6400,155646,0,82,314.187168205045,66.19414499982668,6440.223383000102,13.0
1778865385,79,,Aggregated,74.600000,0.000000,82,98,170,280,770,1400,2800,3800,5400,6200,6400,155718,0,82,314.0771451674208,66.19414499982668,6440.223383000102,13.0
1778865386,78,,Aggregated,74.100000,0.000000,82,98,170,280,770,1400,2800,3800,5400,6200,6400,155792,0,82,313.96330010936646,65.87299700004223,6440.223383000102,13.0
1778865387,77,,Aggregated,73.100000,0.000000,82,98,170,280,770,1400,2800,3800,5400,6200,6400,155864,0,82,313.8523344965062,65.87299700004223,6440.223383000102,13.0
1778865388,77,,Aggregated,74.200000,0.000000,82,98,170,280,760,1400,2800,3800,5400,6200,6400,155932,0,82,313.7478177258127,65.87299700004223,6440.223383000102,13.0
1778865389,76,,Aggregated,75.300000,0.000000,82,98,170,270,760,1400,2800,3800,5400,6200,6400,156001,0,82,313.64216114034156,65.87299700004223,6440.223383000102,13.0
1778865390,75,,Aggregated,74.600000,0.000000,82,98,170,270,760,1400,2800,3800,5400,6200,6400,156070,0,82,313.53828445562516,65.87299700004223,6440.223383000102,13.0
1778865391,74,,Aggregated,73.500000,0.000000,82,98,170,270,760,1400,2800,3800,5400,6200,6400,156137,0,82,313.4366670273057,65.87299700004223,6440.223383000102,13.0
1778865392,73,,Aggregated,73.200000,0.000000,82,98,170,270,760,1400,2800,3800,5400,6200,6400,156206,0,82,313.33458971704323,65.87299700004223,6440.223383000102,13.0
1778865393,73,,Aggregated,72.400000,0.000000,82,98,170,270,760,1400,2800,3800,5400,6200,6400,156276,0,82,313.23263011524136,65.87299700004223,6440.223383000102,13.0
1778865394,72,,Aggregated,71.700000,0.000000,82,98,170,270,760,1400,2800,3800,5400,6200,6400,156345,0,82,313.1390580201377,65.87299700004223,6440.223383000102,13.0
1778865395,71,,Aggregated,71.000000,0.000000,82,98,170,270,760,1400,2800,3800,5400,6200,6400,156410,0,82,313.04080024342073,65.87299700004223,6440.223383000102,13.0
1778865396,71,,Aggregated,70.200000,0.000000,82,98,170,270,760,1400,2800,3800,5400,6200,6400,156472,0,82,312.9530409073346,65.87299700004223,6440.223383000102,13.0
1778865397,70,,Aggregated,69.300000,0.000000,82,98,170,270,760,1400,2800,3800,5400,6200,6400,156535,0,82,312.86267180750923,65.87299700004223,6440.223383000102,13.0
1778865398,69,,Aggregated,68.800000,0.000000,81,98,170,270,760,1400,2800,3800,5400,6200,6400,156600,0,81,312.76537376297233,65.87299700004223,6440.223383000102,13.0
1778865399,68,,Aggregated,67.800000,0.000000,81,98,170,270,760,1400,2800,3800,5400,6200,6400,156662,0,81,312.6720258998447,65.74753600034455,6440.223383000102,13.0
1778865400,68,,Aggregated,66.900000,0.000000,81,98,170,270,760,1400,2800,3800,5400,6200,6400,156726,0,81,312.57895175709507,65.74753600034455,6440.223383000102,13.0
1778865401,67,,Aggregated,66.400000,0.000000,81,98,170,270,760,1400,2800,3800,5400,6200,6400,156788,0,81,312.48601527354447,65.74753600034455,6440.223383000102,13.0
1778865402,66,,Aggregated,65.600000,0.000000,81,98,170,270,760,1400,2800,3800,5400,6200,6400,156850,0,81,312.3914429221135,65.74753600034455,6440.223383000102,13.0
1778865403,66,,Aggregated,64.900000,0.000000,81,98,170,270,760,1400,2800,3800,5400,6200,6400,156915,0,81,312.2948926090273,65.74753600034455,6440.223383000102,13.0
1778865404,65,,Aggregated,64.300000,0.000000,81,98,170,270,760,1400,2800,3800,5400,6200,6400,156974,0,81,312.2051136605456,65.74753600034455,6440.223383000102,13.0
1778865405,65,,Aggregated,63.700000,0.000000,81,98,170,270,760,1400,2800,3800,5400,6200,6400,157034,0,81,312.1145719477851,65.74753600034455,6440.223383000102,13.0
1778865406,64,,Aggregated,63.400000,0.000000,81,98,170,270,760,1400,2800,3800,5400,6200,6400,157094,0,81,312.02352311708586,65.74753600034455,6440.223383000102,13.0
1778865407,63,,Aggregated,62.800000,0.000000,81,98,170,270,760,1400,2800,3800,5400,6200,6400,157155,0,81,311.9311109229773,65.74753600034455,6440.223383000102,13.0
1778865408,63,,Aggregated,62.400000,0.000000,81,98,170,270,760,1400,2800,3800,5400,6200,6400,157216,0,81,311.8386080711537,65.74753600034455,6440.223383000102,13.0
1778865409,62,,Aggregated,61.500000,0.000000,81,98,170,270,760,1400,2800,3800,5400,6200,6400,157271,0,81,311.7555400831464,65.74753600034455,6440.223383000102,13.0
1778865410,62,,Aggregated,61.100000,0.000000,81,98,170,270,760,1400,2800,3800,5400,6200,6400,157327,0,81,311.6718658724282,65.74753600034455,6440.223383000102,13.0
1778865411,61,,Aggregated,60.400000,0.000000,81,97,170,270,760,1400,2800,3800,5400,6200,6400,157385,0,81,311.58365239477405,65.74753600034455,6440.223383000102,13.0
1778865412,60,,Aggregated,59.900000,0.000000,81,97,170,270,760,1400,2800,3800,5400,6200,6400,157438,0,81,311.50346031813484,65.74753600034455,6440.223383000102,13.0
1778865413,60,,Aggregated,59.600000,0.000000,81,97,170,270,760,1400,2800,3800,5400,6200,6400,157498,0,81,311.41235239950043,65.74753600034455,6440.223383000102,13.0
1778865414,59,,Aggregated,58.600000,0.000000,81,97,170,270,760,1400,2800,3800,5400,6200,6400,157551,0,81,311.33205991346637,65.74753600034455,6440.223383000102,13.0
1778865415,59,,Aggregated,58.100000,0.000000,81,97,170,270,760,1400,2800,3800,5400,6200,6400,157606,0,81,311.2489426493505,65.74753600034455,6440.223383000102,13.0
1778865416,58,,Aggregated,57.700000,0.000000,81,97,170,270,760,1400,2800,3800,5400,6200,6400,157660,0,81,311.16720004672413,65.74753600034455,6440.223383000102,13.0
1778865417,58,,Aggregated,57.500000,0.000000,81,97,170,270,750,1400,2800,3800,5400,6200,6400,157715,0,81,311.0838901646739,65.74753600034455,6440.223383000102,13.0
1778865418,57,,Aggregated,56.900000,0.000000,81,97,170,270,750,1400,2800,3800,5400,6200,6400,157770,0,81,311.0007805760065,65.74753600034455,6440.223383000102,13.0
1778865419,57,,Aggregated,56.400000,0.000000,81,97,170,270,750,1400,2800,3800,5400,6200,6400,157821,0,81,310.92495205275935,65.74753600034455,6440.223383000102,13.0
1778865420,56,,Aggregated,55.700000,0.000000,81,97,170,270,750,1400,2800,3800,5400,6200,6400,157873,0,81,310.8463832231257,65.74753600034455,6440.223383000102,13.0
1778865421,56,,Aggregated,55.400000,0.000000,81,97,170,270,750,1400,2800,3800,5400,6200,6400,157927,0,81,310.76509504056645,65.74753600034455,6440.223383000102,13.0
1778865422,56,,Aggregated,54.500000,0.000000,81,97,170,270,750,1400,2800,3800,5400,6200,6400,157979,0,81,310.68674165671723,65.74753600034455,6440.223383000102,13.0
1778865423,55,,Aggregated,54.000000,0.000000,81,97,170,270,750,1400,2800,3800,5400,6200,6400,158030,0,81,310.60973180179406,65.74753600034455,6440.223383000102,13.0
1778865424,55,,Aggregated,53.900000,0.000000,81,97,170,270,750,1400,2800,3800,5400,6200,6400,158080,0,81,310.5344423213722,65.74753600034455,6440.223383000102,13.0
1778865425,54,,Aggregated,53.500000,0.000000,81,97,170,270,750,1400,2800,3800,5400,6200,6400,158131,0,81,310.4576686614737,65.74753600034455,6440.223383000102,13.0
1778865426,54,,Aggregated,53.100000,0.000000,81,97,170,270,750,1400,2800,3800,5400,6200,6400,158182,0,81,310.3809058961669,65.74753600034455,6440.223383000102,13.0
1778865427,54,,Aggregated,52.600000,0.000000,81,97,170,270,750,1400,2800,3800,5400,6200,6400,158230,0,81,310.30873806605223,65.74753600034455,6440.223383000102,13.0
1778865428,53,,Aggregated,52.200000,0.000000,81,97,170,270,750,1400,2800,3800,5400,6200,6400,158283,0,81,310.2289905845191,65.74753600034455,6440.223383000102,13.0
1778865429,53,,Aggregated,51.900000,0.000000,81,97,170,270,750,1400,2800,3800,5400,6200,6400,158330,0,81,310.1584242705074,65.74753600034455,6440.223383000102,13.0
1778865430,53,,Aggregated,51.600000,0.000000,81,97,170,270,750,1400,2800,3800,5400,6200,6400,158383,0,81,310.07897651635244,65.74753600034455,6440.223383000102,13.0
1778865431,52,,Aggregated,51.100000,0.000000,81,97,170,270,750,1400,2800,3800,5400,6200,6400,158431,0,81,310.00733464864487,65.74753600034455,6440.223383000102,13.0
1778865432,52,,Aggregated,51.000000,0.000000,81,97,170,270,750,1400,2800,3800,5400,6200,6400,158479,0,81,309.9358185635601,65.74753600034455,6440.223383000102,13.0
1778865433,52,,Aggregated,50.300000,0.000000,81,97,170,270,750,1400,2800,3800,5400,6200,6400,158528,0,81,309.86379944565266,65.74753600034455,6440.223383000102,13.0
1778865434,52,,Aggregated,50.100000,0.000000,81,97,170,270,750,1400,2800,3800,5400,6200,6400,158575,0,81,309.79353676794227,65.74753600034455,6440.223383000102,13.0
1778865435,51,,Aggregated,49.800000,0.000000,81,97,170,270,750,1400,2800,3800,5400,6200,6400,158623,0,81,309.7221064421705,65.74753600034455,6440.223383000102,13.0
1778865436,51,,Aggregated,49.200000,0.000000,81,97,170,270,750,1400,2800,3800,5400,6200,6400,158670,0,81,309.65213333369536,65.74753600034455,6440.223383000102,13.0
1778865437,51,,Aggregated,49.000000,0.000000,81,97,170,260,750,1400,2800,3800,5400,6200,6400,158720,0,81,309.57755545859015,65.74753600034455,6440.223383000102,13.0
1778865438,51,,Aggregated,48.500000,0.000000,81,97,170,260,750,1400,2800,3800,5400,6200,6400,158767,0,81,309.50756531469045,65.74753600034455,6440.223383000102,13.0
1778865439,51,,Aggregated,48.600000,0.000000,81,97,170,260,750,1400,2800,3800,5400,6200,6400,158812,0,81,309.44058022939987,65.74753600034455,6440.223383000102,13.0
1778865440,50,,Aggregated,48.000000,0.000000,81,97,170,260,750,1400,2800,3800,5400,6200,6400,158861,0,81,309.3677279088853,65.74753600034455,6440.223383000102,13.0
1778865441,50,,Aggregated,48.200000,0.000000,81,97,170,260,750,1400,2800,3800,5400,6200,6400,158907,0,81,309.2993355736526,65.74753600034455,6440.223383000102,13.0
1778865442,50,,Aggregated,48.100000,0.000000,81,96,160,260,750,1400,2800,3800,5400,6200,6400,158952,0,81,309.23277076978206,65.74753600034455,6440.223383000102,13.0
1778865443,50,,Aggregated,47.800000,0.000000,81,96,160,260,750,1400,2800,3800,5400,6200,6400,159002,0,81,309.16150183555806,65.74753600034455,6440.223383000102,13.0
1778865444,50,,Aggregated,47.500000,0.000000,81,96,160,260,750,1400,2800,3800,5400,6200,6400,159046,0,81,309.0963992565006,65.74753600034455,6440.223383000102,13.0
1778865445,50,,Aggregated,46.900000,0.000000,81,96,160,260,750,1400,2800,3800,5400,6200,6400,159095,0,81,309.02444037722995,65.74753600034455,6440.223383000102,13.0
1778865446,50,,Aggregated,47.100000,0.000000,81,96,160,260,750,1400,2800,3800,5400,6200,6400,159139,0,81,308.95901742340595,65.74753600034455,6440.223383000102,13.0
1778865447,50,,Aggregated,46.800000,0.000000,81,96,160,260,750,1400,2800,3800,5400,6200,6400,159189,0,81,308.88531178438467,65.74753600034455,6440.223383000102,13.0
1778865448,50,,Aggregated,47.000000,0.000000,81,96,160,260,750,1400,2800,3800,5400,6200,6400,159236,0,81,308.81561732307654,65.74753600034455,6440.223383000102,13.0
1778865449,50,,Aggregated,46.800000,0.000000,81,96,160,260,750,1400,2800,3800,5400,6200,6400,159280,0,81,308.7503309837355,65.74753600034455,6440.223383000102,13.0
1778865450,50,,Aggregated,47.000000,0.000000,81,96,160,260,750,1400,2800,3800,5400,6200,6400,159326,0,81,308.68280901655964,65.74753600034455,6440.223383000102,13.0
1778865451,50,,Aggregated,46.400000,0.000000,81,96,160,260,750,1400,2800,3800,5400,6200,6400,159372,0,81,308.6147229490588,65.74753600034455,6440.223383000102,13.0
1778865452,50,,Aggregated,46.400000,0.000000,81,96,160,260,750,1400,2800,3800,5400,6200,6400,159419,0,81,308.54535136642045,65.74753600034455,6440.223383000102,13.0
1778865453,50,,Aggregated,46.600000,0.000000,81,96,160,260,750,1400,2800,3800,5400,6200,6400,159466,0,81,308.4774338530305,65.74753600034455,6440.223383000102,13.0
1778865454,50,,Aggregated,46.700000,0.000000,81,96,160,260,750,1400,2800,3800,5400,6200,6400,159514,0,81,308.41107317872627,65.74753600034455,6440.223383000102,13.0
1778865455,50,,Aggregated,46.800000,0.000000,81,96,160,260,750,1400,2800,3800,5400,6200,6400,159561,0,81,308.34273911901624,65.74753600034455,6440.223383000102,13.0
1778865456,50,,Aggregated,47.000000,0.000000,81,96,160,260,750,1400,2800,3800,5400,6200,6400,159603,0,81,308.2853641671419,65.74753600034455,6440.223383000102,13.0
1778865457,50,,Aggregated,46.600000,0.000000,81,96,160,260,750,1400,2800,3800,5400,6200,6400,159634,0,81,308.29156679735115,65.74753600034455,6440.223383000102,13.0
1778865458,50,,Aggregated,46.500000,0.000000,81,96,160,260,750,1400,2800,3800,5400,6200,6400,159660,0,81,308.3175508777926,65.74753600034455,6440.223383000102,13.0
1778865459,50,,Aggregated,44.900000,0.000000,81,96,160,260,750,1400,2800,3800,5400,6200,6400,159687,0,81,308.38179651205394,65.74753600034455,6440.223383000102,13.0
1778865460,50,,Aggregated,43.800000,0.000000,81,96,160,260,750,1400,2800,3800,5400,6200,6400,159715,0,81,308.4731562539483,65.74753600034455,6440.223383000102,13.0
1778865461,50,,Aggregated,42.000000,0.000000,81,96,160,260,750,1400,2800,3800,5400,6200,6400,159764,0,81,308.56193882016174,65.74753600034455,6440.223383000102,13.0
1778865462,51,,Aggregated,39.700000,0.000000,81,96,160,260,750,1400,2800,3800,5400,6200,6400,159810,0,81,308.49898587597954,65.74753600034455,6440.223383000102,13.0
1778865463,51,,Aggregated,38.300000,0.000000,81,96,160,260,750,1400,2800,3800,5400,6200,6400,159859,0,81,308.4361376216748,65.74753600034455,6440.223383000102,13.0
1778865464,51,,Aggregated,38.600000,0.000000,81,96,160,260,750,1400,2800,3800,5400,6200,6400,159905,0,81,308.37003487666624,65.74753600034455,6440.223383000102,13.0
1778865465,51,,Aggregated,38.700000,0.000000,81,96,160,260,750,1400,2800,3800,5400,6200,6400,159952,0,81,308.30486593216915,65.74753600034455,6440.223383000102,13.0
1778865466,51,,Aggregated,38.600000,0.000000,81,96,160,260,750,1400,2800,3800,5400,6200,6400,159997,0,81,308.2389529315819,65.74753600034455,6440.223383000102,13.0
1778865467,52,,Aggregated,39.000000,0.000000,81,96,160,260,750,1400,2800,3800,5400,6200,6400,160044,0,81,308.17312250185756,65.74753600034455,6440.223383000102,13.0
1778865468,52,,Aggregated,39.000000,0.000000,81,96,160,260,750,1400,2800,3800,5400,6200,6400,160093,0,81,308.1125634607217,65.74753600034455,6440.223383000102,13.0
1778865469,52,,Aggregated,40.700000,0.000000,81,96,160,260,750,1400,2700,3800,5400,6200,6400,160143,0,81,308.04096758660904,65.74753600034455,6440.223383000102,13.0
1778865470,52,,Aggregated,41.600000,0.000000,81,96,160,260,740,1400,2700,3800,5400,6200,6400,160190,0,81,307.98136527999463,65.74753600034455,6440.223383000102,13.0
1778865471,53,,Aggregated,43.600000,0.000000,81,96,160,260,740,1400,2700,3800,5400,6200,6400,160240,0,81,307.91299985116285,65.74753600034455,6440.223383000102,13.0
1778865472,53,,Aggregated,45.700000,0.000000,81,96,160,260,740,1400,2700,3800,5400,6200,6400,160288,0,81,307.8434956367184,65.74753600034455,6440.223383000102,13.0
1778865473,53,,Aggregated,47.700000,0.000000,81,96,160,260,740,1400,2700,3800,5400,6200,6400,160339,0,81,307.76885792124995,65.74753600034455,6440.223383000102,13.0
1778865474,54,,Aggregated,47.500000,0.000000,81,96,160,260,740,1400,2700,3800,5400,6200,6400,160387,0,81,307.6985185431069,65.74753600034455,6440.223383000102,13.0
1778865475,54,,Aggregated,47.700000,0.000000,81,96,160,260,740,1400,2700,3800,5400,6200,6400,160438,0,81,307.62409607720315,65.74753600034455,6440.223383000102,13.0
1778865476,54,,Aggregated,48.000000,0.000000,81,96,160,260,740,1400,2700,3800,5400,6200,6400,160487,0,81,307.5541971791441,65.74753600034455,6440.223383000102,13.0
1778865477,55,,Aggregated,48.500000,0.000000,81,96,160,260,740,1400,2700,3800,5400,6200,6400,160538,0,81,307.47962131364113,65.74753600034455,6440.223383000102,13.0
1778865478,55,,Aggregated,48.900000,0.000000,81,96,160,260,740,1400,2700,3800,5400,6200,6400,160590,0,81,307.4039264721422,65.74753600034455,6440.223383000102,13.0
1778865479,56,,Aggregated,48.900000,0.000000,81,96,160,260,740,1400,2700,3800,5400,6200,6400,160643,0,81,307.33213216487695,65.74753600034455,6440.223383000102,13.0
1778865480,56,,Aggregated,49.600000,0.000000,81,96,160,260,740,1400,2700,3800,5400,6200,6400,160694,0,81,307.25786210567475,65.74753600034455,6440.223383000102,13.0
1778865481,56,,Aggregated,50.000000,0.000000,81,96,160,260,740,1400,2700,3800,5400,6200,6400,160748,0,81,307.1802055743106,65.74753600034455,6440.223383000102,13.0
1778865482,57,,Aggregated,50.700000,0.000000,81,96,160,260,740,1400,2700,3800,5400,6200,6400,160799,0,81,307.10784627284545,65.74753600034455,6440.223383000102,13.0
1778865483,57,,Aggregated,50.600000,0.000000,81,96,160,260,740,1400,2700,3800,5400,6200,6400,160853,0,81,307.03095735035885,65.74753600034455,6440.223383000102,13.0
1778865484,58,,Aggregated,50.700000,0.000000,81,96,160,260,740,1400,2700,3800,5400,6200,6400,160905,0,81,306.9627636653758,65.74753600034455,6440.223383000102,13.0
1778865485,58,,Aggregated,51.500000,0.000000,81,96,160,260,740,1400,2700,3800,5400,6200,6400,160962,0,81,306.88521744382723,65.74753600034455,6440.223383000102,13.0
1778865486,59,,Aggregated,51.800000,0.000000,81,96,160,260,740,1400,2700,3800,5400,6200,6400,161015,0,81,306.80951268719866,65.74753600034455,6440.223383000102,13.0
1778865487,59,,Aggregated,51.800000,0.000000,81,96,160,260,740,1400,2700,3800,5400,6200,6400,161071,0,81,306.72898123900836,65.74753600034455,6440.223383000102,13.0
1778865488,60,,Aggregated,52.100000,0.000000,81,96,160,260,740,1400,2700,3800,5400,6200,6400,161126,0,81,306.6495830007591,65.74753600034455,6440.223383000102,13.0
1778865489,60,,Aggregated,52.500000,0.000000,81,96,160,260,740,1400,2700,3800,5400,6200,6400,161183,0,81,306.56745525861487,65.74753600034455,6440.223383000102,13.0
1778865490,61,,Aggregated,52.900000,0.000000,81,96,160,260,740,1400,2700,3800,5400,6200,6400,161241,0,81,306.48354290170187,65.74753600034455,6440.223383000102,13.0
1778865491,62,,Aggregated,53.400000,0.000000,81,96,160,260,740,1400,2700,3800,5400,6200,6400,161299,0,81,306.39948035844816,65.74753600034455,6440.223383000102,13.0
1778865492,62,,Aggregated,53.800000,0.000000,81,96,160,260,740,1400,2700,3800,5400,6200,6400,161358,0,81,306.3158759071589,65.74753600034455,6440.223383000102,13.0
1778865493,63,,Aggregated,54.400000,0.000000,81,95,160,260,740,1400,2700,3800,5400,6200,6400,161419,0,81,306.2278192496259,65.74753600034455,6440.223383000102,13.0
1778865494,63,,Aggregated,55.200000,0.000000,81,95,160,260,740,1400,2700,3800,5400,6200,6400,161478,0,81,306.1441643273658,65.74753600034455,6440.223383000102,13.0
1778865495,64,,Aggregated,55.400000,0.000000,81,95,160,260,740,1400,2700,3800,5400,6200,6400,161536,0,81,306.06005223663686,65.74753600034455,6440.223383000102,13.0
1778865496,65,,Aggregated,55.700000,0.000000,81,95,160,260,740,1400,2700,3800,5400,6200,6400,161596,0,81,305.9736615128801,65.74753600034455,6440.223383000102,13.0
1778865497,65,,Aggregated,56.700000,0.000000,81,95,160,260,740,1400,2700,3800,5400,6200,6400,161656,0,81,305.8868477331146,65.74753600034455,6440.223383000102,13.0
1778865498,66,,Aggregated,57.500000,0.000000,81,95,160,260,740,1400,2700,3800,5400,6200,6400,161718,0,81,305.7973334252675,65.74753600034455,6440.223383000102,13.0
1778865499,66,,Aggregated,58.300000,0.000000,81,95,160,260,740,1400,2700,3800,5400,6200,6400,161778,0,81,305.71587762563155,65.74753600034455,6440.223383000102,13.0
1778865500,67,,Aggregated,59.000000,0.000000,81,95,160,260,740,1400,2700,3800,5400,6200,6400,161842,0,81,305.6245467417941,65.74753600034455,6440.223383000102,13.0
1778865501,68,,Aggregated,59.100000,0.000000,81,95,160,260,740,1400,2700,3800,5400,6200,6400,161905,0,81,305.535235791257,65.74753600034455,6440.223383000102,13.0
1778865502,69,,Aggregated,59.300000,0.000000,81,95,160,260,740,1400,2700,3800,5400,6200,6400,161971,0,81,305.4453670333359,65.74753600034455,6440.223383000102,13.0
1778865503,69,,Aggregated,60.100000,0.000000,81,95,160,260,740,1400,2700,3800,5400,6200,6400,162034,0,81,305.3628242373728,65.74753600034455,6440.223383000102,13.0
1778865504,70,,Aggregated,60.600000,0.000000,81,95,160,260,740,1400,2700,3800,5400,6200,6400,162087,0,81,305.3134601978472,65.74753600034455,6440.223383000102,13.0
1778865505,71,,Aggregated,61.300000,0.000000,81,95,160,260,740,1400,2700,3800,5400,6200,6400,162148,0,81,305.32600531504215,65.74753600034455,6440.223383000102,13.0
1778865506,71,,Aggregated,61.900000,0.000000,81,95,160,260,740,1400,2700,3800,5400,6200,6400,162207,0,81,305.2580922116706,65.74753600034455,6440.223383000102,13.0
1778865507,72,,Aggregated,60.600000,0.000000,81,95,160,260,740,1400,2700,3800,5400,6200,6400,162276,0,81,305.1777280756886,65.74753600034455,6440.223383000102,13.0
1778865508,73,,Aggregated,61.200000,0.000000,81,95,160,260,740,1400,2700,3800,5400,6200,6400,162344,0,81,305.0848815816197,65.74753600034455,6440.223383000102,13.0
1778865509,74,,Aggregated,60.700000,0.000000,81,95,160,250,740,1400,2700,3800,5400,6200,6400,162412,0,81,304.9980438264752,65.74753600034455,6440.223383000102,13.0
1778865510,74,,Aggregated,61.400000,0.000000,81,95,160,250,740,1400,2700,3800,5400,6200,6400,162478,0,81,304.91516728871295,65.74753600034455,6440.223383000102,13.0
1778865511,75,,Aggregated,62.400000,0.000000,81,95,160,250,730,1400,2700,3800,5400,6200,6400,162548,0,81,304.82982081720166,65.74753600034455,6440.223383000102,13.0
1778865512,76,,Aggregated,63.500000,0.000000,81,95,160,250,730,1400,2700,3800,5400,6200,6400,162619,0,81,304.72998315554463,65.74753600034455,6440.223383000102,13.0
1778865513,77,,Aggregated,63.700000,0.000000,81,95,160,250,730,1400,2700,3800,5400,6200,6400,162691,0,81,304.6293130459799,65.74753600034455,6440.223383000102,13.0
1778865514,77,,Aggregated,64.200000,0.000000,81,95,160,250,730,1400,2700,3800,5400,6200,6400,162761,0,81,304.5312937376369,65.74753600034455,6440.223383000102,13.0
1778865515,78,,Aggregated,65.000000,0.000000,81,95,160,250,730,1400,2700,3800,5400,6200,6400,162833,0,81,304.43261541988136,65.74753600034455,6440.223383000102,13.0
1778865516,79,,Aggregated,65.800000,0.000000,81,95,160,250,730,1400,2700,3800,5400,6200,6400,162907,0,81,304.3403035454677,65.74753600034455,6440.223383000102,13.0
1778865517,80,,Aggregated,68.000000,0.000000,81,95,160,250,730,1400,2700,3800,5400,6200,6400,162982,0,81,304.24050521370145,65.74753600034455,6440.223383000102,13.0
1778865518,81,,Aggregated,68.200000,0.000000,81,95,160,250,730,1400,2700,3800,5400,6200,6400,163058,0,81,304.13586236782913,65.74753600034455,6440.223383000102,13.0
1778865519,81,,Aggregated,69.900000,0.000000,81,95,160,250,730,1400,2700,3800,5400,6200,6400,163134,0,81,304.0314837634735,65.74753600034455,6440.223383000102,13.0
1778865520,82,,Aggregated,70.500000,0.000000,81,95,160,250,730,1400,2700,3800,5400,6200,6400,163208,0,81,303.93340602378237,65.74753600034455,6440.223383000102,13.0
1778865521,83,,Aggregated,71.100000,0.000000,81,95,160,250,730,1400,2700,3800,5400,6200,6400,163282,0,81,303.8308692248225,65.74753600034455,6440.223383000102,13.0
1778865522,84,,Aggregated,72.000000,0.000000,81,95,160,250,730,1400,2700,3800,5400,6200,6400,163363,0,81,303.7294231192772,65.74753600034455,6440.223383000102,13.0
1778865523,85,,Aggregated,72.800000,0.000000,81,95,160,250,730,1400,2700,3800,5400,6200,6400,163443,0,81,303.62316444798796,65.74753600034455,6440.223383000102,13.0
1778865524,86,,Aggregated,73.500000,0.000000,81,95,160,250,730,1400,2700,3800,5400,6200,6400,163519,0,81,303.5212711363604,65.74753600034455,6440.223383000102,13.0
1778865525,86,,Aggregated,74.100000,0.000000,81,95,160,250,730,1400,2700,3800,5400,6200,6400,163597,0,81,303.4322405250614,65.74753600034455,6440.223383000102,13.0
1778865526,87,,Aggregated,74.800000,0.000000,81,95,160,250,730,1400,2700,3800,5400,6200,6400,163681,0,81,303.32471763277056,65.74753600034455,6440.223383000102,13.0
1778865527,88,,Aggregated,75.700000,0.000000,81,95,160,250,730,1400,2700,3800,5400,6200,6400,163759,0,81,303.2212138371419,65.74753600034455,6440.223383000102,13.0
1778865528,89,,Aggregated,76.600000,0.000000,81,95,160,250,730,1400,2700,3800,5400,6200,6400,163841,0,81,303.12174168111454,65.74753600034455,6440.223383000102,13.0
1778865529,90,,Aggregated,77.200000,0.000000,81,95,160,250,730,1400,2700,3800,5400,6200,6400,163921,0,81,303.04853046027944,65.74753600034455,6440.223383000102,13.0
1778865530,91,,Aggregated,77.500000,0.000000,81,95,160,250,730,1400,2700,3800,5400,6200,6400,164006,0,81,302.9469612980465,65.74753600034455,6440.223383000102,13.0
1778865531,91,,Aggregated,78.200000,0.000000,81,95,160,250,730,1400,2700,3800,5400,6200,6400,164081,0,81,302.84559236247605,65.74753600034455,6440.223383000102,13.0
1778865532,92,,Aggregated,78.800000,0.000000,81,95,160,250,730,1400,2700,3800,5400,6200,6400,164167,0,81,302.76711045539264,65.74753600034455,6440.223383000102,13.0
1778865533,93,,Aggregated,79.500000,0.000000,81,95,160,250,730,1400,2700,3800,5400,6200,6400,164254,0,81,302.64968895988164,65.74753600034455,6440.223383000102,13.0
1778865534,94,,Aggregated,79.600000,0.000000,81,95,160,250,730,1400,2700,3800,5400,6200,6400,164341,0,81,302.5293037756886,65.74753600034455,6440.223383000102,13.0
1778865535,95,,Aggregated,80.200000,0.000000,81,95,160,250,730,1400,2700,3800,5400,6200,6400,164434,0,81,302.40250888581704,65.74753600034455,6440.223383000102,13.0
1778865536,96,,Aggregated,81.300000,0.000000,81,95,160,250,730,1400,2700,3800,5400,6200,6400,164516,0,81,302.2908866193649,65.74753600034455,6440.223383000102,13.0
1778865537,97,,Aggregated,82.000000,0.000000,81,95,160,250,730,1400,2700,3800,5400,6200,6400,164607,0,81,302.17608478012767,65.74753600034455,6440.223383000102,13.0
1778865538,98,,Aggregated,82.800000,0.000000,81,95,160,250,720,1400,2700,3800,5400,6200,6400,164697,0,81,302.06531600396164,65.74753600034455,6440.223383000102,13.0
1778865539,98,,Aggregated,83.700000,0.000000,81,95,160,250,720,1400,2700,3800,5400,6200,6400,164790,0,81,301.9411509152831,65.74753600034455,6440.223383000102,13.0
1778865540,99,,Aggregated,84.900000,0.000000,81,95,160,250,720,1400,2700,3800,5400,6200,6400,164883,0,81,301.81363945881316,65.74753600034455,6440.223383000102,13.0
1778865541,100,,Aggregated,85.800000,0.000000,81,95,160,250,720,1400,2700,3800,5400,6200,6400,164977,0,81,301.6851389813705,65.74753600034455,6440.223383000102,13.0
1778865542,101,,Aggregated,86.600000,0.000000,81,95,160,250,720,1400,2700,3800,5400,6200,6400,165070,0,81,301.5584453127193,65.74753600034455,6440.223383000102,13.0
1778865543,102,,Aggregated,87.600000,0.000000,81,95,160,250,720,1400,2700,3800,5400,6200,6400,165166,0,81,301.42740876679557,65.74753600034455,6440.223383000102,13.0
1778865544,103,,Aggregated,89.500000,0.000000,81,95,160,250,720,1400,2700,3800,5400,6200,6400,165260,0,81,301.2989440793388,65.74753600034455,6440.223383000102,13.0
1778865545,104,,Aggregated,90.500000,0.000000,81,95,160,250,720,1400,2700,3800,5400,6200,6400,165360,0,81,301.16297039503206,65.74753600034455,6440.223383000102,13.0
1778865546,105,,Aggregated,90.900000,0.000000,81,95,160,250,720,1400,2700,3800,5400,6200,6400,165460,0,81,301.0279891163575,65.74753600034455,6440.223383000102,13.0
1778865547,105,,Aggregated,91.800000,0.000000,81,95,160,250,720,1400,2700,3800,5400,6200,6400,165552,0,81,300.9034703239616,65.74753600034455,6440.223383000102,13.0
1778865548,106,,Aggregated,92.700000,0.000000,81,94,160,250,720,1400,2700,3800,5400,6200,6400,165653,0,81,300.76700378824717,65.74753600034455,6440.223383000102,13.0
1778865549,107,,Aggregated,93.700000,0.000000,81,94,160,240,720,1400,2700,3800,5400,6200,6400,165753,0,81,300.6315642815845,65.74753600034455,6440.223383000102,13.0
1778865550,108,,Aggregated,94.700000,0.000000,81,94,160,240,720,1400,2700,3800,5400,6200,6400,165854,0,81,300.49965016719193,65.74753600034455,6440.223383000102,13.0
1778865551,109,,Aggregated,95.100000,0.000000,81,94,160,240,720,1400,2700,3800,5400,6200,6400,165954,0,81,300.3650076292796,65.74753600034455,6440.223383000102,13.0
1778865552,110,,Aggregated,95.900000,0.000000,81,94,160,240,720,1400,2700,3800,5400,6200,6400,166056,0,81,300.2290381887946,65.74753600034455,6440.223383000102,13.0
1778865553,111,,Aggregated,96.800000,0.000000,81,94,160,240,720,1400,2700,3800,5400,6200,6400,166160,0,81,300.0947240915353,65.74753600034455,6440.223383000102,13.0
1778865554,111,,Aggregated,97.500000,0.000000,81,94,150,240,720,1400,2700,3800,5400,6200,6400,166265,0,81,299.95357037779155,65.74753600034455,6440.223383000102,13.0
1778865555,112,,Aggregated,98.000000,0.000000,81,94,150,240,720,1400,2700,3800,5400,6200,6400,166372,0,81,299.8119048610615,65.74753600034455,6440.223383000102,13.0
1778865556,113,,Aggregated,99.000000,0.000000,81,94,150,240,720,1400,2700,3800,5400,6200,6400,166476,0,81,299.67231321361953,65.74753600034455,6440.223383000102,13.0
1778865557,114,,Aggregated,99.900000,0.000000,81,94,150,240,720,1400,2700,3800,5400,6200,6400,166583,0,81,299.528771778426,65.74753600034455,6440.223383000102,13.0
1778865558,115,,Aggregated,100.900000,0.000000,81,94,150,240,720,1400,2700,3800,5400,6200,6400,166692,0,81,299.3820998740705,65.74753600034455,6440.223383000102,13.0
1778865559,116,,Aggregated,101.600000,0.000000,81,94,150,240,720,1400,2700,3800,5400,6200,6400,166794,0,81,299.2610427175471,65.74753600034455,6440.223383000102,13.0
1778865560,117,,Aggregated,102.200000,0.000000,81,94,150,240,720,1400,2700,3800,5400,6200,6400,166896,0,81,299.1292050718084,65.74753600034455,6440.223383000102,13.0
1778865561,117,,Aggregated,103.900000,0.000000,81,94,150,240,710,1400,2700,3800,5400,6200,6400,167005,0,81,298.9871339124188,65.74753600034455,6440.223383000102,13.0
1778865562,118,,Aggregated,104.000000,0.000000,81,94,150,240,710,1400,2700,3800,5400,6200,6400,167111,0,81,298.8463808717232,65.74753600034455,6440.223383000102,13.0
1778865563,119,,Aggregated,103.900000,0.000000,81,94,150,240,710,1400,2700,3800,5400,6200,6400,167230,0,81,298.69208271632795,65.74753600034455,6440.223383000102,13.0
1778865564,120,,Aggregated,104.300000,0.000000,81,94,150,240,710,1400,2700,3800,5400,6200,6400,167343,0,81,298.54576802015964,65.74753600034455,6440.223383000102,13.0
1778865565,121,,Aggregated,104.900000,0.000000,81,94,150,240,710,1400,2700,3800,5400,6200,6400,167460,0,81,298.3932222092356,65.74753600034455,6440.223383000102,13.0
1778865566,121,,Aggregated,106.500000,0.000000,81,94,150,240,710,1400,2700,3800,5400,6200,6400,167574,0,81,298.24286865424597,65.74753600034455,6440.223383000102,13.0
1778865567,122,,Aggregated,107.900000,0.000000,81,94,150,240,710,1400,2700,3800,5400,6200,6400,167690,0,81,298.0917168225928,65.74753600034455,6440.223383000102,13.0
1778865568,123,,Aggregated,108.500000,0.000000,81,94,150,240,710,1400,2700,3800,5400,6200,6400,167804,0,81,297.9468932828334,65.74753600034455,6440.223383000102,13.0
1778865569,124,,Aggregated,109.600000,0.000000,81,94,150,240,710,1400,2700,3800,5400,6200,6400,167913,0,81,297.8065371556613,65.74753600034455,6440.223383000102,13.0
1778865570,124,,Aggregated,110.400000,0.000000,81,94,150,240,710,1400,2700,3800,5400,6200,6400,168026,0,81,297.664960675512,65.74753600034455,6440.223383000102,13.0
1778865571,125,,Aggregated,110.900000,0.000000,81,93,150,240,710,1400,2700,3800,5400,6200,6400,168141,0,81,297.5139388856589,65.74753600034455,6440.223383000102,13.0
1778865572,126,,Aggregated,111.600000,0.000000,81,93,150,240,710,1400,2700,3800,5400,6200,6400,168256,0,81,297.36506411302145,65.74753600034455,6440.223383000102,13.0
1778865573,127,,Aggregated,112.700000,0.000000,81,93,150,240,710,1400,2700,3800,5400,6200,6400,168375,0,81,297.21138857746416,65.74753600034455,6440.223383000102,13.0
1778865575,127,,Aggregated,113.600000,0.000000,81,93,150,240,710,1400,2700,3800,5400,6200,6400,168490,0,81,297.064661450297,65.74753600034455,6440.223383000102,13.0
1778865576,128,,Aggregated,114.500000,0.000000,81,93,150,240,710,1400,2700,3800,5400,6200,6400,168606,0,81,296.93096871336456,65.74753600034455,6440.223383000102,13.0
1778865577,129,,Aggregated,114.100000,0.000000,81,93,150,240,710,1400,2700,3800,5400,6200,6400,168728,0,81,296.80593192452676,65.74753600034455,6440.223383000102,13.0
1778865578,130,,Aggregated,114.100000,0.000000,81,93,150,240,710,1400,2700,3800,5400,6200,6400,168851,0,81,296.65531201102476,65.74753600034455,6440.223383000102,13.0
1778865579,130,,Aggregated,114.900000,0.000000,81,93,150,240,710,1400,2700,3800,5400,6200,6400,168973,0,81,296.49781312684615,65.74753600034455,6440.223383000102,13.0
1778865580,131,,Aggregated,115.900000,0.000000,81,93,150,240,710,1400,2700,3800,5400,6200,6400,169093,0,81,296.3489252266005,65.74753600034455,6440.223383000102,13.0
1778865581,132,,Aggregated,115.900000,0.000000,81,93,150,240,710,1400,2600,3700,5400,6200,6400,169212,0,81,296.19440914640535,65.74753600034455,6440.223383000102,13.0
1778865582,132,,Aggregated,117.500000,0.000000,81,93,150,230,700,1400,2600,3700,5400,6200,6400,169333,0,81,296.0439619992295,65.74753600034455,6440.223383000102,13.0
1778865583,133,,Aggregated,117.500000,0.000000,81,93,150,230,700,1400,2600,3700,5400,6200,6400,169453,0,81,295.8917029894989,65.74753600034455,6440.223383000102,13.0
1778865584,134,,Aggregated,118.800000,0.000000,81,93,150,230,700,1400,2600,3700,5400,6200,6400,169578,0,81,295.7382765220109,65.74753600034455,6440.223383000102,13.0
1778865585,134,,Aggregated,119.700000,0.000000,81,93,150,230,700,1400,2600,3700,5400,6200,6400,169701,0,81,295.591122316413,65.74753600034455,6440.223383000102,13.0
1778865586,135,,Aggregated,119.900000,0.000000,81,93,150,230,700,1400,2600,3700,5400,6200,6400,169828,0,81,295.4479370206421,65.74753600034455,6440.223383000102,13.0
1778865587,135,,Aggregated,120.800000,0.000000,81,93,150,230,700,1400,2600,3700,5400,6200,6400,169953,0,81,295.30729735025335,65.74753600034455,6440.223383000102,13.0
1778865588,136,,Aggregated,122.000000,0.000000,81,93,150,230,700,1400,2600,3700,5300,6200,6400,170061,0,81,295.19789733996413,65.74753600034455,6440.223383000102,13.0
1778865589,137,,Aggregated,122.100000,0.000000,81,93,150,230,700,1400,2600,3700,5300,6200,6400,170189,0,81,295.0893829109618,65.74753600034455,6440.223383000102,13.0
1778865590,137,,Aggregated,120.600000,0.000000,81,93,150,230,700,1400,2600,3700,5300,6200,6400,170315,0,81,294.94160780253435,65.74753600034455,6440.223383000102,13.0
1778865591,138,,Aggregated,121.300000,0.000000,81,93,150,230,700,1400,2600,3700,5300,6200,6400,170443,0,81,294.80342175315894,65.74753600034455,6440.223383000102,13.0
1778865592,138,,Aggregated,122.000000,0.000000,81,93,150,230,700,1400,2600,3700,5300,6200,6400,170571,0,81,294.6505053617771,65.74753600034455,6440.223383000102,13.0
1778865593,139,,Aggregated,122.400000,0.000000,81,93,150,230,700,1400,2600,3700,5300,6200,6400,170694,0,81,294.49992824161154,65.74753600034455,6440.223383000102,13.0
1778865594,139,,Aggregated,123.600000,0.000000,81,93,150,230,700,1400,2600,3700,5300,6200,6400,170822,0,81,294.34081135961793,65.74753600034455,6440.223383000102,13.0
1778865595,140,,Aggregated,123.500000,0.000000,81,93,150,230,700,1400,2600,3700,5300,6200,6400,170954,0,81,294.1782816408019,65.74753600034455,6440.223383000102,13.0
1778865596,140,,Aggregated,124.100000,0.000000,81,93,150,230,700,1400,2600,3700,5300,6200,6400,171085,0,81,294.0194232034465,65.74753600034455,6440.223383000102,13.0
1778865597,141,,Aggregated,124.900000,0.000000,81,93,150,230,700,1400,2600,3700,5300,6200,6400,171215,0,81,293.8573286890848,65.74753600034455,6440.223383000102,13.0
1778865598,141,,Aggregated,124.900000,0.000000,81,93,150,230,700,1400,2600,3700,5300,6200,6400,171344,0,81,293.70600040347864,65.74753600034455,6440.223383000102,13.0
1778865599,142,,Aggregated,125.700000,0.000000,81,93,150,230,700,1400,2600,3700,5300,6200,6400,171476,0,81,293.5477940851935,65.74753600034455,6440.223383000102,13.0
1778865600,142,,Aggregated,127.800000,0.000000,81,93,150,230,700,1400,2600,3700,5300,6200,6400,171604,0,81,293.4007067557204,65.74753600034455,6440.223383000102,13.0
1778865601,143,,Aggregated,128.300000,0.000000,81,93,150,230,690,1400,2600,3700,5300,6200,6400,171736,0,81,293.2417967844986,65.74753600034455,6440.223383000102,13.0
1778865602,143,,Aggregated,128.200000,0.000000,81,93,150,230,690,1400,2600,3700,5300,6200,6400,171864,0,81,293.1034410713801,65.74753600034455,6440.223383000102,13.0
1778865603,144,,Aggregated,128.900000,0.000000,81,93,150,230,690,1400,2600,3700,5300,6200,6400,171984,0,81,293.0123811143053,65.74753600034455,6440.223383000102,13.0
1778865604,144,,Aggregated,128.800000,0.000000,81,93,150,230,690,1400,2600,3700,5300,6200,6400,172081,0,81,293.0120222995025,65.74753600034455,6440.223383000102,13.0
1778865605,144,,Aggregated,128.000000,0.000000,81,93,150,230,690,1400,2600,3700,5300,6200,6400,172185,0,81,293.09747593936595,65.74753600034455,6440.223383000102,13.0
1778865606,145,,Aggregated,126.000000,0.000000,81,93,150,230,690,1300,2600,3700,5300,6200,6400,172283,0,81,293.16387643442897,65.74753600034455,6440.223383000102,13.0
1778865607,145,,Aggregated,122.900000,0.000000,81,93,150,230,690,1300,2600,3700,5300,6200,6400,172394,0,81,293.25302125552923,65.74753600034455,6440.223383000102,13.0
1778865608,146,,Aggregated,120.000000,0.000000,81,93,150,230,690,1300,2600,3700,5300,6200,6400,172520,0,81,293.1886356786905,65.74753600034455,6440.223383000102,13.0
1778865609,146,,Aggregated,117.900000,0.000000,81,93,150,230,690,1300,2600,3700,5300,6200,6400,172647,0,81,293.1018111791498,65.74753600034455,6440.223383000102,13.0
1778865610,146,,Aggregated,117.200000,0.000000,81,93,150,230,690,1300,2600,3700,5300,6200,6400,172779,0,81,293.0039882804664,65.74753600034455,6440.223383000102,13.0
1778865611,146,,Aggregated,116.600000,0.000000,81,93,150,230,690,1300,2600,3700,5300,6200,6400,172910,0,81,292.8659131825443,65.74753600034455,6440.223383000102,13.0
1778865612,147,,Aggregated,116.800000,0.000000,81,93,150,230,690,1300,2600,3700,5300,6200,6400,173044,0,81,292.71732569737014,65.74753600034455,6440.223383000102,13.0
1778865613,147,,Aggregated,116.600000,0.000000,81,93,150,230,690,1300,2600,3700,5300,6200,6400,173183,0,81,292.54791483738404,65.74753600034455,6440.223383000102,13.0
1778865614,147,,Aggregated,117.600000,0.000000,81,93,150,230,690,1300,2600,3700,5300,6200,6400,173317,0,81,292.38646273493464,65.74753600034455,6440.223383000102,13.0
1778865615,148,,Aggregated,119.600000,0.000000,81,93,150,230,690,1300,2600,3700,5300,6200,6400,173446,0,81,292.259584446039,65.74753600034455,6440.223383000102,13.0
1778865616,148,,Aggregated,122.700000,0.000000,81,93,150,230,690,1300,2600,3700,5300,6200,6400,173580,0,81,292.13837064950235,65.74753600034455,6440.223383000102,13.0
1778865617,148,,Aggregated,125.000000,0.000000,81,93,150,230,690,1300,2600,3700,5300,6200,6400,173718,0,81,291.97834296778433,65.74753600034455,6440.223383000102,13.0
1778865618,148,,Aggregated,128.700000,0.000000,81,93,150,230,690,1300,2600,3700,5300,6200,6400,173854,0,81,291.81257133460593,65.74753600034455,6440.223383000102,13.0
1778865619,148,,Aggregated,131.400000,0.000000,81,93,150,230,690,1300,2600,3700,5300,6200,6400,173992,0,81,291.64386530610926,65.74753600034455,6440.223383000102,13.0
1778865620,149,,Aggregated,132.800000,0.000000,81,93,150,230,690,1300,2600,3700,5300,6200,6400,174127,0,81,291.4854961154937,65.74753600034455,6440.223383000102,13.0
1778865621,149,,Aggregated,133.800000,0.000000,81,93,150,230,690,1300,2600,3700,5300,6200,6400,174262,0,81,291.3451775657835,65.74753600034455,6440.223383000102,13.0
1778865622,149,,Aggregated,134.700000,0.000000,81,93,150,230,690,1300,2600,3700,5300,6200,6400,174404,0,81,291.18825103144184,65.74753600034455,6440.223383000102,13.0
1778865623,149,,Aggregated,135.300000,0.000000,81,93,150,230,690,1300,2600,3700,5300,6200,6400,174539,0,81,291.0240103257472,65.74753600034455,6440.223383000102,13.0
1778865624,149,,Aggregated,134.700000,0.000000,81,93,150,230,680,1300,2600,3700,5300,6200,6400,174675,0,81,290.86102801710916,65.74753600034455,6440.223383000102,13.0
1778865625,149,,Aggregated,135.400000,0.000000,81,93,150,230,680,1300,2600,3700,5300,6200,6400,174808,0,81,290.7068821281667,65.74753600034455,6440.223383000102,13.0
1778865626,149,,Aggregated,134.800000,0.000000,81,93,150,230,680,1300,2600,3700,5300,6200,6400,174945,0,81,290.5944555903603,65.74753600034455,6440.223383000102,13.0
1778865627,149,,Aggregated,136.200000,0.000000,81,93,150,230,680,1300,2600,3700,5300,6200,6400,175082,0,81,290.43223273029537,65.74753600034455,6440.223383000102,13.0
1778865628,149,,Aggregated,135.700000,0.000000,81,93,150,230,680,1300,2600,3700,5300,6200,6400,175214,0,81,290.28322453808806,65.74753600034455,6440.223383000102,13.0
1778865629,149,,Aggregated,135.400000,0.000000,81,93,150,230,680,1300,2600,3700,5300,6200,6400,175350,0,81,290.13864342322523,65.74753600034455,6440.223383000102,13.0
1778865630,149,,Aggregated,135.500000,0.000000,81,93,150,230,680,1300,2600,3700,5300,6200,6400,175492,0,81,289.969519812462,65.74753600034455,6440.223383000102,13.0
1778865631,149,,Aggregated,135.700000,0.000000,81,93,150,230,680,1300,2600,3700,5300,6200,6400,175628,0,81,289.80441944886695,65.74753600034455,6440.223383000102,13.0
1778865632,149,,Aggregated,135.700000,0.000000,81,93,150,230,680,1300,2600,3700,5300,6200,6400,175768,0,81,289.6370214033077,65.74753600034455,6440.223383000102,13.0
1778865633,149,,Aggregated,136.200000,0.000000,81,93,150,230,680,1300,2600,3700,5300,6200,6400,175907,0,81,289.473331776169,65.74753600034455,6440.223383000102,13.0
1778865634,149,,Aggregated,136.600000,0.000000,81,93,150,230,680,1300,2600,3700,5300,6200,6400,176043,0,81,289.3117754861687,65.74753600034455,6440.223383000102,13.0
1778865635,149,,Aggregated,136.000000,0.000000,81,93,150,220,680,1300,2600,3700,5300,6200,6400,176180,0,81,289.1496345714415,65.74753600034455,6440.223383000102,13.0
1778865636,149,,Aggregated,136.500000,0.000000,81,93,150,220,680,1300,2600,3700,5300,6200,6400,176318,0,81,288.985103807164,65.74753600034455,6440.223383000102,13.0
1778865637,149,,Aggregated,136.300000,0.000000,81,93,150,220,680,1300,2600,3700,5300,6200,6400,176455,0,81,288.82221089528497,65.74753600034455,6440.223383000102,13.0
1778865638,149,,Aggregated,137.200000,0.000000,81,92,150,220,680,1300,2600,3700,5300,6200,6400,176594,0,81,288.65583008796153,65.74753600034455,6440.223383000102,13.0
1778865639,149,,Aggregated,137.800000,0.000000,81,92,150,220,680,1300,2600,3700,5300,6200,6400,176736,0,81,288.50110516536796,65.74753600034455,6440.223383000102,13.0
1778865640,149,,Aggregated,137.900000,0.000000,81,92,140,220,680,1300,2600,3700,5300,6200,6400,176870,0,81,288.3417248134983,65.74753600034455,6440.223383000102,13.0
1778865641,149,,Aggregated,137.600000,0.000000,81,92,140,220,680,1300,2600,3700,5300,6200,6400,177009,0,81,288.1772336971876,65.74753600034455,6440.223383000102,13.0
1778865642,149,,Aggregated,137.600000,0.000000,81,92,140,220,680,1300,2600,3700,5300,6200,6400,177147,0,81,288.01644219517385,65.74753600034455,6440.223383000102,13.0
1778865643,148,,Aggregated,137.500000,0.000000,81,92,140,220,680,1300,2600,3700,5300,6200,6400,177285,0,81,287.8540433780773,65.74753600034455,6440.223383000102,13.0
1778865644,148,,Aggregated,137.300000,0.000000,81,92,140,220,680,1300,2600,3700,5300,6200,6400,177420,0,81,287.69840572618335,65.74753600034455,6440.223383000102,13.0
1778865645,148,,Aggregated,137.500000,0.000000,81,92,140,220,680,1300,2600,3700,5300,6200,6400,177557,0,81,287.54173305049335,65.74753600034455,6440.223383000102,13.0
1778865646,148,,Aggregated,137.200000,0.000000,81,92,140,220,680,1300,2600,3700,5300,6200,6400,177692,0,81,287.3868648848874,65.74753600034455,6440.223383000102,13.0
1778865647,148,,Aggregated,137.500000,0.000000,81,92,140,220,670,1300,2600,3700,5300,6200,6400,177829,0,81,287.22821776091325,65.74753600034455,6440.223383000102,13.0
1778865648,147,,Aggregated,136.800000,0.000000,81,92,140,220,670,1300,2600,3700,5300,6200,6400,177963,0,81,287.0744308646767,65.74753600034455,6440.223383000102,13.0
1778865649,147,,Aggregated,136.900000,0.000000,81,92,140,220,670,1300,2600,3700,5300,6200,6400,178094,0,81,286.9330598844289,65.74753600034455,6440.223383000102,13.0
1778865650,147,,Aggregated,136.800000,0.000000,81,92,140,220,670,1300,2600,3700,5300,6200,6400,178232,0,81,286.7946629087732,65.74753600034455,6440.223383000102,13.0
1778865651,146,,Aggregated,136.700000,0.000000,81,92,140,220,670,1300,2600,3700,5300,6200,6400,178369,0,81,286.65841684511037,65.74753600034455,6440.223383000102,13.0
1778865652,146,,Aggregated,136.000000,0.000000,81,92,140,220,670,1300,2600,3700,5300,6200,6400,178506,0,81,286.5014852683186,65.74753600034455,6440.223383000102,13.0
1778865653,146,,Aggregated,135.300000,0.000000,81,92,140,220,670,1300,2600,3700,5300,6200,6400,178639,0,81,286.34634379512545,65.74753600034455,6440.223383000102,13.0
1778865654,145,,Aggregated,135.100000,0.000000,81,92,140,220,670,1300,2600,3700,5300,6200,6400,178774,0,81,286.19191381411406,65.74753600034455,6440.223383000102,13.0
1778865655,145,,Aggregated,134.900000,0.000000,81,92,140,220,670,1300,2500,3700,5300,6200,6400,178906,0,81,286.03943386091845,65.74753600034455,6440.223383000102,13.0
1778865656,145,,Aggregated,134.900000,0.000000,81,92,140,220,670,1300,2500,3700,5300,6200,6400,179040,0,81,285.88580437217075,65.74753600034455,6440.223383000102,13.0
1778865657,144,,Aggregated,134.100000,0.000000,81,92,140,220,670,1300,2500,3700,5300,6200,6400,179171,0,81,285.7361724685773,65.74753600034455,6440.223383000102,13.0
1778865658,144,,Aggregated,134.300000,0.000000,81,92,140,220,670,1300,2500,3700,5300,6200,6400,179306,0,81,285.58395457394863,65.74753600034455,6440.223383000102,13.0
1778865659,144,,Aggregated,133.400000,0.000000,81,92,140,220,670,1300,2500,3700,5300,6200,6400,179438,0,81,285.4328241869585,65.74753600034455,6440.223383000102,13.0
1778865660,143,,Aggregated,133.100000,0.000000,81,92,140,220,670,1300,2500,3700,5300,6200,6400,179570,0,81,285.2825313173607,65.74753600034455,6440.223383000102,13.0
1778865661,143,,Aggregated,133.500000,0.000000,81,91,140,220,670,1300,2500,3700,5300,6200,6400,179702,0,81,285.13153025037275,65.74753600034455,6440.223383000102,13.0
1778865662,142,,Aggregated,133.900000,0.000000,81,91,140,220,670,1300,2500,3700,5300,6200,6400,179837,0,81,284.98650438998914,65.74753600034455,6440.223383000102,13.0
1778865663,142,,Aggregated,133.900000,0.000000,81,91,140,220,670,1300,2500,3700,5300,6200,6400,179969,0,81,284.84045678292614,65.74753600034455,6440.223383000102,13.0
1778865664,141,,Aggregated,132.900000,0.000000,81,91,140,220,670,1300,2500,3700,5300,6200,6400,180102,0,81,284.68962892599984,65.74753600034455,6440.223383000102,13.0
1778865665,141,,Aggregated,132.600000,0.000000,81,91,140,220,670,1300,2500,3700,5300,6200,6400,180225,0,81,284.55438655031446,65.74753600034455,6440.223383000102,13.0
1778865666,140,,Aggregated,132.000000,0.000000,81,91,140,220,670,1300,2500,3700,5300,6200,6400,180353,0,81,284.413697671042,65.74753600034455,6440.223383000102,13.0
1778865667,140,,Aggregated,131.500000,0.000000,81,91,140,220,670,1300,2500,3700,5300,6200,6400,180480,0,81,284.28138337604963,65.74753600034455,6440.223383000102,13.0
1778865668,139,,Aggregated,131.500000,0.000000,81,91,140,220,660,1300,2500,3700,5300,6200,6400,180608,0,81,284.1484102489504,65.74753600034455,6440.223383000102,13.0
1778865669,139,,Aggregated,131.200000,0.000000,81,91,140,220,660,1300,2500,3700,5300,6200,6400,180737,0,81,284.0072849958803,65.74753600034455,6440.223383000102,13.0
1778865670,138,,Aggregated,130.200000,0.000000,81,91,140,210,660,1300,2500,3700,5300,6200,6400,180858,0,81,283.88203085488857,65.74753600034455,6440.223383000102,13.0
1778865671,138,,Aggregated,129.300000,0.000000,81,91,140,210,660,1300,2500,3700,5300,6200,6400,180989,0,81,283.78351670096777,65.74753600034455,6440.223383000102,13.0
1778865672,137,,Aggregated,128.200000,0.000000,81,91,140,210,660,1300,2500,3700,5300,6200,6400,181107,0,81,283.65358476379953,65.74753600034455,6440.223383000102,13.0
1778865673,137,,Aggregated,126.700000,0.000000,81,91,140,210,660,1300,2500,3700,5300,6200,6400,181232,0,81,283.5232278816349,65.74753600034455,6440.223383000102,13.0
1778865674,136,,Aggregated,127.000000,0.000000,81,91,140,210,660,1300,2500,3700,5300,6200,6400,181355,0,81,283.41238642712057,65.74753600034455,6440.223383000102,13.0
1778865675,135,,Aggregated,126.400000,0.000000,81,91,140,210,660,1300,2500,3700,5300,6200,6400,181474,0,81,283.322540151093,65.74753600034455,6440.223383000102,13.0
1778865676,135,,Aggregated,126.100000,0.000000,81,91,140,210,660,1300,2500,3700,5300,6200,6400,181595,0,81,283.19601312686166,65.74753600034455,6440.223383000102,13.0
1778865677,134,,Aggregated,124.700000,0.000000,81,91,140,210,660,1300,2500,3700,5300,6200,6400,181719,0,81,283.0749302922779,65.74753600034455,6440.223383000102,13.0
1778865678,133,,Aggregated,123.800000,0.000000,81,91,140,210,660,1300,2500,3600,5300,6200,6400,181842,0,81,282.95211101084686,65.74753600034455,6440.223383000102,13.0
1778865679,133,,Aggregated,123.200000,0.000000,81,91,140,210,660,1300,2500,3600,5300,6200,6400,181964,0,81,282.818688896119,65.74753600034455,6440.223383000102,13.0
1778865680,132,,Aggregated,122.900000,0.000000,81,91,140,210,660,1300,2500,3600,5300,6200,6400,182085,0,81,282.6818277189796,65.74753600034455,6440.223383000102,13.0
1778865681,131,,Aggregated,122.000000,0.000000,81,91,140,210,660,1300,2500,3600,5300,6200,6400,182208,0,81,282.5434397861532,65.74753600034455,6440.223383000102,13.0
1778865682,131,,Aggregated,122.000000,0.000000,81,91,140,210,660,1300,2500,3600,5300,6200,6400,182330,0,81,282.40886217578225,65.74753600034455,6440.223383000102,13.0
1778865683,130,,Aggregated,122.500000,0.000000,81,91,140,210,660,1300,2500,3600,5300,6200,6400,182446,0,81,282.2805639632517,65.74753600034455,6440.223383000102,13.0
1778865684,129,,Aggregated,122.100000,0.000000,81,91,140,210,660,1300,2500,3600,5300,6200,6400,182567,0,81,282.1498000300461,65.74753600034455,6440.223383000102,13.0
1778865685,129,,Aggregated,121.600000,0.000000,81,91,140,210,660,1300,2500,3600,5300,6200,6400,182686,0,81,282.0193060633296,65.74753600034455,6440.223383000102,13.0
1778865686,128,,Aggregated,120.900000,0.000000,81,91,140,210,660,1300,2500,3600,5300,6200,6400,182807,0,81,281.8835512676727,65.74753600034455,6440.223383000102,13.0
1778865687,127,,Aggregated,121.700000,0.000000,81,91,140,210,660,1300,2500,3600,5300,6200,6400,182928,0,81,281.7480871629901,65.74753600034455,6440.223383000102,13.0
1778865688,127,,Aggregated,121.300000,0.000000,81,91,140,210,660,1300,2500,3600,5300,6200,6400,183044,0,81,281.6204206011913,65.74753600034455,6440.223383000102,13.0
1778865689,126,,Aggregated,120.700000,0.000000,81,91,140,210,660,1300,2500,3600,5300,6200,6400,183163,0,81,281.4878967483798,65.74753600034455,6440.223383000102,13.0
1778865690,125,,Aggregated,119.700000,0.000000,81,91,140,210,660,1300,2500,3600,5300,6200,6400,183279,0,81,281.3601936875937,65.74753600034455,6440.223383000102,13.0
1778865691,124,,Aggregated,119.400000,0.000000,81,91,140,210,660,1300,2500,3600,5300,6200,6400,183392,0,81,281.23542023241174,65.74753600034455,6440.223383000102,13.0
1778865692,123,,Aggregated,119.000000,0.000000,81,91,140,210,650,1300,2500,3600,5300,6200,6400,183507,0,81,281.1108699622874,65.74753600034455,6440.223383000102,13.0
1778865693,123,,Aggregated,118.300000,0.000000,81,91,140,210,650,1300,2500,3600,5300,6200,6400,183619,0,81,280.98785063437595,65.74753600034455,6440.223383000102,13.0
1778865694,122,,Aggregated,117.400000,0.000000,81,91,140,210,650,1300,2500,3600,5300,6200,6400,183731,0,81,280.8683125138464,65.74753600034455,6440.223383000102,13.0
1778865695,121,,Aggregated,116.600000,0.000000,81,91,140,210,650,1300,2500,3600,5300,6200,6400,183843,0,81,280.7458656150329,65.74753600034455,6440.223383000102,13.0
1778865696,120,,Aggregated,116.200000,0.000000,81,91,140,210,650,1300,2500,3600,5300,6200,6400,183957,0,81,280.61998969908984,65.74753600034455,6440.223383000102,13.0
1778865697,120,,Aggregated,115.800000,0.000000,81,91,140,210,650,1300,2500,3600,5300,6200,6400,184067,0,81,280.499219209573,65.74753600034455,6440.223383000102,13.0
1778865698,119,,Aggregated,114.600000,0.000000,81,91,140,210,650,1300,2500,3600,5300,6200,6400,184180,0,81,280.37412949496957,65.74753600034455,6440.223383000102,13.0
1778865699,118,,Aggregated,113.900000,0.000000,81,91,140,210,650,1300,2500,3600,5300,6200,6400,184287,0,81,280.255789692618,65.74753600034455,6440.223383000102,13.0
1778865700,117,,Aggregated,113.800000,0.000000,81,91,140,210,650,1300,2500,3600,5300,6200,6400,184400,0,81,280.13172186292576,65.74753600034455,6440.223383000102,13.0
1778865701,116,,Aggregated,113.100000,0.000000,81,91,140,210,650,1300,2500,3600,5300,6200,6400,184506,0,81,280.0166267193234,65.74753600034455,6440.223383000102,13.0
1778865702,115,,Aggregated,112.000000,0.000000,81,91,140,210,650,1300,2500,3600,5300,6200,6400,184613,0,81,279.90070630259237,65.74753600034455,6440.223383000102,13.0
1778865703,115,,Aggregated,111.000000,0.000000,81,91,140,210,650,1300,2500,3600,5300,6200,6400,184718,0,81,279.7858515470852,65.74753600034455,6440.223383000102,13.0
1778865704,114,,Aggregated,110.800000,0.000000,81,91,140,210,650,1300,2500,3600,5300,6200,6400,184822,0,81,279.6727926360903,65.74753600034455,6440.223383000102,13.0
1778865705,113,,Aggregated,110.000000,0.000000,81,91,140,210,650,1300,2500,3600,5300,6200,6400,184925,0,81,279.56090519584427,65.74753600034455,6440.223383000102,13.0
1778865706,112,,Aggregated,109.100000,0.000000,81,90,140,210,650,1300,2500,3600,5300,6200,6400,185029,0,81,279.45101242632506,65.74753600034455,6440.223383000102,13.0
1778865707,111,,Aggregated,107.900000,0.000000,81,90,140,210,650,1300,2500,3600,5300,6200,6400,185134,0,81,279.33614033277246,65.74753600034455,6440.223383000102,13.0
1778865708,110,,Aggregated,107.400000,0.000000,81,90,140,210,650,1300,2500,3600,5300,6200,6400,185235,0,81,279.2285592457228,65.74753600034455,6440.223383000102,13.0
1778865709,110,,Aggregated,106.900000,0.000000,81,90,140,210,650,1300,2500,3600,5300,6200,6400,185336,0,81,279.1182974848411,65.74753600034455,6440.223383000102,13.0
1778865710,109,,Aggregated,106.100000,0.000000,81,90,140,210,650,1300,2500,3600,5300,6200,6400,185441,0,81,279.00551982199465,65.74753600034455,6440.223383000102,13.0
1778865711,108,,Aggregated,105.000000,0.000000,81,90,140,210,650,1300,2500,3600,5300,6200,6400,185540,0,81,278.901350826838,65.74753600034455,6440.223383000102,13.0
1778865712,107,,Aggregated,104.400000,0.000000,81,90,140,210,650,1300,2500,3600,5300,6200,6400,185639,0,81,278.79653859333706,65.74753600034455,6440.223383000102,13.0
1778865713,106,,Aggregated,103.700000,0.000000,81,90,140,210,650,1300,2500,3600,5300,6200,6400,185740,0,81,278.6905787206339,65.74753600034455,6440.223383000102,13.0
1778865714,105,,Aggregated,102.400000,0.000000,81,90,140,200,650,1300,2500,3600,5300,6200,6400,185838,0,81,278.5844650622291,65.74753600034455,6440.223383000102,13.0
1778865715,104,,Aggregated,101.500000,0.000000,81,90,140,200,650,1300,2500,3600,5300,6200,6400,185931,0,81,278.4845369860782,65.74753600034455,6440.223383000102,13.0
1778865716,104,,Aggregated,101.100000,0.000000,81,90,140,200,650,1300,2500,3600,5300,6200,6400,186027,0,81,278.3865671157765,65.74753600034455,6440.223383000102,13.0
1778865717,103,,Aggregated,100.400000,0.000000,81,90,140,200,650,1300,2500,3600,5300,6200,6400,186123,0,81,278.28329982751495,65.74753600034455,6440.223383000102,13.0
1778865718,102,,Aggregated,99.500000,0.000000,80,90,140,200,650,1300,2500,3600,5300,6200,6400,186216,0,80,278.1814977459002,65.74753600034455,6440.223383000102,13.0
1778865719,101,,Aggregated,98.500000,0.000000,80,90,140,200,650,1300,2500,3600,5300,6200,6400,186309,0,80,278.08053951206637,65.74753600034455,6440.223383000102,13.0
1778865720,100,,Aggregated,97.700000,0.000000,80,90,140,200,650,1300,2500,3600,5300,6200,6400,186406,0,80,277.974693763326,65.74753600034455,6440.223383000102,13.0
1778865721,99,,Aggregated,97.100000,0.000000,80,90,140,200,650,1300,2500,3600,5300,6200,6400,186497,0,80,277.87643596237757,65.74753600034455,6440.223383000102,13.0
1778865722,98,,Aggregated,96.300000,0.000000,80,90,140,200,650,1300,2500,3600,5300,6200,6400,186587,0,80,277.7782682776697,65.74753600034455,6440.223383000102,13.0
1778865723,97,,Aggregated,95.900000,0.000000,80,90,140,200,650,1300,2500,3600,5300,6200,6400,186676,0,80,277.68347784966755,65.74753600034455,6440.223383000102,13.0
1778865724,97,,Aggregated,95.000000,0.000000,80,90,130,200,640,1300,2500,3600,5300,6200,6400,186764,0,80,277.5878718462097,65.74753600034455,6440.223383000102,13.0
1778865725,96,,Aggregated,94.500000,0.000000,80,90,130,200,640,1300,2500,3600,5300,6200,6400,186858,0,80,277.48647072038926,65.74753600034455,6440.223383000102,13.0
1778865726,95,,Aggregated,93.300000,0.000000,80,90,130,200,640,1300,2500,3600,5300,6200,6400,186945,0,80,277.3930745466072,65.74753600034455,6440.223383000102,13.0
1778865727,94,,Aggregated,92.700000,0.000000,80,90,130,200,640,1300,2500,3600,5300,6200,6400,187035,0,80,277.29651633255526,65.74753600034455,6440.223383000102,13.0
1778865728,93,,Aggregated,92.000000,0.000000,80,90,130,200,640,1300,2500,3600,5300,6200,6400,187119,0,80,277.2060350585215,65.74753600034455,6440.223383000102,13.0
1778865729,92,,Aggregated,91.300000,0.000000,80,90,130,200,640,1300,2500,3600,5300,6200,6400,187206,0,80,277.11341649531784,65.74753600034455,6440.223383000102,13.0
1778865730,91,,Aggregated,90.800000,0.000000,80,90,130,200,640,1300,2500,3600,5300,6200,6400,187290,0,80,277.0234624370093,65.74753600034455,6440.223383000102,13.0
1778865731,90,,Aggregated,89.900000,0.000000,80,90,130,200,640,1300,2500,3600,5300,6200,6400,187374,0,80,276.9339631742635,65.74753600034455,6440.223383000102,13.0
1778865732,90,,Aggregated,88.700000,0.000000,80,90,130,200,640,1300,2500,3600,5300,6200,6400,187461,0,80,276.8412878738534,65.74753600034455,6440.223383000102,13.0
1778865733,89,,Aggregated,87.600000,0.000000,80,90,130,200,640,1300,2500,3600,5300,6200,6400,187543,0,80,276.7535701047675,65.74753600034455,6440.223383000102,13.0
1778865734,88,,Aggregated,86.800000,0.000000,80,90,130,200,640,1300,2500,3600,5300,6200,6400,187625,0,80,276.6663131013586,65.74753600034455,6440.223383000102,13.0
1778865735,87,,Aggregated,86.100000,0.000000,80,90,130,200,640,1300,2500,3600,5300,6200,6400,187701,0,80,276.58456634963267,65.74753600034455,6440.223383000102,13.0
1778865736,86,,Aggregated,85.800000,0.000000,80,90,130,200,640,1300,2500,3600,5300,6200,6400,187781,0,80,276.50003442526884,65.74753600034455,6440.223383000102,13.0
1778865737,85,,Aggregated,85.000000,0.000000,80,90,130,200,640,1300,2500,3600,5300,6200,6400,187863,0,80,276.4124479965369,65.74753600034455,6440.223383000102,13.0
1778865738,84,,Aggregated,84.200000,0.000000,80,90,130,200,640,1300,2500,3600,5300,6200,6400,187939,0,80,276.33103380463024,65.74753600034455,6440.223383000102,13.0
1778865739,84,,Aggregated,83.500000,0.000000,80,90,130,200,640,1300,2400,3600,5300,6200,6400,188015,0,80,276.25673850965285,65.74753600034455,6440.223383000102,13.0
1778865740,83,,Aggregated,82.200000,0.000000,80,90,130,200,640,1300,2400,3600,5300,6200,6400,188093,0,80,276.17341124000563,65.74753600034455,6440.223383000102,13.0
1778865741,82,,Aggregated,81.300000,0.000000,80,90,130,200,640,1300,2400,3600,5300,6200,6400,188175,0,80,276.08714305659305,65.74753600034455,6440.223383000102,13.0
1778865742,81,,Aggregated,80.600000,0.000000,80,90,130,200,640,1300,2400,3600,5300,6200,6400,188249,0,80,276.00777529668886,65.74753600034455,6440.223383000102,13.0
1778865743,80,,Aggregated,80.200000,0.000000,80,89,130,200,640,1300,2400,3600,5300,6200,6400,188324,0,80,275.9275695270143,65.74753600034455,6440.223383000102,13.0
1778865744,80,,Aggregated,79.600000,0.000000,80,89,130,200,640,1300,2400,3600,5300,6200,6400,188399,0,80,275.8474561311389,65.74753600034455,6440.223383000102,13.0
1778865745,79,,Aggregated,78.400000,0.000000,80,89,130,200,640,1300,2400,3600,5300,6200,6400,188471,0,80,275.7713548075324,65.74753600034455,6440.223383000102,13.0
1778865746,78,,Aggregated,77.300000,0.000000,80,89,130,200,640,1300,2400,3600,5300,6200,6400,188538,0,80,275.71421983124054,65.74753600034455,6440.223383000102,13.0
1778865747,77,,Aggregated,76.300000,0.000000,80,89,130,200,640,1300,2400,3600,5300,6200,6400,188608,0,80,275.64649964595566,65.74753600034455,6440.223383000102,13.0
1778865748,76,,Aggregated,75.400000,0.000000,80,89,130,200,640,1300,2400,3600,5300,6200,6400,188678,0,80,275.5778001066918,65.74753600034455,6440.223383000102,13.0
1778865749,76,,Aggregated,74.900000,0.000000,80,89,130,200,640,1300,2400,3600,5300,6200,6400,188749,0,80,275.5086362260855,65.74753600034455,6440.223383000102,13.0
1778865750,75,,Aggregated,74.300000,0.000000,80,89,130,200,640,1300,2400,3600,5300,6200,6400,188819,0,80,275.43950444011153,65.74753600034455,6440.223383000102,13.0
1778865751,74,,Aggregated,72.900000,0.000000,80,89,130,200,640,1300,2400,3600,5300,6200,6400,188887,0,80,275.37111444022827,65.74753600034455,6440.223383000102,13.0
1778865752,73,,Aggregated,72.500000,0.000000,80,89,130,200,640,1300,2400,3600,5300,6200,6400,188958,0,80,275.2952272117263,65.74753600034455,6440.223383000102,13.0
1778865753,73,,Aggregated,71.600000,0.000000,80,89,130,200,640,1300,2400,3600,5300,6200,6400,189026,0,80,275.2259247002391,65.74753600034455,6440.223383000102,13.0
1778865754,72,,Aggregated,71.200000,0.000000,80,89,130,200,640,1300,2400,3600,5300,6200,6400,189089,0,80,275.1621253839376,65.74753600034455,6440.223383000102,13.0
1778865755,71,,Aggregated,70.400000,0.000000,80,89,130,200,640,1300,2400,3600,5300,6200,6400,189157,0,80,275.09093830611295,65.74753600034455,6440.223383000102,13.0
1778865756,70,,Aggregated,69.800000,0.000000,80,89,130,200,640,1300,2400,3600,5300,6200,6400,189223,0,80,275.0211310587266,65.74753600034455,6440.223383000102,13.0
1778865757,70,,Aggregated,69.100000,0.000000,80,89,130,200,640,1300,2400,3600,5300,6200,6400,189286,0,80,274.95545943982347,65.74753600034455,6440.223383000102,13.0
1778865758,69,,Aggregated,68.600000,0.000000,80,89,130,200,640,1300,2400,3600,5300,6200,6400,189351,0,80,274.88792706166544,65.73403099991992,6440.223383000102,13.0
1778865759,68,,Aggregated,67.600000,0.000000,80,89,130,200,640,1300,2400,3600,5300,6200,6400,189414,0,80,274.82148165306893,65.73403099991992,6440.223383000102,13.0
1778865760,68,,Aggregated,66.900000,0.000000,80,89,130,200,640,1300,2400,3600,5300,6200,6400,189477,0,80,274.7545206670805,65.73403099991992,6440.223383000102,13.0
1778865761,67,,Aggregated,67.100000,0.000000,80,89,130,200,640,1300,2400,3600,5300,6200,6400,189539,0,80,274.688987941898,65.73403099991992,6440.223383000102,13.0
1778865762,66,,Aggregated,66.400000,0.000000,80,89,130,200,640,1300,2400,3600,5300,6200,6400,189602,0,80,274.62257867295915,65.73403099991992,6440.223383000102,13.0
1778865763,66,,Aggregated,65.500000,0.000000,80,89,130,200,640,1300,2400,3600,5300,6200,6400,189664,0,80,274.55884019162517,65.73403099991992,6440.223383000102,13.0
1778865764,65,,Aggregated,64.400000,0.000000,80,89,130,200,640,1300,2400,3600,5300,6200,6400,189724,0,80,274.49581837491536,65.73403099991992,6440.223383000102,13.0
1778865765,64,,Aggregated,64.000000,0.000000,80,89,130,200,630,1300,2400,3600,5300,6200,6400,189785,0,80,274.4315987906865,65.73403099991992,6440.223383000102,13.0
1778865766,64,,Aggregated,63.300000,0.000000,80,89,130,200,630,1300,2400,3600,5300,6200,6400,189844,0,80,274.36940757426845,65.73403099991992,6440.223383000102,13.0
1778865767,63,,Aggregated,62.700000,0.000000,80,89,130,200,630,1300,2400,3600,5300,6200,6400,189902,0,80,274.30870700417796,65.73403099991992,6440.223383000102,13.0
1778865768,63,,Aggregated,62.300000,0.000000,80,89,130,200,630,1300,2400,3600,5300,6200,6400,189962,0,80,274.24537812304254,65.73403099991992,6440.223383000102,13.0
1778865769,62,,Aggregated,61.600000,0.000000,80,89,130,200,630,1300,2400,3600,5300,6200,6400,190017,0,80,274.1872418421743,65.73403099991992,6440.223383000102,13.0
1778865770,61,,Aggregated,61.000000,0.000000,80,89,130,200,630,1300,2400,3600,5300,6200,6400,190074,0,80,274.12678409561244,65.73403099991992,6440.223383000102,13.0
1778865771,61,,Aggregated,60.600000,0.000000,80,89,130,200,630,1300,2400,3600,5300,6200,6400,190130,0,80,274.067452370412,65.73403099991992,6440.223383000102,13.0
1778865772,60,,Aggregated,59.900000,0.000000,80,89,130,200,630,1300,2400,3600,5300,6200,6400,190187,0,80,274.0071157385281,65.73403099991992,6440.223383000102,13.0
1778865773,60,,Aggregated,59.400000,0.000000,80,89,130,200,630,1300,2400,3600,5300,6200,6400,190244,0,80,273.9467402580868,65.73403099991992,6440.223383000102,13.0
1778865774,59,,Aggregated,59.200000,0.000000,80,89,130,200,630,1300,2400,3600,5300,6200,6400,190297,0,80,273.89073570935136,65.73403099991992,6440.223383000102,13.0
1778865775,59,,Aggregated,58.600000,0.000000,80,89,130,200,630,1300,2400,3600,5300,6200,6400,190356,0,80,273.82857656714486,65.73403099991992,6440.223383000102,13.0
1778865776,58,,Aggregated,58.100000,0.000000,80,89,130,200,630,1300,2400,3600,5300,6200,6400,190411,0,80,273.77073473300095,65.73403099991992,6440.223383000102,13.0
1778865777,58,,Aggregated,57.300000,0.000000,80,89,130,200,630,1300,2400,3600,5300,6200,6400,190464,0,80,273.71536967274363,65.73403099991992,6440.223383000102,13.0
1778865778,57,,Aggregated,56.500000,0.000000,80,89,130,200,630,1300,2400,3600,5300,6200,6400,190519,0,80,273.6581656567083,65.73403099991992,6440.223383000102,13.0
1778865779,57,,Aggregated,56.000000,0.000000,80,89,130,200,630,1300,2400,3600,5300,6200,6400,190571,0,80,273.6048260133621,65.73403099991992,6440.223383000102,13.0
1778865780,56,,Aggregated,55.600000,0.000000,80,89,130,190,630,1300,2400,3600,5300,6200,6400,190624,0,80,273.55118758960265,65.73403099991992,6440.223383000102,13.0
1778865781,56,,Aggregated,54.600000,0.000000,80,89,130,190,630,1300,2400,3600,5300,6200,6400,190672,0,80,273.5022225090806,65.73403099991992,6440.223383000102,13.0
1778865782,56,,Aggregated,54.600000,0.000000,80,89,130,190,630,1300,2400,3600,5300,6200,6400,190725,0,80,273.45354120801375,65.73403099991992,6440.223383000102,13.0
1778865783,55,,Aggregated,54.400000,0.000000,80,89,130,190,630,1300,2400,3600,5300,6200,6400,190777,0,80,273.4034203162143,65.73403099991992,6440.223383000102,13.0
1778865784,55,,Aggregated,53.600000,0.000000,80,89,130,190,630,1300,2400,3600,5300,6200,6400,190826,0,80,273.3526894262596,65.73403099991992,6440.223383000102,13.0
1778865785,54,,Aggregated,53.500000,0.000000,80,89,130,190,630,1300,2400,3600,5300,6200,6400,190875,0,80,273.3085389298044,65.73403099991992,6440.223383000102,13.0
1778865786,54,,Aggregated,52.700000,0.000000,80,89,130,190,630,1300,2400,3600,5300,6200,6400,190926,0,80,273.2554280502416,65.73403099991992,6440.223383000102,13.0
1778865787,54,,Aggregated,52.400000,0.000000,80,89,130,190,630,1300,2400,3600,5300,6200,6400,190978,0,80,273.2014300182453,65.73403099991992,6440.223383000102,13.0
1778865788,53,,Aggregated,52.100000,0.000000,80,89,130,190,630,1300,2400,3600,5300,6200,6400,191025,0,80,273.1520068468915,65.73403099991992,6440.223383000102,13.0
1778865789,53,,Aggregated,51.600000,0.000000,80,89,130,190,630,1300,2400,3600,5300,6200,6400,191075,0,80,273.0999838117726,65.73403099991992,6440.223383000102,13.0
1778865790,53,,Aggregated,51.200000,0.000000,80,89,130,190,630,1300,2400,3600,5300,6200,6400,191127,0,80,273.04585591501154,65.73403099991992,6440.223383000102,13.0
1778865791,52,,Aggregated,51.200000,0.000000,80,89,130,190,630,1300,2400,3600,5300,6200,6400,191174,0,80,272.9963525112693,65.73403099991992,6440.223383000102,13.0
1778865792,52,,Aggregated,50.500000,0.000000,80,89,130,190,630,1300,2400,3600,5300,6200,6400,191224,0,80,272.944521439539,65.73403099991992,6440.223383000102,13.0
1778865793,52,,Aggregated,50.100000,0.000000,80,89,130,190,630,1300,2400,3600,5300,6200,6400,191272,0,80,272.89417826308824,65.73403099991992,6440.223383000102,13.0
1778865794,52,,Aggregated,49.900000,0.000000,80,89,130,190,630,1300,2400,3600,5300,6200,6400,191319,0,80,272.8452177140294,65.73403099991992,6440.223383000102,13.0
1778865795,51,,Aggregated,49.100000,0.000000,80,89,130,190,630,1300,2400,3600,5300,6200,6400,191365,0,80,272.7972859728445,65.73403099991992,6440.223383000102,13.0
1778865796,51,,Aggregated,49.100000,0.000000,80,89,130,190,630,1300,2400,3600,5300,6200,6400,191411,0,80,272.74994140668196,65.73403099991992,6440.223383000102,13.0
1778865797,51,,Aggregated,49.200000,0.000000,80,89,130,190,630,1300,2400,3600,5300,6200,6400,191462,0,80,272.69656977926917,65.73403099991992,6440.223383000102,13.0
1778865798,51,,Aggregated,48.900000,0.000000,80,89,130,190,630,1300,2400,3600,5300,6200,6400,191511,0,80,272.64536150153486,65.73403099991992,6440.223383000102,13.0
1778865799,50,,Aggregated,48.900000,0.000000,80,89,130,190,630,1300,2400,3600,5300,6200,6400,191557,0,80,272.59777216760256,65.73403099991992,6440.223383000102,13.0
1778865800,50,,Aggregated,48.500000,0.000000,80,89,130,190,630,1300,2400,3600,5300,6200,6400,191604,0,80,272.55036932885247,65.73403099991992,6440.223383000102,13.0
1778865801,50,,Aggregated,48.200000,0.000000,80,89,130,190,630,1300,2400,3600,5300,6200,6400,191652,0,80,272.5011859752177,65.73403099991992,6440.223383000102,13.0
1778865802,50,,Aggregated,47.700000,0.000000,80,89,130,190,630,1300,2400,3600,5300,6200,6400,191695,0,80,272.4573428313958,65.73403099991992,6440.223383000102,13.0
1778865803,50,,Aggregated,47.100000,0.000000,80,89,130,190,630,1300,2400,3600,5300,6200,6400,191733,0,80,272.4386335048448,65.73403099991992,6440.223383000102,13.0
1778865804,50,,Aggregated,47.000000,0.000000,80,89,130,190,630,1300,2400,3600,5300,6200,6400,191776,0,80,272.4118683460308,65.73403099991992,6440.223383000102,13.0
1778865805,50,,Aggregated,47.300000,0.000000,80,89,130,190,630,1300,2400,3600,5300,6200,6400,191824,0,80,272.3752617414683,65.73403099991992,6440.223383000102,13.0
1778865806,50,,Aggregated,46.900000,0.000000,80,89,130,190,630,1300,2400,3600,5300,6200,6400,191871,0,80,272.33415837999183,65.73403099991992,6440.223383000102,13.0
1778865807,50,,Aggregated,45.500000,0.000000,80,89,130,190,630,1300,2400,3600,5300,6200,6400,191919,0,80,272.3048735159647,65.73403099991992,6440.223383000102,13.0
1778865808,50,,Aggregated,45.200000,0.000000,80,89,130,190,630,1300,2400,3600,5300,6200,6400,191967,0,80,272.2584293031846,65.73403099991992,6440.223383000102,13.0
1778865809,50,,Aggregated,44.900000,0.000000,80,89,130,190,630,1300,2400,3600,5300,6200,6400,192008,0,80,272.21715767427116,65.73403099991992,6440.223383000102,13.0
1778865810,50,,Aggregated,45.100000,0.000000,80,89,130,190,630,1300,2400,3600,5300,6200,6400,192052,0,80,272.1722533327871,65.73403099991992,6440.223383000102,13.0
1778865811,50,,Aggregated,45.200000,0.000000,80,89,130,190,630,1300,2400,3600,5300,6200,6400,192100,0,80,272.12258117448425,65.73403099991992,6440.223383000102,13.0
1778865812,50,,Aggregated,45.500000,0.000000,80,89,130,190,630,1300,2400,3600,5300,6200,6400,192144,0,80,272.0772005012252,65.73403099991992,6440.223383000102,13.0
1778865813,50,,Aggregated,45.600000,0.000000,80,89,130,190,630,1300,2400,3600,5300,6200,6400,192191,0,80,272.0290140511545,65.73403099991992,6440.223383000102,13.0
1778865814,50,,Aggregated,45.700000,0.000000,80,89,130,190,630,1300,2400,3600,5300,6200,6400,192238,0,80,271.984908757043,65.73403099991992,6440.223383000102,13.0
1778865815,50,,Aggregated,45.000000,0.000000,80,89,130,190,630,1300,2400,3600,5300,6200,6400,192287,0,80,271.93654995897515,65.73403099991992,6440.223383000102,13.0
1778865816,50,,Aggregated,44.800000,0.000000,80,89,130,190,630,1300,2400,3600,5300,6200,6400,192321,0,80,271.93139594096056,65.73403099991992,6440.223383000102,13.0
1778865817,50,,Aggregated,45.700000,0.000000,80,89,130,190,630,1300,2400,3600,5300,6200,6400,192361,0,80,271.93600595308544,65.73403099991992,6440.223383000102,13.0
1778865818,50,,Aggregated,45.800000,0.000000,80,89,130,190,630,1300,2400,3600,5300,6200,6400,192410,0,80,271.90809188087144,65.73403099991992,6440.223383000102,13.0
1778865819,50,,Aggregated,44.900000,0.000000,80,89,130,190,630,1300,2400,3600,5300,6200,6400,192458,0,80,271.86187800281346,65.73403099991992,6440.223383000102,13.0
1778865820,50,,Aggregated,44.600000,0.000000,80,89,130,190,630,1300,2400,3600,5300,6200,6400,192503,0,80,271.8171241240472,65.73403099991992,6440.223383000102,13.0
1778865821,50,,Aggregated,44.100000,0.000000,80,89,130,190,630,1300,2400,3600,5300,6200,6400,192546,0,80,271.7766372988763,65.73403099991992,6440.223383000102,13.0
1778865822,51,,Aggregated,44.000000,0.000000,80,89,130,190,630,1200,2400,3600,5300,6200,6400,192590,0,80,271.74396573190427,65.73403099991992,6440.223383000102,13.0
1778865823,51,,Aggregated,44.100000,0.000000,80,89,130,190,630,1200,2400,3600,5300,6200,6400,192637,0,80,271.7120503245039,65.73403099991992,6440.223383000102,13.0
1778865824,51,,Aggregated,44.000000,0.000000,80,89,130,190,630,1200,2400,3600,5300,6200,6400,192686,0,80,271.6641006225228,65.73403099991992,6440.223383000102,13.0
1778865825,51,,Aggregated,44.300000,0.000000,80,89,130,190,630,1200,2400,3600,5300,6200,6400,192736,0,80,271.61459078131446,65.73403099991992,6440.223383000102,13.0
1778865826,51,,Aggregated,44.500000,0.000000,80,89,130,190,630,1200,2400,3600,5300,6200,6400,192782,0,80,271.5675637281251,65.73403099991992,6440.223383000102,13.0
1778865827,52,,Aggregated,44.800000,0.000000,80,89,130,190,630,1200,2400,3600,5300,6200,6400,192830,0,80,271.5182448526338,65.73403099991992,6440.223383000102,13.0
1778865828,52,,Aggregated,44.900000,0.000000,80,89,130,190,630,1200,2400,3600,5300,6200,6400,192878,0,80,271.47299327338726,65.73403099991992,6440.223383000102,13.0
1778865829,52,,Aggregated,46.100000,0.000000,80,89,130,190,630,1200,2400,3600,5300,6200,6400,192925,0,80,271.42512438905993,65.73403099991992,6440.223383000102,13.0
1778865830,52,,Aggregated,46.400000,0.000000,80,89,130,190,620,1200,2400,3600,5300,6200,6400,192972,0,80,271.37750789701806,65.73403099991992,6440.223383000102,13.0
1778865831,53,,Aggregated,47.100000,0.000000,80,89,130,190,620,1200,2400,3600,5300,6200,6400,193023,0,80,271.32547012389387,65.73403099991992,6440.223383000102,13.0
1778865832,53,,Aggregated,47.200000,0.000000,80,89,130,190,620,1200,2400,3600,5300,6200,6400,193074,0,80,271.27360756847304,65.73403099991992,6440.223383000102,13.0
1778865833,53,,Aggregated,47.200000,0.000000,80,89,130,190,620,1200,2400,3600,5300,6200,6400,193122,0,80,271.2250283620631,65.73403099991992,6440.223383000102,13.0
1778865834,54,,Aggregated,47.500000,0.000000,80,89,130,190,620,1200,2400,3600,5300,6200,6400,193173,0,80,271.1733602800876,65.73403099991992,6440.223383000102,13.0
1778865835,54,,Aggregated,48.000000,0.000000,80,89,130,190,620,1200,2400,3600,5300,6200,6400,193222,0,80,271.12417818226373,65.73403099991992,6440.223383000102,13.0
1778865836,54,,Aggregated,48.500000,0.000000,80,89,130,190,620,1200,2400,3600,5300,6200,6400,193272,0,80,271.0730924245331,65.73403099991992,6440.223383000102,13.0
1778865837,55,,Aggregated,48.800000,0.000000,80,89,130,190,620,1200,2400,3600,5300,6200,6400,193324,0,80,271.021103035983,65.73403099991992,6440.223383000102,13.0
1778865838,55,,Aggregated,49.000000,0.000000,80,89,130,190,620,1200,2400,3600,5300,6200,6400,193375,0,80,270.96915099681644,65.73403099991992,6440.223383000102,13.0
1778865839,56,,Aggregated,49.200000,0.000000,80,89,130,190,620,1200,2400,3600,5300,6200,6400,193429,0,80,270.9145814277351,65.73403099991992,6440.223383000102,13.0
1778865840,56,,Aggregated,49.500000,0.000000,80,89,130,190,620,1200,2400,3600,5300,6200,6400,193482,0,80,270.8612849721492,65.73403099991992,6440.223383000102,13.0
1778865841,57,,Aggregated,49.600000,0.000000,80,89,130,190,620,1200,2400,3600,5300,6200,6400,193536,0,80,270.8071070971622,65.73403099991992,6440.223383000102,13.0
1778865842,57,,Aggregated,50.000000,0.000000,80,89,130,190,620,1200,2400,3600,5300,6200,6400,193589,0,80,270.7538770928638,65.73403099991992,6440.223383000102,13.0
1778865843,57,,Aggregated,50.600000,0.000000,80,89,130,190,620,1200,2400,3600,5300,6200,6400,193643,0,80,270.6999258889317,65.73403099991992,6440.223383000102,13.0
1778865844,58,,Aggregated,51.000000,0.000000,80,89,130,190,620,1200,2400,3600,5300,6200,6400,193695,0,80,270.64812421546964,65.73403099991992,6440.223383000102,13.0
1778865845,58,,Aggregated,51.500000,0.000000,80,89,130,190,620,1200,2400,3600,5300,6200,6400,193748,0,80,270.5958279556763,65.73403099991992,6440.223383000102,13.0
1778865846,59,,Aggregated,51.900000,0.000000,80,89,130,190,620,1200,2400,3600,5300,6200,6400,193803,0,80,270.54226206092466,65.73403099991992,6440.223383000102,13.0
1778865847,59,,Aggregated,51.800000,0.000000,80,88,130,190,620,1200,2400,3600,5300,6200,6400,193862,0,80,270.4830908259348,65.73403099991992,6440.223383000102,13.0
1778865848,60,,Aggregated,52.300000,0.000000,80,88,130,190,620,1200,2400,3600,5300,6200,6400,193917,0,80,270.42870127051964,65.73403099991992,6440.223383000102,13.0
1778865849,61,,Aggregated,52.700000,0.000000,80,88,130,190,620,1200,2400,3600,5300,6200,6400,193971,0,80,270.37623628665295,65.73403099991992,6440.223383000102,13.0
1778865850,61,,Aggregated,53.400000,0.000000,80,88,130,190,620,1200,2400,3600,5300,6200,6400,194027,0,80,270.3201303215344,65.73403099991992,6440.223383000102,13.0
1778865851,62,,Aggregated,54.000000,0.000000,80,88,130,190,620,1200,2400,3600,5300,6200,6400,194088,0,80,270.2590173602251,65.73403099991992,6440.223383000102,13.0
1778865852,62,,Aggregated,54.400000,0.000000,80,88,130,190,620,1200,2400,3600,5300,6200,6400,194146,0,80,270.2010199299619,65.73403099991992,6440.223383000102,13.0
1778865853,63,,Aggregated,54.900000,0.000000,80,88,130,190,620,1200,2400,3600,5300,6200,6400,194204,0,80,270.1429838986652,65.73403099991992,6440.223383000102,13.0
1778865854,63,,Aggregated,55.200000,0.000000,80,88,130,190,620,1200,2400,3600,5300,6200,6400,194264,0,80,270.0839713741372,65.73403099991992,6440.223383000102,13.0
1778865855,64,,Aggregated,55.500000,0.000000,80,88,130,190,620,1200,2400,3600,5300,6200,6400,194324,0,80,270.02435825445855,65.73403099991992,6440.223383000102,13.0
1778865856,65,,Aggregated,56.000000,0.000000,80,88,130,190,620,1200,2400,3600,5300,6200,6400,194384,0,80,269.96537209840005,65.73403099991992,6440.223383000102,13.0
1778865857,65,,Aggregated,56.800000,0.000000,80,88,130,190,620,1200,2400,3600,5300,6200,6400,194444,0,80,269.90582839126137,65.73403099991992,6440.223383000102,13.0
1778865858,66,,Aggregated,57.600000,0.000000,80,88,130,190,620,1200,2400,3600,5300,6200,6400,194505,0,80,269.8448105115366,65.73403099991992,6440.223383000102,13.0
1778865859,67,,Aggregated,58.100000,0.000000,80,88,130,190,620,1200,2400,3600,5300,6200,6400,194566,0,80,269.78413231898395,65.73403099991992,6440.223383000102,13.0
1778865860,67,,Aggregated,58.300000,0.000000,80,88,130,190,620,1200,2400,3600,5300,6200,6400,194631,0,80,269.7195731380789,65.73403099991992,6440.223383000102,13.0
1778865861,68,,Aggregated,58.800000,0.000000,80,88,130,190,620,1200,2400,3600,5300,6200,6400,194695,0,80,269.65583224292607,65.73403099991992,6440.223383000102,13.0
1778865862,69,,Aggregated,59.300000,0.000000,80,88,130,190,620,1200,2400,3600,5300,6200,6400,194760,0,80,269.5909766288996,65.73403099991992,6440.223383000102,13.0
1778865863,69,,Aggregated,59.900000,0.000000,80,88,130,190,620,1200,2400,3600,5300,6200,6400,194822,0,80,269.53039414613073,65.73403099991992,6440.223383000102,13.0
1778865864,70,,Aggregated,60.600000,0.000000,80,88,130,190,620,1200,2400,3600,5300,6200,6400,194890,0,80,269.46306629611814,65.73403099991992,6440.223383000102,13.0
1778865865,71,,Aggregated,61.400000,0.000000,80,88,130,190,620,1200,2400,3600,5300,6200,6400,194955,0,80,269.3991691741964,65.73403099991992,6440.223383000102,13.0
1778865866,71,,Aggregated,61.900000,0.000000,80,88,130,190,620,1200,2400,3600,5300,6200,6400,195021,0,80,269.33388345565584,65.73403099991992,6440.223383000102,13.0
1778865867,72,,Aggregated,62.400000,0.000000,80,88,130,190,620,1200,2400,3600,5300,6200,6400,195087,0,80,269.2692450375753,65.73403099991992,6440.223383000102,13.0
1778865868,73,,Aggregated,63.000000,0.000000,80,88,130,190,620,1200,2400,3600,5300,6200,6400,195158,0,80,269.2002626875068,65.73403099991992,6440.223383000102,13.0
1778865869,74,,Aggregated,63.600000,0.000000,80,88,130,190,620,1200,2400,3600,5300,6200,6400,195226,0,80,269.1329791492755,65.73403099991992,6440.223383000102,13.0
1778865870,74,,Aggregated,64.300000,0.000000,80,88,130,190,620,1200,2400,3600,5300,6200,6400,195293,0,80,269.06755625816317,65.73403099991992,6440.223383000102,13.0
1778865871,75,,Aggregated,64.900000,0.000000,80,88,130,190,620,1200,2400,3600,5300,6200,6400,195362,0,80,269.00038332847464,65.73403099991992,6440.223383000102,13.0
1778865872,76,,Aggregated,65.700000,0.000000,80,88,130,190,620,1200,2400,3600,5300,6200,6400,195435,0,80,268.9303842367819,65.73403099991992,6440.223383000102,13.0
1778865873,77,,Aggregated,66.200000,0.000000,80,88,130,190,620,1200,2400,3600,5300,6200,6400,195507,0,80,268.8601319241329,65.73403099991992,6440.223383000102,13.0
1778865874,77,,Aggregated,66.800000,0.000000,80,88,130,190,620,1200,2400,3600,5300,6200,6400,195579,0,80,268.7897759885388,65.73403099991992,6440.223383000102,13.0
1778865875,78,,Aggregated,67.300000,0.000000,80,88,130,190,620,1200,2400,3600,5300,6200,6400,195651,0,80,268.71952357200536,65.73403099991992,6440.223383000102,13.0
1778865876,79,,Aggregated,68.100000,0.000000,80,88,130,190,620,1200,2400,3600,5300,6200,6400,195728,0,80,268.6441523715176,65.73403099991992,6440.223383000102,13.0
1778865877,80,,Aggregated,69.100000,0.000000,80,88,130,190,620,1200,2400,3600,5300,6200,6400,195803,0,80,268.57192688628555,65.73403099991992,6440.223383000102,13.0
1778865878,81,,Aggregated,69.700000,0.000000,80,88,130,190,620,1200,2400,3600,5300,6200,6400,195878,0,80,268.49850984534964,65.73403099991992,6440.223383000102,13.0
1778865879,82,,Aggregated,70.400000,0.000000,80,88,130,190,620,1200,2400,3600,5300,6200,6400,195954,0,80,268.4242663804689,65.73403099991992,6440.223383000102,13.0
1778865880,82,,Aggregated,71.100000,0.000000,80,88,130,190,610,1200,2400,3600,5300,6200,6400,196031,0,80,268.34956542320555,65.73403099991992,6440.223383000102,13.0
1778865881,83,,Aggregated,71.800000,0.000000,80,88,130,190,610,1200,2400,3600,5300,6200,6400,196106,0,80,268.2770855336624,65.73403099991992,6440.223383000102,13.0
1778865882,84,,Aggregated,72.800000,0.000000,80,88,130,190,610,1200,2400,3600,5300,6200,6400,196184,0,80,268.20378022066717,65.73403099991992,6440.223383000102,13.0
1778865883,85,,Aggregated,73.500000,0.000000,80,88,130,190,610,1200,2400,3600,5300,6200,6400,196264,0,80,268.12866343619004,65.73403099991992,6440.223383000102,13.0
1778865884,86,,Aggregated,74.000000,0.000000,80,88,130,190,610,1200,2400,3600,5300,6200,6400,196341,0,80,268.0572927322689,65.73403099991992,6440.223383000102,13.0
1778865885,86,,Aggregated,74.600000,0.000000,80,88,130,190,610,1200,2400,3600,5300,6200,6400,196421,0,80,267.98360743159014,65.73403099991992,6440.223383000102,13.0
1778865886,87,,Aggregated,75.400000,0.000000,80,88,130,190,610,1200,2400,3600,5300,6200,6400,196508,0,80,267.899174541878,65.73403099991992,6440.223383000102,13.0
1778865888,88,,Aggregated,75.800000,0.000000,80,88,130,190,610,1200,2400,3600,5300,6200,6400,196588,0,80,267.8243476663446,65.73403099991992,6440.223383000102,13.0
1778865889,89,,Aggregated,77.800000,0.000000,80,88,130,180,610,1200,2400,3600,5300,6200,6400,196669,0,80,267.74903809516667,65.73403099991992,6440.223383000102,13.0
1778865890,90,,Aggregated,77.800000,0.000000,80,88,130,180,610,1200,2400,3600,5300,6200,6400,196750,0,80,267.67241260449987,65.73403099991992,6440.223383000102,13.0
1778865891,91,,Aggregated,78.400000,0.000000,80,88,130,180,610,1200,2400,3600,5300,6200,6400,196832,0,80,267.60481396604405,65.73403099991992,6440.223383000102,13.0
1778865892,92,,Aggregated,79.000000,0.000000,80,88,130,180,610,1200,2400,3600,5300,6200,6400,196915,0,80,267.5434149538802,65.73403099991992,6440.223383000102,13.0
1778865893,92,,Aggregated,79.300000,0.000000,80,88,130,180,610,1200,2400,3600,5300,6200,6400,197001,0,80,267.47667238051247,65.73403099991992,6440.223383000102,13.0
1778865894,93,,Aggregated,80.700000,0.000000,80,88,130,180,610,1200,2400,3600,5300,6200,6400,197088,0,80,267.39332510039355,65.73403099991992,6440.223383000102,13.0
1778865895,94,,Aggregated,80.700000,0.000000,80,88,130,180,610,1200,2400,3500,5300,6200,6400,197176,0,80,267.30909903923583,65.73403099991992,6440.223383000102,13.0
1778865896,95,,Aggregated,81.700000,0.000000,80,88,130,180,610,1200,2400,3500,5300,6200,6400,197265,0,80,267.22391382275333,65.73403099991992,6440.223383000102,13.0
1778865897,96,,Aggregated,83.500000,0.000000,80,88,120,180,610,1200,2400,3500,5300,6200,6400,197355,0,80,267.13754139451964,65.73403099991992,6440.223383000102,13.0
1778865898,97,,Aggregated,84.300000,0.000000,80,88,120,180,610,1200,2400,3500,5300,6200,6400,197446,0,80,267.0509013580343,65.73403099991992,6440.223383000102,13.0
1778865899,98,,Aggregated,84.500000,0.000000,80,88,120,180,610,1200,2400,3500,5300,6200,6400,197535,0,80,266.96755188378,65.73403099991992,6440.223383000102,13.0
1778865900,99,,Aggregated,85.500000,0.000000,80,88,120,180,610,1200,2400,3500,5300,6200,6400,197629,0,80,266.8796586790678,65.73403099991992,6440.223383000102,13.0
1778865901,99,,Aggregated,86.300000,0.000000,80,88,120,180,610,1200,2400,3500,5300,6200,6400,197721,0,80,266.7929243441742,65.73403099991992,6440.223383000102,13.0
1778865902,100,,Aggregated,87.500000,0.000000,80,88,120,180,610,1200,2400,3500,5300,6200,6400,197811,0,80,266.7134544069868,65.73403099991992,6440.223383000102,13.0
1778865903,101,,Aggregated,88.500000,0.000000,80,88,120,180,610,1200,2400,3500,5300,6200,6400,197903,0,80,266.62565758052403,65.73403099991992,6440.223383000102,13.0
1778865904,102,,Aggregated,89.200000,0.000000,80,88,120,180,610,1200,2400,3500,5300,6200,6400,198000,0,80,266.53364636930525,65.73403099991992,6440.223383000102,13.0
1778865905,103,,Aggregated,89.800000,0.000000,80,88,120,180,610,1200,2400,3500,5300,6200,6400,198098,0,80,266.44024136081356,65.73403099991992,6440.223383000102,13.0
1778865906,104,,Aggregated,91.100000,0.000000,80,88,120,180,610,1200,2400,3500,5300,6200,6400,198196,0,80,266.3474913660036,65.73403099991992,6440.223383000102,13.0
1778865907,105,,Aggregated,91.600000,0.000000,80,88,120,180,610,1200,2400,3500,5300,6200,6400,198292,0,80,266.25707666258074,65.73403099991992,6440.223383000102,13.0
1778865908,106,,Aggregated,92.300000,0.000000,80,87,120,180,610,1200,2400,3500,5300,6200,6400,198391,0,80,266.1624472011003,65.73403099991992,6440.223383000102,13.0
1778865909,106,,Aggregated,93.300000,0.000000,80,87,120,180,610,1200,2400,3500,5300,6200,6400,198489,0,80,266.07370823628247,65.73403099991992,6440.223383000102,13.0
1778865910,107,,Aggregated,94.200000,0.000000,80,87,120,180,610,1200,2400,3500,5300,6200,6400,198590,0,80,265.98073925372614,65.73403099991992,6440.223383000102,13.0
1778865911,108,,Aggregated,95.200000,0.000000,80,87,120,180,610,1200,2400,3500,5300,6200,6400,198690,0,80,265.88554147473184,65.73403099991992,6440.223383000102,13.0
1778865912,109,,Aggregated,95.700000,0.000000,80,87,120,180,610,1200,2400,3500,5300,6200,6400,198788,0,80,265.79691157320093,65.73403099991992,6440.223383000102,13.0
1778865913,110,,Aggregated,96.400000,0.000000,80,87,120,180,610,1200,2400,3500,5300,6200,6400,198890,0,80,265.70688318649246,65.73403099991992,6440.223383000102,13.0
1778865914,111,,Aggregated,97.300000,0.000000,80,87,120,180,610,1200,2400,3500,5300,6200,6400,198995,0,80,265.6135133094424,65.73403099991992,6440.223383000102,13.0
1778865915,112,,Aggregated,98.600000,0.000000,80,87,120,180,600,1200,2400,3500,5300,6200,6400,199097,0,80,265.526527005397,65.73403099991992,6440.223383000102,13.0
1778865916,112,,Aggregated,98.800000,0.000000,80,87,120,180,600,1200,2400,3500,5300,6200,6400,199203,0,80,265.43151410273697,65.73403099991992,6440.223383000102,13.0
1778865917,113,,Aggregated,99.700000,0.000000,80,87,120,180,600,1200,2400,3500,5300,6200,6400,199308,0,80,265.3336694855475,65.73403099991992,6440.223383000102,13.0
1778865918,114,,Aggregated,100.500000,0.000000,80,87,120,180,600,1200,2400,3500,5300,6200,6400,199412,0,80,265.24103158345775,65.73403099991992,6440.223383000102,13.0
1778865919,115,,Aggregated,101.300000,0.000000,80,87,120,180,600,1200,2400,3500,5300,6200,6400,199516,0,80,265.1471626001347,65.73403099991992,6440.223383000102,13.0
1778865920,116,,Aggregated,101.500000,0.000000,80,87,120,180,600,1200,2400,3500,5300,6200,6400,199623,0,80,265.0631024640671,65.73403099991992,6440.223383000102,13.0
1778865921,117,,Aggregated,102.200000,0.000000,80,87,120,180,600,1200,2400,3500,5300,6200,6400,199727,0,80,264.9770562173289,65.73403099991992,6440.223383000102,13.0
1778865922,117,,Aggregated,102.800000,0.000000,80,87,120,180,600,1200,2400,3500,5300,6200,6400,199828,0,80,264.9253453284897,65.73403099991992,6440.223383000102,13.0
1778865923,118,,Aggregated,103.500000,0.000000,80,87,120,180,600,1200,2400,3500,5300,6200,6400,199934,0,80,264.84291736302697,65.73403099991992,6440.223383000102,13.0
1778865924,119,,Aggregated,103.500000,0.000000,80,87,120,180,600,1200,2400,3500,5300,6200,6400,200045,0,80,264.74607817833214,65.73403099991992,6440.223383000102,13.0
1778865925,120,,Aggregated,103.800000,0.000000,80,87,120,180,600,1200,2300,3500,5300,6200,6400,200157,0,80,264.6455468286168,65.73403099991992,6440.223383000102,13.0
1778865926,121,,Aggregated,105.300000,0.000000,80,87,120,180,600,1200,2300,3500,5300,6200,6400,200267,0,80,264.546800880412,65.73403099991992,6440.223383000102,13.0
1778865927,121,,Aggregated,105.700000,0.000000,80,87,120,180,600,1200,2300,3500,5300,6200,6400,200381,0,80,264.45004530711725,65.73403099991992,6440.223383000102,13.0
1778865928,122,,Aggregated,106.500000,0.000000,80,87,120,180,600,1200,2300,3500,5300,6200,6400,200496,0,80,264.34456884905154,65.73403099991992,6440.223383000102,13.0
1778865929,123,,Aggregated,107.200000,0.000000,80,87,120,180,600,1200,2300,3500,5300,6200,6400,200612,0,80,264.2384804928341,65.73403099991992,6440.223383000102,13.0
1778865930,124,,Aggregated,108.100000,0.000000,80,87,120,180,600,1200,2300,3500,5300,6200,6400,200728,0,80,264.13159987410023,65.73403099991992,6440.223383000102,13.0
1778865931,125,,Aggregated,109.000000,0.000000,80,87,120,180,600,1200,2300,3500,5300,6200,6400,200843,0,80,264.03030368388943,65.73403099991992,6440.223383000102,13.0
1778865932,125,,Aggregated,110.200000,0.000000,80,87,120,180,600,1200,2300,3500,5300,6200,6400,200956,0,80,263.92920238970413,65.73403099991992,6440.223383000102,13.0
1778865933,126,,Aggregated,110.900000,0.000000,80,87,120,180,600,1200,2300,3500,5300,6200,6400,201067,0,80,263.829836266351,65.73403099991992,6440.223383000102,13.0
1778865934,127,,Aggregated,112.100000,0.000000,80,87,120,180,600,1200,2300,3500,5300,6200,6400,201187,0,80,263.7209353359877,65.73403099991992,6440.223383000102,13.0
1778865935,128,,Aggregated,113.300000,0.000000,80,87,120,180,600,1200,2300,3500,5300,6200,6400,201309,0,80,263.6123027292189,65.73403099991992,6440.223383000102,13.0
1778865936,128,,Aggregated,113.700000,0.000000,80,87,120,180,600,1200,2300,3500,5300,6200,6400,201427,0,80,263.50865407071694,65.73403099991992,6440.223383000102,13.0
1778865937,129,,Aggregated,114.400000,0.000000,80,87,120,180,600,1200,2300,3500,5300,6200,6400,201546,0,80,263.405646424366,65.73403099991992,6440.223383000102,13.0
1778865938,130,,Aggregated,115.100000,0.000000,80,87,120,180,600,1200,2300,3500,5300,6200,6400,201667,0,80,263.29834333260425,65.73403099991992,6440.223383000102,13.0
1778865939,130,,Aggregated,115.800000,0.000000,80,87,120,180,600,1200,2300,3500,5300,6200,6400,201789,0,80,263.1919853163963,65.73403099991992,6440.223383000102,13.0
1778865940,131,,Aggregated,116.900000,0.000000,80,87,120,180,600,1200,2300,3500,5300,6200,6400,201904,0,80,263.1068322116961,65.73403099991992,6440.223383000102,13.0
1778865941,132,,Aggregated,117.700000,0.000000,80,87,120,180,600,1200,2300,3500,5200,6200,6400,202024,0,80,263.01642628285407,65.73403099991992,6440.223383000102,13.0
1778865942,132,,Aggregated,117.000000,0.000000,80,87,120,180,600,1200,2300,3500,5200,6200,6400,202142,0,80,262.9233015593014,65.73403099991992,6440.223383000102,13.0
1778865943,133,,Aggregated,117.800000,0.000000,80,87,120,180,600,1200,2300,3500,5200,6200,6400,202265,0,80,262.83030815858075,65.73403099991992,6440.223383000102,13.0
1778865944,134,,Aggregated,118.300000,0.000000,80,87,120,180,590,1200,2300,3500,5200,6200,6400,202387,0,80,262.7220766197945,65.73403099991992,6440.223383000102,13.0
1778865945,134,,Aggregated,118.700000,0.000000,80,87,120,180,590,1200,2300,3500,5200,6200,6400,202513,0,80,262.6118629631844,65.73403099991992,6440.223383000102,13.0
1778865946,135,,Aggregated,119.600000,0.000000,80,87,120,180,590,1200,2300,3500,5200,6200,6400,202639,0,80,262.50098374631403,65.73403099991992,6440.223383000102,13.0
1778865947,136,,Aggregated,120.200000,0.000000,80,87,120,180,590,1200,2300,3500,5200,6200,6400,202762,0,80,262.3914671304994,65.73403099991992,6440.223383000102,13.0
1778865948,136,,Aggregated,120.700000,0.000000,80,87,120,180,590,1200,2300,3500,5200,6200,6400,202884,0,80,262.29865114416265,65.73403099991992,6440.223383000102,13.0
1778865949,137,,Aggregated,121.400000,0.000000,80,87,120,180,590,1200,2300,3500,5200,6200,6400,203012,0,80,262.20610399953375,65.73403099991992,6440.223383000102,13.0
1778865950,137,,Aggregated,121.100000,0.000000,80,87,120,180,590,1200,2300,3500,5200,6200,6400,203138,0,80,262.09379345270867,65.73403099991992,6440.223383000102,13.0
1778865951,138,,Aggregated,121.300000,0.000000,80,87,120,180,590,1200,2300,3500,5200,6200,6400,203269,0,80,261.97929542439476,65.73403099991992,6440.223383000102,13.0
1778865952,138,,Aggregated,123.200000,0.000000,80,87,120,180,590,1200,2300,3500,5200,6200,6400,203393,0,80,261.8696882511408,65.73403099991992,6440.223383000102,13.0
1778865953,139,,Aggregated,123.700000,0.000000,80,87,120,180,590,1200,2300,3500,5200,6200,6400,203518,0,80,261.760444931231,65.73403099991992,6440.223383000102,13.0
1778865954,140,,Aggregated,124.600000,0.000000,80,87,120,180,590,1200,2300,3500,5200,6200,6400,203649,0,80,261.65312565735286,65.73403099991992,6440.223383000102,13.0
1778865955,140,,Aggregated,125.200000,0.000000,80,87,120,170,590,1200,2300,3500,5200,6200,6400,203780,0,80,261.537651438425,65.73403099991992,6440.223383000102,13.0
1778865956,141,,Aggregated,125.500000,0.000000,80,87,120,170,590,1200,2300,3500,5200,6200,6400,203913,0,80,261.42390872273114,65.73403099991992,6440.223383000102,13.0
1778865957,141,,Aggregated,126.200000,0.000000,80,87,120,170,590,1200,2300,3500,5200,6200,6400,204039,0,80,261.31191422229716,65.73403099991992,6440.223383000102,13.0
1778865958,142,,Aggregated,126.400000,0.000000,80,87,120,170,590,1200,2300,3500,5200,6200,6400,204172,0,80,261.19790754580106,65.73403099991992,6440.223383000102,13.0
1778865959,142,,Aggregated,126.900000,0.000000,80,87,120,170,590,1200,2300,3500,5200,6200,6400,204304,0,80,261.08135010704774,65.73403099991992,6440.223383000102,13.0
1778865960,142,,Aggregated,128.200000,0.000000,80,87,120,170,590,1200,2300,3500,5200,6200,6400,204439,0,80,260.96253973679813,65.73403099991992,6440.223383000102,13.0
1778865961,143,,Aggregated,128.900000,0.000000,80,87,120,170,590,1200,2300,3500,5200,6200,6400,204572,0,80,260.8447340629279,65.73403099991992,6440.223383000102,13.0
1778865962,143,,Aggregated,129.200000,0.000000,80,87,120,170,590,1200,2300,3500,5200,6200,6400,204703,0,80,260.7310518734326,65.73403099991992,6440.223383000102,13.0
1778865963,144,,Aggregated,129.800000,0.000000,80,87,120,170,590,1200,2300,3500,5200,6200,6400,204832,0,80,260.61907701676165,65.73403099991992,6440.223383000102,13.0
1778865964,144,,Aggregated,130.300000,0.000000,80,87,120,170,590,1200,2300,3500,5200,6200,6400,204965,0,80,260.5040448718431,65.73403099991992,6440.223383000102,13.0
1778865965,145,,Aggregated,130.500000,0.000000,80,87,120,170,590,1200,2300,3500,5200,6200,6400,205093,0,80,260.4188230412951,65.73403099991992,6440.223383000102,13.0
1778865966,145,,Aggregated,130.900000,0.000000,80,87,120,170,590,1200,2300,3500,5200,6200,6400,205226,0,80,260.3306281288742,65.73403099991992,6440.223383000102,13.0
1778865967,145,,Aggregated,130.900000,0.000000,80,87,120,170,590,1200,2300,3500,5200,6200,6400,205360,0,80,260.22706807231356,65.73403099991992,6440.223383000102,13.0
1778865968,146,,Aggregated,131.400000,0.000000,80,87,120,170,590,1200,2300,3500,5200,6200,6400,205493,0,80,260.1185249327681,65.73403099991992,6440.223383000102,13.0
1778865969,146,,Aggregated,130.800000,0.000000,80,87,120,170,580,1200,2300,3500,5200,6200,6400,205620,0,80,260.0113524826297,65.73403099991992,6440.223383000102,13.0
1778865970,146,,Aggregated,130.900000,0.000000,80,87,120,170,580,1200,2300,3500,5200,6200,6400,205746,0,80,259.9551096778665,65.73403099991992,6440.223383000102,13.0
1778865971,147,,Aggregated,131.500000,0.000000,80,87,120,170,580,1200,2300,3500,5200,6200,6400,205862,0,80,259.92142914956776,65.73403099991992,6440.223383000102,13.0
1778865972,147,,Aggregated,130.600000,0.000000,80,87,120,170,580,1200,2300,3500,5200,6200,6400,205960,0,80,259.9507933468795,65.73403099991992,6440.223383000102,13.0
1778865973,147,,Aggregated,129.200000,0.000000,80,87,120,170,580,1200,2300,3500,5200,6200,6400,206038,0,80,260.08538943400873,65.73403099991992,6440.223383000102,13.0
1778865974,147,,Aggregated,126.400000,0.000000,80,87,120,170,590,1200,2300,3500,5200,6200,6400,206101,0,80,260.28262468021165,65.73403099991992,6440.223383000102,13.0
1778865975,148,,Aggregated,121.800000,0.000000,80,87,120,170,590,1200,2300,3500,5200,6200,6400,206177,0,80,260.5903643898848,65.73403099991992,6440.223383000102,13.0
1778865976,148,,Aggregated,115.100000,0.000000,80,87,120,180,590,1200,2300,3500,5200,6200,6400,206241,0,80,260.85336050058555,65.73403099991992,6440.223383000102,13.0
1778865977,148,,Aggregated,109.500000,0.000000,80,87,120,180,590,1200,2300,3500,5200,6200,6400,206319,0,80,261.180006542065,65.73403099991992,6440.223383000102,13.0
1778865978,148,,Aggregated,102.800000,0.000000,80,87,120,180,590,1200,2300,3500,5200,6200,6400,206380,0,80,261.4365241899956,65.73403099991992,6440.223383000102,13.0
1778865979,148,,Aggregated,97.500000,0.000000,80,87,120,180,600,1200,2300,3500,5200,6200,6400,206457,0,80,261.75476896146563,65.73403099991992,6440.223383000102,13.0
1778865980,149,,Aggregated,90.900000,0.000000,80,87,120,180,600,1200,2300,3500,5200,6200,6400,206546,0,80,262.0404034776334,65.73403099991992,6440.223383000102,13.0
1778865981,149,,Aggregated,84.500000,0.000000,80,87,120,180,600,1200,2300,3500,5200,6200,6400,206622,0,80,262.232511390865,65.73403099991992,6440.223383000102,13.0
1778865982,149,,Aggregated,80.900000,0.000000,80,87,120,180,600,1200,2300,3500,5200,6200,6400,206724,0,80,262.440159307039,65.73403099991992,6440.223383000102,13.0
1778865983,149,,Aggregated,77.100000,0.000000,80,87,120,180,600,1200,2300,3500,5200,6200,6400,206851,0,80,262.51640020742144,65.73403099991992,6440.223383000102,13.0
1778865984,149,,Aggregated,75.900000,0.000000,80,87,120,180,600,1200,2300,3500,5200,6200,6400,206952,0,80,262.5594536863829,65.73403099991992,6440.223383000102,13.0
1778865985,149,,Aggregated,78.800000,0.000000,80,87,120,180,600,1200,2300,3500,5200,6200,6400,207030,0,80,262.67055338326475,65.73403099991992,6440.223383000102,13.0
1778865986,149,,Aggregated,83.700000,0.000000,80,87,120,180,610,1200,2300,3500,5200,6200,6400,207108,0,80,262.8747830720749,65.73403099991992,6440.223383000102,13.0
1778865987,149,,Aggregated,84.800000,0.000000,80,87,120,180,610,1200,2300,3500,5200,6200,6400,207204,0,80,263.12728582684844,65.73403099991992,6440.223383000102,13.0
1778865988,149,,Aggregated,86.000000,0.000000,80,87,120,180,610,1200,2300,3500,5200,6200,6400,207319,0,80,263.24667727858184,65.73403099991992,6440.223383000102,13.0
1778865989,149,,Aggregated,87.800000,0.000000,80,87,120,180,610,1200,2300,3500,5200,6200,6400,207454,0,80,263.23507045353824,65.73403099991992,6440.223383000102,13.0
1778865990,149,,Aggregated,91.700000,0.000000,80,87,120,180,610,1200,2300,3500,5200,6200,6400,207574,0,80,263.17705109837624,65.73403099991992,6440.223383000102,13.0
1778865991,149,,Aggregated,97.300000,0.000000,80,87,120,180,610,1200,2300,3500,5200,6200,6400,207690,0,80,263.16199480891396,65.73403099991992,6440.223383000102,13.0
1778865992,149,,Aggregated,101.300000,0.000000,80,87,120,180,610,1200,2300,3500,5200,6200,6400,207825,0,80,263.14543355748987,65.73403099991992,6440.223383000102,13.0
1778865993,149,,Aggregated,104.900000,0.000000,80,87,120,180,610,1200,2300,3500,5200,6200,6400,207960,0,80,263.0362945898073,65.73403099991992,6440.223383000102,13.0
1778865994,149,,Aggregated,108.400000,0.000000,80,88,120,180,610,1200,2300,3500,5200,6200,6400,208095,0,80,262.94048520124153,65.73403099991992,6440.223383000102,13.0
1778865995,149,,Aggregated,110.500000,0.000000,80,88,120,180,610,1200,2300,3500,5200,6200,6400,208233,0,80,262.82687742968386,65.73403099991992,6440.223383000102,13.0
1778865996,149,,Aggregated,111.800000,0.000000,80,88,120,180,600,1200,2300,3500,5200,6200,6400,208365,0,80,262.71501587412183,65.73403099991992,6440.223383000102,13.0
1778865997,149,,Aggregated,116.500000,0.000000,80,87,120,180,600,1200,2300,3500,5200,6200,6400,208496,0,80,262.60576629478925,65.73403099991992,6440.223383000102,13.0
1778865998,149,,Aggregated,122.600000,0.000000,80,87,120,180,600,1200,2300,3500,5200,6200,6400,208634,0,80,262.4965499217451,65.73403099991992,6440.223383000102,13.0
1778865999,149,,Aggregated,128.100000,0.000000,80,87,120,180,600,1200,2300,3500,5200,6200,6400,208772,0,80,262.38218765659866,65.73403099991992,6440.223383000102,13.0
1778866000,149,,Aggregated,131.700000,0.000000,80,87,120,180,600,1200,2300,3500,5200,6200,6400,208912,0,80,262.26540489585767,65.73403099991992,6440.223383000102,13.0
1778866001,149,,Aggregated,132.400000,0.000000,80,87,120,180,600,1200,2300,3500,5200,6200,6400,209053,0,80,262.1465640765424,65.73403099991992,6440.223383000102,13.0
1778866002,149,,Aggregated,133.600000,0.000000,80,87,120,180,600,1200,2300,3500,5200,6200,6400,209192,0,80,262.0374808550156,65.73403099991992,6440.223383000102,13.0
1778866003,148,,Aggregated,135.300000,0.000000,80,87,120,180,600,1200,2300,3500,5200,6200,6400,209323,0,80,261.93060629094464,65.73403099991992,6440.223383000102,13.0
1778866004,148,,Aggregated,135.800000,0.000000,80,87,120,180,600,1200,2300,3500,5200,6200,6400,209464,0,80,261.8250966567401,65.73403099991992,6440.223383000102,13.0
1778866005,148,,Aggregated,135.800000,0.000000,80,87,120,180,600,1200,2300,3500,5200,6200,6400,209595,0,80,261.71833505280847,65.73403099991992,6440.223383000102,13.0
1778866006,148,,Aggregated,136.100000,0.000000,80,87,120,180,600,1200,2300,3500,5200,6200,6400,209728,0,80,261.60682126910274,65.73403099991992,6440.223383000102,13.0
1778866007,147,,Aggregated,136.500000,0.000000,80,87,120,180,600,1200,2300,3500,5200,6200,6400,209867,0,80,261.4939177752788,65.73403099991992,6440.223383000102,13.0
1778866008,147,,Aggregated,136.600000,0.000000,80,87,120,180,600,1200,2300,3500,5200,6200,6400,209997,0,80,261.3850601940764,65.73403099991992,6440.223383000102,13.0
1778866009,147,,Aggregated,135.600000,0.000000,80,87,120,180,600,1200,2300,3500,5200,6100,6400,210135,0,80,261.30460683506533,65.73403099991992,6440.223383000102,13.0
1778866010,147,,Aggregated,135.500000,0.000000,80,88,120,180,600,1200,2300,3500,5200,6100,6400,210267,0,80,261.20431334012227,65.73403099991992,6440.223383000102,13.0
1778866011,146,,Aggregated,133.600000,0.000000,80,88,120,180,600,1200,2300,3500,5200,6100,6400,210394,0,80,261.1017047093429,65.73403099991992,6440.223383000102,13.0
1778866012,146,,Aggregated,132.700000,0.000000,80,88,120,180,600,1200,2300,3500,5200,6100,6400,210523,0,80,260.998808309883,65.73403099991992,6440.223383000102,13.0
1778866013,146,,Aggregated,132.300000,0.000000,80,88,120,180,600,1200,2300,3500,5200,6100,6400,210657,0,80,260.90313020771447,65.73403099991992,6440.223383000102,13.0
1778866014,145,,Aggregated,133.900000,0.000000,80,88,120,180,600,1200,2300,3500,5200,6100,6400,210787,0,80,260.8010704208726,65.73403099991992,6440.223383000102,13.0
1778866015,145,,Aggregated,134.700000,0.000000,80,88,120,180,600,1200,2300,3500,5200,6100,6400,210922,0,80,260.699044520863,65.73403099991992,6440.223383000102,13.0
1778866016,145,,Aggregated,134.400000,0.000000,80,88,120,180,600,1200,2300,3500,5200,6100,6400,211052,0,80,260.59280507310274,65.73403099991992,6440.223383000102,13.0
1778866017,144,,Aggregated,133.600000,0.000000,80,88,120,180,600,1200,2300,3500,5200,6100,6400,211194,0,80,260.4882325997588,65.73403099991992,6440.223383000102,13.0
1778866018,144,,Aggregated,133.000000,0.000000,80,88,120,180,600,1200,2300,3500,5200,6100,6400,211326,0,80,260.3811385688864,65.73403099991992,6440.223383000102,13.0
1778866019,143,,Aggregated,132.000000,0.000000,80,88,120,180,600,1200,2300,3500,5200,6100,6400,211453,0,80,260.2913195598429,65.73403099991992,6440.223383000102,13.0
1778866020,143,,Aggregated,131.200000,0.000000,80,88,120,180,600,1200,2300,3500,5200,6100,6400,211584,0,80,260.1837614605378,65.73403099991992,6440.223383000102,13.0
1778866021,143,,Aggregated,132.300000,0.000000,80,88,120,180,590,1200,2300,3500,5200,6100,6400,211708,0,80,260.08257251425755,65.73403099991992,6440.223383000102,13.0
1778866022,142,,Aggregated,132.400000,0.000000,80,87,120,180,590,1200,2300,3500,5200,6100,6400,211844,0,80,259.9827080152587,65.73403099991992,6440.223383000102,13.0
1778866023,142,,Aggregated,132.800000,0.000000,80,87,120,180,590,1200,2300,3500,5200,6100,6400,211972,0,80,259.88734527023587,65.73403099991992,6440.223383000102,13.0
1778866024,141,,Aggregated,131.200000,0.000000,80,87,120,180,590,1200,2300,3500,5200,6100,6400,212102,0,80,259.78629173387066,65.73403099991992,6440.223383000102,13.0
1778866025,141,,Aggregated,129.400000,0.000000,80,87,120,180,590,1200,2200,3400,5200,6100,6400,212234,0,80,259.6755224695073,65.73403099991992,6440.223383000102,13.0
1778866026,140,,Aggregated,129.300000,0.000000,80,87,120,180,590,1200,2200,3400,5200,6100,6400,212365,0,80,259.56619639818894,65.73403099991992,6440.223383000102,13.0
1778866027,140,,Aggregated,129.800000,0.000000,80,87,120,180,590,1200,2200,3400,5200,6100,6400,212488,0,80,259.4668675723402,65.73403099991992,6440.223383000102,13.0
1778866028,139,,Aggregated,129.500000,0.000000,80,87,120,180,590,1200,2200,3400,5200,6100,6400,212619,0,80,259.37315438930847,65.73403099991992,6440.223383000102,13.0
1778866029,139,,Aggregated,129.700000,0.000000,80,87,120,180,590,1200,2200,3400,5200,6100,6400,212744,0,80,259.27008625589144,65.73403099991992,6440.223383000102,13.0
1778866030,138,,Aggregated,129.200000,0.000000,80,87,120,180,590,1200,2200,3400,5200,6100,6400,212868,0,80,259.1779892564893,65.73403099991992,6440.223383000102,13.0
1778866031,138,,Aggregated,129.300000,0.000000,80,87,120,180,590,1200,2200,3400,5200,6100,6400,212990,0,80,259.09240455899055,65.73403099991992,6440.223383000102,13.0
1778866032,137,,Aggregated,128.800000,0.000000,80,87,120,180,590,1200,2200,3400,5200,6100,6400,213119,0,80,258.991219384116,65.73403099991992,6440.223383000102,13.0
1778866033,136,,Aggregated,127.900000,0.000000,80,87,120,180,590,1200,2200,3400,5200,6100,6400,213249,0,80,258.8839057273209,65.73403099991992,6440.223383000102,13.0
1778866034,136,,Aggregated,127.700000,0.000000,80,87,120,180,590,1200,2200,3400,5200,6100,6400,213372,0,80,258.7838735304747,65.73403099991992,6440.223383000102,13.0
1778866035,135,,Aggregated,127.500000,0.000000,80,87,120,180,590,1200,2200,3400,5200,6100,6400,213494,0,80,258.6851147315123,65.73403099991992,6440.223383000102,13.0
1778866036,135,,Aggregated,127.200000,0.000000,80,87,120,180,590,1200,2200,3400,5200,6100,6400,213624,0,80,258.5789500234594,65.73403099991992,6440.223383000102,13.0
1778866037,134,,Aggregated,126.300000,0.000000,80,87,120,180,590,1200,2200,3400,5200,6100,6400,213741,0,80,258.4843597215999,65.73403099991992,6440.223383000102,13.0
1778866038,133,,Aggregated,125.600000,0.000000,80,87,120,180,590,1200,2200,3400,5200,6100,6400,213864,0,80,258.39410233495346,65.73403099991992,6440.223383000102,13.0
1778866039,133,,Aggregated,124.900000,0.000000,80,87,120,180,590,1200,2200,3400,5200,6100,6400,213989,0,80,258.2931165357589,65.73403099991992,6440.223383000102,13.0
1778866040,132,,Aggregated,125.000000,0.000000,80,87,120,180,590,1200,2200,3400,5200,6100,6400,214107,0,80,258.19590495296023,65.73403099991992,6440.223383000102,13.0
1778866041,131,,Aggregated,124.100000,0.000000,80,87,120,170,590,1200,2200,3400,5200,6100,6400,214230,0,80,258.0988187631213,65.73403099991992,6440.223383000102,13.0
1778866042,131,,Aggregated,124.200000,0.000000,80,87,120,170,590,1200,2200,3400,5200,6100,6400,214350,0,80,258.001649234945,65.73403099991992,6440.223383000102,13.0
1778866043,130,,Aggregated,123.400000,0.000000,80,87,120,170,590,1200,2200,3400,5200,6100,6400,214473,0,80,257.90276013891935,65.73403099991992,6440.223383000102,13.0
1778866044,129,,Aggregated,122.700000,0.000000,80,87,120,170,590,1200,2200,3400,5200,6100,6400,214593,0,80,257.80509490594966,65.73403099991992,6440.223383000102,13.0
1778866045,129,,Aggregated,122.700000,0.000000,80,87,120,170,590,1200,2200,3400,5200,6100,6400,214710,0,80,257.7104639068298,65.73403099991992,6440.223383000102,13.0
1778866046,128,,Aggregated,122.000000,0.000000,80,87,120,170,590,1200,2200,3400,5200,6100,6400,214830,0,80,257.6130581513776,65.73403099991992,6440.223383000102,13.0
1778866047,127,,Aggregated,121.300000,0.000000,80,87,120,170,590,1200,2200,3400,5200,6100,6400,214944,0,80,257.51928927515763,65.73403099991992,6440.223383000102,13.0
1778866048,126,,Aggregated,121.200000,0.000000,80,87,120,170,580,1200,2200,3400,5200,6100,6400,215061,0,80,257.4343506946562,65.73403099991992,6440.223383000102,13.0
1778866049,126,,Aggregated,120.800000,0.000000,80,87,120,170,580,1200,2200,3400,5200,6100,6400,215179,0,80,257.3412565440516,65.73403099991992,6440.223383000102,13.0
1778866050,125,,Aggregated,119.200000,0.000000,80,87,120,170,580,1200,2200,3400,5200,6100,6400,215293,0,80,257.2508526265574,65.73403099991992,6440.223383000102,13.0
1778866051,124,,Aggregated,119.100000,0.000000,80,87,120,170,580,1200,2200,3400,5200,6100,6400,215406,0,80,257.16027584927735,65.73403099991992,6440.223383000102,13.0
1778866052,123,,Aggregated,117.900000,0.000000,80,87,120,170,580,1200,2200,3400,5200,6100,6400,215521,0,80,257.06607245282095,65.73403099991992,6440.223383000102,13.0
1778866053,123,,Aggregated,117.500000,0.000000,80,87,120,170,580,1200,2200,3400,5200,6100,6400,215635,0,80,256.9781573663897,65.73403099991992,6440.223383000102,13.0
1778866054,122,,Aggregated,116.600000,0.000000,80,87,120,170,580,1200,2200,3400,5200,6100,6400,215749,0,80,256.8856470869641,65.73403099991992,6440.223383000102,13.0
1778866055,121,,Aggregated,115.900000,0.000000,80,87,120,170,580,1200,2200,3400,5200,6100,6400,215861,0,80,256.7938672779307,65.73403099991992,6440.223383000102,13.0
1778866056,120,,Aggregated,115.700000,0.000000,80,87,120,170,580,1200,2200,3400,5200,6100,6400,215973,0,80,256.7017304673101,65.73403099991992,6440.223383000102,13.0
1778866057,119,,Aggregated,115.200000,0.000000,80,87,120,170,580,1200,2200,3400,5200,6100,6400,216081,0,80,256.61530247083425,65.73403099991992,6440.223383000102,13.0
1778866058,119,,Aggregated,114.200000,0.000000,80,87,120,170,580,1100,2200,3400,5200,6100,6400,216185,0,80,256.535469783474,65.73403099991992,6440.223383000102,13.0
1778866059,118,,Aggregated,113.500000,0.000000,80,87,120,170,580,1100,2200,3400,5200,6100,6400,216296,0,80,256.4538234285991,65.73403099991992,6440.223383000102,13.0
1778866060,117,,Aggregated,113.400000,0.000000,80,87,120,170,580,1100,2200,3400,5200,6100,6400,216407,0,80,256.36462615434925,65.73403099991992,6440.223383000102,13.0
1778866061,116,,Aggregated,112.100000,0.000000,80,87,120,170,580,1100,2200,3400,5200,6100,6400,216515,0,80,256.2783107270227,65.73403099991992,6440.223383000102,13.0
1778866062,115,,Aggregated,111.700000,0.000000,80,87,120,170,580,1100,2200,3400,5200,6100,6400,216624,0,80,256.1910699536306,65.73403099991992,6440.223383000102,13.0
1778866063,115,,Aggregated,111.200000,0.000000,80,87,120,170,580,1100,2200,3400,5200,6100,6400,216727,0,80,256.10768513703545,65.73403099991992,6440.223383000102,13.0
1778866064,114,,Aggregated,110.200000,0.000000,80,87,120,170,580,1100,2200,3400,5200,6100,6400,216830,0,80,256.034208218495,65.73403099991992,6440.223383000102,13.0
1778866065,113,,Aggregated,109.100000,0.000000,80,87,120,170,580,1100,2200,3400,5200,6100,6400,216932,0,80,255.9588349018737,65.73403099991992,6440.223383000102,13.0
1778866066,112,,Aggregated,107.800000,0.000000,80,87,120,170,580,1100,2200,3400,5200,6100,6400,217031,0,80,255.89264485906762,65.73403099991992,6440.223383000102,13.0
1778866067,111,,Aggregated,107.300000,0.000000,80,87,120,170,580,1100,2200,3400,5200,6100,6400,217134,0,80,255.8252156365669,65.73403099991992,6440.223383000102,13.0
1778866068,110,,Aggregated,106.600000,0.000000,80,87,120,170,580,1100,2200,3400,5200,6100,6400,217233,0,80,255.7499463180701,65.73403099991992,6440.223383000102,13.0
1778866069,109,,Aggregated,105.400000,0.000000,80,87,120,170,580,1100,2200,3400,5200,6100,6400,217333,0,80,255.67757233733627,65.73403099991992,6440.223383000102,13.0
1778866070,109,,Aggregated,104.700000,0.000000,80,87,120,170,580,1100,2200,3400,5200,6100,6400,217434,0,80,255.59514588826178,65.73403099991992,6440.223383000102,13.0
1778866071,108,,Aggregated,103.900000,0.000000,80,87,120,170,580,1100,2200,3400,5200,6100,6400,217537,0,80,255.51308933731437,65.73403099991992,6440.223383000102,13.0
1778866072,107,,Aggregated,102.900000,0.000000,80,87,120,170,580,1100,2200,3400,5200,6100,6400,217635,0,80,255.43342260194058,65.73403099991992,6440.223383000102,13.0
1778866073,106,,Aggregated,101.900000,0.000000,80,87,120,170,580,1100,2200,3400,5200,6100,6400,217734,0,80,255.35220818939774,65.73403099991992,6440.223383000102,13.0
1778866074,105,,Aggregated,101.500000,0.000000,80,87,120,170,580,1100,2200,3400,5200,6100,6400,217832,0,80,255.27334335610163,65.73403099991992,6440.223383000102,13.0
1778866075,104,,Aggregated,100.900000,0.000000,80,87,120,170,580,1100,2200,3400,5200,6100,6400,217931,0,80,255.19293206484772,65.73403099991992,6440.223383000102,13.0
1778866076,103,,Aggregated,100.400000,0.000000,80,87,120,170,580,1100,2200,3400,5200,6100,6400,218024,0,80,255.1208693575401,65.73403099991992,6440.223383000102,13.0
1778866077,102,,Aggregated,99.300000,0.000000,80,87,120,170,580,1100,2200,3400,5200,6100,6400,218119,0,80,255.04475410063915,65.73403099991992,6440.223383000102,13.0
1778866078,102,,Aggregated,98.300000,0.000000,80,87,120,170,580,1100,2200,3400,5200,6100,6400,218210,0,80,254.97091320926765,65.73403099991992,6440.223383000102,13.0
1778866079,101,,Aggregated,98.200000,0.000000,80,87,120,170,570,1100,2200,3400,5200,6100,6400,218302,0,80,254.89662610644112,65.73403099991992,6440.223383000102,13.0
1778866080,100,,Aggregated,97.400000,0.000000,80,87,120,170,570,1100,2200,3400,5200,6100,6400,218399,0,80,254.81902664835602,65.73403099991992,6440.223383000102,13.0
1778866081,99,,Aggregated,97.200000,0.000000,80,87,120,170,570,1100,2200,3400,5200,6100,6400,218490,0,80,254.74512249418876,65.73403099991992,6440.223383000102,13.0
1778866082,98,,Aggregated,96.500000,0.000000,80,87,120,170,570,1100,2200,3400,5200,6100,6400,218580,0,80,254.6726524535835,65.73403099991992,6440.223383000102,13.0
1778866083,97,,Aggregated,96.100000,0.000000,80,87,120,170,570,1100,2200,3400,5200,6100,6400,218668,0,80,254.60170134973242,65.73403099991992,6440.223383000102,13.0
1778866084,96,,Aggregated,95.000000,0.000000,80,87,120,170,570,1100,2200,3400,5200,6100,6400,218760,0,80,254.53035540551878,65.73403099991992,6440.223383000102,13.0
1778866085,95,,Aggregated,94.000000,0.000000,80,87,120,170,570,1100,2200,3400,5200,6100,6400,218850,0,80,254.46258450571756,65.73403099991992,6440.223383000102,13.0
1778866086,95,,Aggregated,92.900000,0.000000,80,87,120,170,570,1100,2200,3400,5200,6100,6400,218939,0,80,254.39057340707367,65.73403099991992,6440.223383000102,13.0
1778866087,94,,Aggregated,92.700000,0.000000,80,87,120,170,570,1100,2200,3400,5200,6100,6400,219026,0,80,254.32041391547267,65.73403099991992,6440.223383000102,13.0
1778866088,93,,Aggregated,91.900000,0.000000,80,87,120,170,570,1100,2200,3400,5200,6100,6400,219112,0,80,254.25193666924832,65.73403099991992,6440.223383000102,13.0
1778866089,92,,Aggregated,90.900000,0.000000,80,87,120,170,570,1100,2200,3400,5200,6100,6400,219190,0,80,254.19073257441187,65.73403099991992,6440.223383000102,13.0
1778866090,91,,Aggregated,89.900000,0.000000,80,87,120,170,570,1100,2200,3400,5200,6100,6400,219276,0,80,254.12592079056677,65.73403099991992,6440.223383000102,13.0
1778866091,90,,Aggregated,89.100000,0.000000,80,87,120,170,570,1100,2200,3400,5200,6100,6400,219360,0,80,254.06099648085944,65.73403099991992,6440.223383000102,13.0
1778866092,89,,Aggregated,88.200000,0.000000,80,87,120,170,570,1100,2200,3400,5200,6100,6400,219443,0,80,253.99701472171975,65.73403099991992,6440.223383000102,13.0
1778866093,89,,Aggregated,87.300000,0.000000,80,87,120,170,570,1100,2200,3400,5200,6100,6400,219527,0,80,253.93048912225996,65.73403099991992,6440.223383000102,13.0
1778866094,88,,Aggregated,86.400000,0.000000,80,87,120,170,570,1100,2200,3400,5200,6100,6400,219612,0,80,253.8629922433991,65.73403099991992,6440.223383000102,13.0
1778866095,87,,Aggregated,85.800000,0.000000,80,87,120,170,570,1100,2200,3400,5200,6100,6400,219690,0,80,253.8013805663178,65.73403099991992,6440.223383000102,13.0
1778866096,86,,Aggregated,85.200000,0.000000,80,87,120,170,570,1100,2200,3400,5200,6100,6400,219768,0,80,253.7393756207287,65.73403099991992,6440.223383000102,13.0
1778866097,85,,Aggregated,84.100000,0.000000,80,87,120,170,570,1100,2200,3400,5200,6100,6400,219846,0,80,253.67693187328544,65.73403099991992,6440.223383000102,13.0
1778866098,84,,Aggregated,83.600000,0.000000,80,87,120,170,570,1100,2200,3400,5200,6100,6400,219929,0,80,253.6111357955535,65.73403099991992,6440.223383000102,13.0
1778866099,84,,Aggregated,82.800000,0.000000,80,87,120,170,570,1100,2200,3400,5200,6100,6400,220006,0,80,253.55133127772552,65.73403099991992,6440.223383000102,13.0
1778866100,83,,Aggregated,82.100000,0.000000,80,87,120,170,570,1100,2200,3400,5200,6100,6400,220080,0,80,253.4922879009329,65.73403099991992,6440.223383000102,13.0
1778866101,82,,Aggregated,81.200000,0.000000,80,87,120,170,570,1100,2200,3400,5200,6100,6400,220156,0,80,253.4329361433726,65.73403099991992,6440.223383000102,13.0
1778866102,81,,Aggregated,80.400000,0.000000,80,87,120,170,570,1100,2200,3400,5200,6100,6400,220232,0,80,253.3718933456235,65.73403099991992,6440.223383000102,13.0
1778866103,80,,Aggregated,79.500000,0.000000,80,87,120,170,570,1100,2200,3400,5200,6100,6400,220301,0,80,253.31691384056515,65.73403099991992,6440.223383000102,13.0
1778866104,79,,Aggregated,79.400000,0.000000,80,87,120,170,570,1100,2200,3400,5200,6100,6400,220376,0,80,253.256957058683,65.73403099991992,6440.223383000102,13.0
1778866105,79,,Aggregated,78.500000,0.000000,80,87,120,170,570,1100,2200,3400,5200,6100,6400,220454,0,80,253.19513079558712,65.73403099991992,6440.223383000102,13.0
1778866106,78,,Aggregated,77.600000,0.000000,80,87,110,170,570,1100,2200,3400,5200,6100,6400,220525,0,80,253.13863812766064,65.73403099991992,6440.223383000102,13.0
1778866107,77,,Aggregated,76.500000,0.000000,80,86,110,170,570,1100,2200,3400,5200,6100,6400,220599,0,80,253.08061702817042,65.73403099991992,6440.223383000102,13.0
1778866108,76,,Aggregated,75.700000,0.000000,80,86,110,170,570,1100,2200,3400,5200,6100,6400,220669,0,80,253.02587078595252,65.73403099991992,6440.223383000102,13.0
1778866109,76,,Aggregated,74.800000,0.000000,80,86,110,170,570,1100,2200,3400,5200,6100,6400,220739,0,80,252.97061419267268,65.73403099991992,6440.223383000102,13.0
1778866110,75,,Aggregated,74.300000,0.000000,80,86,110,170,570,1100,2200,3400,5200,6100,6400,220807,0,80,252.91825182808688,65.73403099991992,6440.223383000102,13.0
1778866111,74,,Aggregated,73.600000,0.000000,80,86,110,170,570,1100,2200,3400,5200,6100,6400,220875,0,80,252.86492339023613,65.73403099991992,6440.223383000102,13.0
1778866112,73,,Aggregated,72.700000,0.000000,80,86,110,170,570,1100,2200,3400,5200,6100,6400,220942,0,80,252.81242886393002,65.73403099991992,6440.223383000102,13.0
1778866113,73,,Aggregated,72.400000,0.000000,80,86,110,170,570,1100,2200,3400,5200,6100,6400,221011,0,80,252.75963358232144,65.73403099991992,6440.223383000102,13.0
1778866114,72,,Aggregated,71.700000,0.000000,80,86,110,170,570,1100,2200,3400,5200,6100,6400,221079,0,80,252.70673818206367,65.73403099991992,6440.223383000102,13.0
1778866115,71,,Aggregated,70.600000,0.000000,80,86,110,170,570,1100,2200,3400,5200,6100,6400,221144,0,80,252.6570437107878,65.73403099991992,6440.223383000102,13.0
1778866116,70,,Aggregated,70.100000,0.000000,80,86,110,170,570,1100,2200,3400,5200,6100,6400,221208,0,80,252.60677997343421,65.73403099991992,6440.223383000102,13.0
1778866117,70,,Aggregated,69.600000,0.000000,80,86,110,170,570,1100,2200,3400,5200,6100,6400,221271,0,80,252.55691564874493,65.73403099991992,6440.223383000102,13.0
1778866118,69,,Aggregated,69.000000,0.000000,80,86,110,170,570,1100,2200,3400,5200,6100,6400,221338,0,80,252.50423134888018,65.73403099991992,6440.223383000102,13.0
1778866119,68,,Aggregated,68.500000,0.000000,80,86,110,170,560,1100,2200,3400,5200,6100,6400,221405,0,80,252.4515641622612,65.73403099991992,6440.223383000102,13.0
1778866120,68,,Aggregated,67.500000,0.000000,80,86,110,170,560,1100,2200,3400,5200,6100,6400,221465,0,80,252.40496260198418,65.73403099991992,6440.223383000102,13.0
1778866121,67,,Aggregated,66.600000,0.000000,80,86,110,170,560,1100,2200,3400,5200,6100,6400,221530,0,80,252.35471062209362,65.73403099991992,6440.223383000102,13.0
1778866122,66,,Aggregated,66.100000,0.000000,80,86,110,170,560,1100,2200,3400,5200,6100,6400,221590,0,80,252.30868011750266,65.73403099991992,6440.223383000102,13.0
1778866123,66,,Aggregated,64.900000,0.000000,80,86,110,160,560,1100,2200,3400,5200,6100,6400,221649,0,80,252.26315927986792,65.73403099991992,6440.223383000102,13.0
1778866124,65,,Aggregated,64.400000,0.000000,80,86,110,160,560,1100,2200,3400,5200,6100,6400,221708,0,80,252.21951360779676,65.73403099991992,6440.223383000102,13.0
1778866125,64,,Aggregated,64.200000,0.000000,80,86,110,160,560,1100,2200,3400,5200,6100,6400,221766,0,80,252.17471562057935,65.73403099991992,6440.223383000102,13.0
1778866126,64,,Aggregated,63.800000,0.000000,80,86,110,160,560,1100,2200,3400,5200,6100,6400,221825,0,80,252.12913021220058,65.73403099991992,6440.223383000102,13.0
1778866127,63,,Aggregated,62.900000,0.000000,80,86,110,160,560,1100,2200,3400,5200,6100,6400,221882,0,80,252.08567988851914,65.73403099991992,6440.223383000102,13.0
1778866128,63,,Aggregated,61.800000,0.000000,80,86,110,160,560,1100,2200,3400,5200,6100,6400,221939,0,80,252.04160539860675,65.73403099991992,6440.223383000102,13.0
1778866129,62,,Aggregated,61.400000,0.000000,80,86,110,160,560,1100,2200,3400,5200,6100,6400,222000,0,80,251.9948408366865,65.73403099991992,6440.223383000102,13.0
1778866130,61,,Aggregated,60.900000,0.000000,80,86,110,160,560,1100,2200,3400,5200,6100,6400,222055,0,80,251.9521586050277,65.73403099991992,6440.223383000102,13.0
1778866131,61,,Aggregated,60.300000,0.000000,80,86,110,160,560,1100,2200,3400,5200,6100,6400,222112,0,80,251.9084105153275,65.73403099991992,6440.223383000102,13.0
1778866132,60,,Aggregated,59.700000,0.000000,80,86,110,160,560,1100,2200,3400,5200,6100,6400,222171,0,80,251.8632878083116,65.73403099991992,6440.223383000102,13.0
1778866133,60,,Aggregated,59.200000,0.000000,80,86,110,160,560,1100,2200,3400,5200,6100,6400,222224,0,80,251.8229664866818,65.73403099991992,6440.223383000102,13.0
1778866134,59,,Aggregated,58.200000,0.000000,80,86,110,160,560,1100,2200,3400,5200,6100,6400,222282,0,80,251.77860719126792,65.73403099991992,6440.223383000102,13.0
1778866135,59,,Aggregated,57.400000,0.000000,80,86,110,160,560,1100,2200,3400,5200,6100,6400,222334,0,80,251.74257911286807,65.73403099991992,6440.223383000102,13.0
1778866136,58,,Aggregated,56.900000,0.000000,80,86,110,160,560,1100,2200,3400,5200,6100,6400,222388,0,80,251.70413339155172,65.73403099991992,6440.223383000102,13.0
1778866137,58,,Aggregated,56.900000,0.000000,80,86,110,160,560,1100,2200,3400,5200,6100,6400,222441,0,80,251.6639684527556,65.73403099991992,6440.223383000102,13.0
1778866138,57,,Aggregated,56.700000,0.000000,80,86,110,160,560,1100,2200,3400,5200,6100,6400,222492,0,80,251.62400445675524,65.73403099991992,6440.223383000102,13.0
1778866139,57,,Aggregated,56.100000,0.000000,80,86,110,160,560,1100,2200,3400,5200,6100,6400,222546,0,80,251.5824289547347,65.73403099991992,6440.223383000102,13.0
1778866140,56,,Aggregated,55.300000,0.000000,80,86,110,160,560,1100,2200,3400,5200,6100,6400,222599,0,80,251.54168333549282,65.73403099991992,6440.223383000102,13.0
1778866141,56,,Aggregated,55.000000,0.000000,80,86,110,160,560,1100,2200,3400,5200,6100,6400,222648,0,80,251.50396592727694,65.73403099991992,6440.223383000102,13.0
1778866142,55,,Aggregated,54.400000,0.000000,80,86,110,160,560,1100,2200,3400,5200,6100,6400,222697,0,80,251.4666300197908,65.73403099991992,6440.223383000102,13.0
1778866143,55,,Aggregated,53.800000,0.000000,80,86,110,160,560,1100,2200,3400,5200,6100,6400,222748,0,80,251.42763415998957,65.73403099991992,6440.223383000102,13.0
1778866144,55,,Aggregated,53.800000,0.000000,80,86,110,160,560,1100,2200,3400,5200,6100,6400,222802,0,80,251.3869177872925,65.73403099991992,6440.223383000102,13.0
1778866145,54,,Aggregated,53.400000,0.000000,80,86,110,160,560,1100,2200,3400,5200,6100,6400,222853,0,80,251.34719036664237,65.73403099991992,6440.223383000102,13.0
1778866146,54,,Aggregated,52.500000,0.000000,80,86,110,160,560,1100,2200,3400,5200,6100,6400,222906,0,80,251.30603544084212,65.73403099991992,6440.223383000102,13.0
1778866147,54,,Aggregated,51.500000,0.000000,80,86,110,160,560,1100,2200,3400,5200,6100,6400,222954,0,80,251.26894111054904,65.73403099991992,6440.223383000102,13.0
1778866148,53,,Aggregated,51.200000,0.000000,80,86,110,160,560,1100,2200,3400,5200,6100,6400,223006,0,80,251.22939926850557,65.73403099991992,6440.223383000102,13.0
1778866149,53,,Aggregated,51.000000,0.000000,80,86,110,160,560,1100,2200,3400,5200,6100,6400,223051,0,80,251.19433761773035,65.73403099991992,6440.223383000102,13.0
1778866150,53,,Aggregated,51.000000,0.000000,80,86,110,160,560,1100,2200,3400,5200,6100,6400,223103,0,80,251.15441281718032,65.73403099991992,6440.223383000102,13.0
1778866151,52,,Aggregated,50.700000,0.000000,80,86,110,160,560,1100,2200,3400,5200,6100,6400,223143,0,80,251.12691959545856,65.73403099991992,6440.223383000102,13.0
1778866152,52,,Aggregated,50.300000,0.000000,80,86,110,160,560,1100,2200,3400,5200,6100,6400,223193,0,80,251.0982327883062,65.73403099991992,6440.223383000102,13.0
1778866153,52,,Aggregated,50.500000,0.000000,80,86,110,160,560,1100,2200,3400,5200,6100,6400,223240,0,80,251.0617919720679,65.73403099991992,6440.223383000102,13.0
1778866154,51,,Aggregated,49.300000,0.000000,80,86,110,160,560,1100,2200,3400,5200,6100,6400,223289,0,80,251.0255382018121,65.73403099991992,6440.223383000102,13.0
1778866155,51,,Aggregated,48.800000,0.000000,80,86,110,160,560,1100,2200,3400,5200,6100,6400,223336,0,80,250.98928933880975,65.73403099991992,6440.223383000102,13.0
1778866156,51,,Aggregated,48.700000,0.000000,80,86,110,160,560,1100,2200,3400,5200,6100,6400,223384,0,80,250.95263162493916,65.73403099991992,6440.223383000102,13.0
1778866157,51,,Aggregated,48.600000,0.000000,80,86,110,160,560,1100,2200,3400,5200,6100,6400,223434,0,80,250.9148648241869,65.73403099991992,6440.223383000102,13.0
1778866158,51,,Aggregated,48.200000,0.000000,80,86,110,160,560,1100,2200,3400,5200,6100,6400,223471,0,80,250.89289013032294,65.73403099991992,6440.223383000102,13.0
1778866159,50,,Aggregated,47.700000,0.000000,80,86,110,160,560,1100,2200,3400,5200,6100,6400,223517,0,80,250.9099369007744,65.73403099991992,6440.223383000102,13.0
1778866160,50,,Aggregated,47.600000,0.000000,80,86,110,160,560,1100,2200,3400,5200,6100,6400,223558,0,80,250.8816681250475,65.73403099991992,6440.223383000102,13.0
1778866161,50,,Aggregated,46.200000,0.000000,80,86,110,160,560,1100,2200,3400,5200,6100,6400,223601,0,80,250.85454919670022,65.73403099991992,6440.223383000102,13.0
1778866162,50,,Aggregated,46.100000,0.000000,80,86,110,160,560,1100,2200,3400,5200,6100,6400,223631,0,80,250.87021978392258,65.73403099991992,6440.223383000102,13.0
1778866163,50,,Aggregated,45.500000,0.000000,80,86,110,160,560,1100,2200,3400,5200,6100,6400,223667,0,80,250.9157305211112,65.73403099991992,6440.223383000102,13.0
1778866164,50,,Aggregated,45.000000,0.000000,80,86,110,160,560,1100,2200,3400,5200,6100,6400,223713,0,80,250.9079993258432,65.73403099991992,6440.223383000102,13.0
1778866165,50,,Aggregated,43.300000,0.000000,80,86,110,160,560,1100,2200,3400,5200,6100,6400,223757,0,80,250.87910651563243,65.73403099991992,6440.223383000102,13.0
1778866166,50,,Aggregated,42.500000,0.000000,80,86,110,160,560,1100,2200,3400,5200,6100,6400,223803,0,80,250.8446749878168,65.73403099991992,6440.223383000102,13.0
1778866167,50,,Aggregated,42.500000,0.000000,80,86,110,160,560,1100,2200,3400,5200,6100,6400,223853,0,80,250.805898075694,65.73403099991992,6440.223383000102,13.0
1778866168,50,,Aggregated,42.500000,0.000000,80,86,110,160,560,1100,2200,3400,5200,6100,6400,223902,0,80,250.7681175190366,65.73403099991992,6440.223383000102,13.0
1778866169,50,,Aggregated,42.100000,0.000000,80,86,110,160,560,1100,2200,3400,5200,6100,6400,223951,0,80,250.7324124254786,65.73403099991992,6440.223383000102,13.0
1778866170,50,,Aggregated,41.600000,0.000000,80,86,110,160,560,1100,2200,3400,5200,6100,6400,223995,0,80,250.7013868233101,65.73403099991992,6440.223383000102,13.0
1778866171,50,,Aggregated,42.900000,0.000000,80,86,110,160,560,1100,2100,3400,5200,6100,6400,224039,0,80,250.66792767555802,65.73403099991992,6440.223383000102,13.0
1778866172,50,,Aggregated,43.200000,0.000000,80,86,110,160,560,1100,2100,3400,5200,6100,6400,224084,0,80,250.63425351116692,65.73403099991992,6440.223383000102,13.0
1778866173,50,,Aggregated,43.500000,0.000000,80,86,110,160,560,1100,2100,3400,5200,6100,6400,224129,0,80,250.59949204023278,65.73403099991992,6440.223383000102,13.0
1778866174,50,,Aggregated,44.100000,0.000000,80,86,110,160,560,1100,2100,3400,5200,6100,6400,224173,0,80,250.56763438287086,65.73403099991992,6440.223383000102,13.0
1778866175,50,,Aggregated,45.800000,0.000000,80,86,110,160,560,1100,2100,3400,5200,6100,6400,224222,0,80,250.54409661706842,65.73403099991992,6440.223383000102,13.0
1778866176,50,,Aggregated,46.400000,0.000000,80,86,110,160,560,1100,2100,3400,5200,6100,6400,224267,0,80,250.5127100252438,65.73403099991992,6440.223383000102,13.0
1778866177,50,,Aggregated,45.900000,0.000000,80,86,110,160,560,1100,2100,3400,5200,6100,6400,224312,0,80,250.47894897369005,65.73403099991992,6440.223383000102,13.0
1778866178,50,,Aggregated,45.900000,0.000000,80,86,110,160,560,1100,2100,3400,5200,6100,6400,224357,0,80,250.4478273976269,65.73403099991992,6440.223383000102,13.0
1778866179,50,,Aggregated,46.400000,0.000000,80,86,110,160,560,1100,2100,3400,5200,6100,6400,224404,0,80,250.4120447293603,65.73403099991992,6440.223383000102,13.0
1778866180,50,,Aggregated,46.000000,0.000000,80,86,110,160,560,1100,2100,3400,5200,6100,6400,224449,0,80,250.37775916434637,65.73403099991992,6440.223383000102,13.0
1778866181,50,,Aggregated,45.500000,0.000000,80,86,110,160,560,1100,2100,3400,5200,6100,6400,224497,0,80,250.3407233220549,65.73403099991992,6440.223383000102,13.0
1778866182,51,,Aggregated,45.500000,0.000000,80,86,110,160,560,1100,2100,3400,5200,6100,6400,224544,0,80,250.30471795915,65.73403099991992,6440.223383000102,13.0
1778866183,51,,Aggregated,45.100000,0.000000,80,86,110,160,560,1100,2100,3400,5200,6100,6400,224590,0,80,250.2698490981539,65.73403099991992,6440.223383000102,13.0
1778866184,51,,Aggregated,45.500000,0.000000,80,86,110,160,560,1100,2100,3400,5200,6100,6400,224641,0,80,250.23101451438254,65.73403099991992,6440.223383000102,13.0
1778866185,51,,Aggregated,45.500000,0.000000,80,86,110,160,560,1100,2100,3400,5200,6100,6400,224689,0,80,250.19503322748957,65.73403099991992,6440.223383000102,13.0
1778866186,51,,Aggregated,45.900000,0.000000,80,86,110,160,560,1100,2100,3400,5200,6100,6400,224735,0,80,250.16081049769025,65.73403099991992,6440.223383000102,13.0
1778866187,52,,Aggregated,46.500000,0.000000,80,86,110,160,560,1100,2100,3400,5200,6100,6400,224784,0,80,250.12385567207372,65.73403099991992,6440.223383000102,13.0
1778866188,52,,Aggregated,46.700000,0.000000,80,86,110,160,550,1100,2100,3400,5200,6100,6400,224833,0,80,250.08712479489407,65.73403099991992,6440.223383000102,13.0
1778866189,52,,Aggregated,46.500000,0.000000,80,86,110,160,550,1100,2100,3400,5200,6100,6400,224880,0,80,250.05244673568316,65.73403099991992,6440.223383000102,13.0
1778866190,52,,Aggregated,47.100000,0.000000,80,86,110,160,550,1100,2100,3400,5200,6100,6400,224926,0,80,250.0177500579987,65.73403099991992,6440.223383000102,13.0
1778866191,53,,Aggregated,47.500000,0.000000,80,86,110,160,550,1100,2100,3400,5200,6100,6400,224977,0,80,249.97935862715926,65.73403099991992,6440.223383000102,13.0
1778866193,53,,Aggregated,47.500000,0.000000,80,86,110,160,550,1100,2100,3400,5200,6100,6400,225025,0,80,249.94282251426915,65.73403099991992,6440.223383000102,13.0
1778866194,53,,Aggregated,47.500000,0.000000,80,86,110,160,550,1100,2100,3400,5200,6100,6400,225075,0,80,249.9050635253422,65.73403099991992,6440.223383000102,13.0
1778866195,54,,Aggregated,47.800000,0.000000,80,86,110,160,550,1100,2100,3400,5200,6100,6400,225124,0,80,249.8676072508813,65.73403099991992,6440.223383000102,13.0
1778866196,54,,Aggregated,48.200000,0.000000,80,86,110,160,550,1100,2100,3400,5200,6100,6400,225175,0,80,249.8297754342685,65.73403099991992,6440.223383000102,13.0
1778866197,55,,Aggregated,48.200000,0.000000,80,86,110,160,550,1100,2100,3400,5200,6100,6400,225227,0,80,249.79022800393565,65.73403099991992,6440.223383000102,13.0
1778866198,55,,Aggregated,48.400000,0.000000,80,86,110,160,550,1100,2100,3400,5200,6100,6400,225278,0,80,249.751600012604,65.73403099991992,6440.223383000102,13.0
1778866199,55,,Aggregated,48.400000,0.000000,80,86,110,160,550,1100,2100,3400,5200,6100,6400,225331,0,80,249.71123524865828,65.73403099991992,6440.223383000102,13.0
1778866200,56,,Aggregated,49.300000,0.000000,80,86,110,160,550,1100,2100,3400,5200,6100,6400,225385,0,80,249.66990996251494,65.73403099991992,6440.223383000102,13.0
1778866201,56,,Aggregated,49.800000,0.000000,80,86,110,160,550,1100,2100,3400,5200,6100,6400,225436,0,80,249.631004228559,65.73403099991992,6440.223383000102,13.0
1778866202,57,,Aggregated,50.400000,0.000000,80,86,110,160,550,1100,2100,3400,5200,6100,6400,225489,0,80,249.59104996426174,65.73403099991992,6440.223383000102,13.0
1778866203,57,,Aggregated,50.700000,0.000000,80,86,110,160,550,1100,2100,3400,5200,6100,6400,225543,0,80,249.54974711549647,65.73403099991992,6440.223383000102,13.0
1778866204,58,,Aggregated,50.900000,0.000000,80,86,110,160,550,1100,2100,3400,5200,6100,6400,225595,0,80,249.50989147612054,65.73403099991992,6440.223383000102,13.0
1778866205,58,,Aggregated,51.600000,0.000000,80,86,110,160,550,1100,2100,3400,5200,6100,6400,225649,0,80,249.4685301418105,65.73403099991992,6440.223383000102,13.0
1778866206,59,,Aggregated,51.800000,0.000000,80,86,110,160,550,1100,2100,3400,5200,6100,6400,225704,0,80,249.42743856339453,65.73403099991992,6440.223383000102,13.0
1778866207,59,,Aggregated,52.300000,0.000000,80,86,110,160,550,1100,2100,3400,5200,6100,6400,225756,0,80,249.38852441897623,65.73403099991992,6440.223383000102,13.0
1778866208,60,,Aggregated,52.800000,0.000000,80,86,110,160,550,1100,2100,3400,5200,6100,6400,225815,0,80,249.3445641633034,65.73403099991992,6440.223383000102,13.0
1778866209,60,,Aggregated,52.800000,0.000000,80,86,110,160,550,1100,2100,3400,5200,6100,6400,225870,0,80,249.30356836356015,65.73403099991992,6440.223383000102,13.0
1778866210,61,,Aggregated,53.500000,0.000000,80,86,110,160,550,1100,2100,3400,5200,6100,6400,225927,0,80,249.26073138520997,65.73403099991992,6440.223383000102,13.0
1778866211,61,,Aggregated,53.600000,0.000000,80,86,110,160,550,1100,2100,3400,5200,6100,6400,225983,0,80,249.21822314750813,65.73403099991992,6440.223383000102,13.0
1778866212,62,,Aggregated,54.000000,0.000000,80,86,110,160,550,1100,2100,3400,5200,6100,6400,226043,0,80,249.17308561557022,65.73403099991992,6440.223383000102,13.0
1778866213,62,,Aggregated,54.800000,0.000000,80,86,110,160,550,1100,2100,3400,5200,6100,6400,226100,0,80,249.12939007696303,65.73403099991992,6440.223383000102,13.0
1778866214,63,,Aggregated,55.400000,0.000000,80,86,110,160,550,1100,2100,3400,5200,6100,6400,226161,0,80,249.08282133971528,65.73403099991992,6440.223383000102,13.0
1778866215,64,,Aggregated,55.800000,0.000000,80,86,110,160,550,1100,2100,3400,5200,6100,6400,226218,0,80,249.03961094714546,65.73403099991992,6440.223383000102,13.0
1778866216,64,,Aggregated,56.200000,0.000000,80,86,110,160,550,1100,2100,3400,5200,6100,6400,226279,0,80,248.99366924444743,65.73403099991992,6440.223383000102,13.0
1778866217,65,,Aggregated,56.800000,0.000000,80,86,110,160,550,1100,2100,3400,5200,6100,6400,226341,0,80,248.94670295439315,65.73403099991992,6440.223383000102,13.0
1778866218,65,,Aggregated,57.400000,0.000000,80,86,110,160,550,1100,2100,3400,5200,6100,6400,226402,0,80,248.9003773674098,65.73403099991992,6440.223383000102,13.0
1778866219,66,,Aggregated,58.100000,0.000000,80,86,110,160,550,1100,2100,3400,5200,6100,6400,226462,0,80,248.8549750002575,65.73403099991992,6440.223383000102,13.0
1778866220,67,,Aggregated,58.400000,0.000000,80,86,110,160,550,1100,2100,3400,5200,6100,6400,226524,0,80,248.80773246789886,65.73403099991992,6440.223383000102,13.0
1778866221,67,,Aggregated,59.000000,0.000000,80,86,110,160,550,1100,2100,3400,5200,6100,6400,226584,0,80,248.7617881627755,65.73403099991992,6440.223383000102,13.0
1778866222,68,,Aggregated,59.200000,0.000000,80,86,110,160,550,1100,2100,3400,5200,6100,6400,226651,0,80,248.71176338180422,65.73403099991992,6440.223383000102,13.0
1778866223,69,,Aggregated,60.100000,0.000000,80,86,110,160,550,1100,2100,3400,5200,6100,6400,226716,0,80,248.6627484018565,65.73403099991992,6440.223383000102,13.0
1778866224,69,,Aggregated,60.600000,0.000000,80,86,110,160,550,1100,2100,3400,5200,6100,6400,226779,0,80,248.61508457760772,65.73403099991992,6440.223383000102,13.0
1778866225,70,,Aggregated,61.100000,0.000000,80,86,110,160,550,1100,2100,3400,5200,6100,6400,226846,0,80,248.56513462968405,65.73403099991992,6440.223383000102,13.0
1778866226,71,,Aggregated,61.900000,0.000000,80,86,110,160,550,1100,2100,3300,5200,6100,6400,226911,0,80,248.51596280373937,65.73403099991992,6440.223383000102,13.0
1778866227,72,,Aggregated,62.000000,0.000000,80,86,110,160,550,1100,2100,3300,5200,6100,6400,226977,0,80,248.465861898511,65.73403099991992,6440.223383000102,13.0
1778866228,72,,Aggregated,62.800000,0.000000,80,86,110,160,550,1100,2100,3300,5200,6100,6400,227045,0,80,248.41542888360163,65.73403099991992,6440.223383000102,13.0
1778866229,73,,Aggregated,63.600000,0.000000,80,86,110,160,550,1100,2100,3300,5200,6100,6400,227113,0,80,248.3643132034289,65.73403099991992,6440.223383000102,13.0
1778866230,74,,Aggregated,64.300000,0.000000,80,86,110,160,550,1100,2100,3300,5200,6100,6400,227186,0,80,248.30952574143805,65.73403099991992,6440.223383000102,13.0
1778866231,75,,Aggregated,65.000000,0.000000,80,86,110,160,550,1100,2100,3300,5200,6100,6400,227254,0,80,248.25959126435333,65.73403099991992,6440.223383000102,13.0
1778866232,75,,Aggregated,65.700000,0.000000,80,86,110,160,550,1100,2100,3300,5200,6100,6400,227323,0,80,248.20788303789033,65.73403099991992,6440.223383000102,13.0
1778866233,76,,Aggregated,66.500000,0.000000,80,86,110,160,550,1100,2100,3300,5200,6100,6400,227394,0,80,248.15500419816416,65.73403099991992,6440.223383000102,13.0
1778866234,77,,Aggregated,67.200000,0.000000,80,86,110,160,550,1100,2100,3300,5200,6100,6400,227466,0,80,248.1013469702872,65.73403099991992,6440.223383000102,13.0
1778866235,78,,Aggregated,67.700000,0.000000,80,86,110,160,550,1100,2100,3300,5200,6100,6400,227532,0,80,248.05216814564702,65.73403099991992,6440.223383000102,13.0
1778866236,78,,Aggregated,68.000000,0.000000,80,86,110,160,550,1100,2100,3300,5200,6100,6400,227610,0,80,247.99434714658992,65.73403099991992,6440.223383000102,13.0
1778866237,79,,Aggregated,69.500000,0.000000,80,86,110,160,550,1100,2100,3300,5200,6100,6400,227687,0,80,247.93756561504316,65.73403099991992,6440.223383000102,13.0
1778866238,80,,Aggregated,69.900000,0.000000,80,86,110,160,550,1100,2100,3300,5200,6100,6400,227760,0,80,247.88571060692544,65.73403099991992,6440.223383000102,13.0
1778866239,81,,Aggregated,70.100000,0.000000,80,86,110,160,550,1100,2100,3300,5200,6100,6400,227832,0,80,247.8329706997978,65.73403099991992,6440.223383000102,13.0
1778866240,82,,Aggregated,70.400000,0.000000,80,86,110,160,550,1100,2100,3300,5200,6100,6400,227906,0,80,247.77891213353453,65.73403099991992,6440.223383000102,13.0
1778866241,82,,Aggregated,71.700000,0.000000,80,86,110,160,550,1100,2100,3300,5200,6100,6400,227987,0,80,247.71872375308828,65.73403099991992,6440.223383000102,13.0
1778866242,83,,Aggregated,72.900000,0.000000,80,86,110,160,550,1100,2100,3300,5200,6100,6400,228066,0,80,247.66188483222982,65.73403099991992,6440.223383000102,13.0
1778866243,84,,Aggregated,73.200000,0.000000,80,86,110,160,540,1100,2100,3300,5200,6100,6400,228142,0,80,247.6072586623081,65.73403099991992,6440.223383000102,13.0
1778866244,85,,Aggregated,73.800000,0.000000,80,86,110,160,540,1100,2100,3300,5200,6100,6400,228224,0,80,247.54706879069363,65.73403099991992,6440.223383000102,13.0
1778866245,86,,Aggregated,74.500000,0.000000,80,86,110,160,540,1100,2100,3300,5200,6100,6400,228302,0,80,247.4890258067353,65.73403099991992,6440.223383000102,13.0
1778866246,87,,Aggregated,75.500000,0.000000,80,86,110,160,540,1100,2100,3300,5200,6100,6400,228383,0,80,247.4320071596453,65.73403099991992,6440.223383000102,13.0
1778866247,87,,Aggregated,75.800000,0.000000,80,86,110,160,540,1100,2100,3300,5200,6100,6400,228463,0,80,247.37431080378133,65.73403099991992,6440.223383000102,13.0
1778866248,88,,Aggregated,76.500000,0.000000,80,86,110,160,540,1100,2100,3300,5200,6100,6400,228545,0,80,247.3143834765902,65.73403099991992,6440.223383000102,13.0
1778866249,89,,Aggregated,77.400000,0.000000,80,86,110,160,540,1100,2100,3300,5200,6100,6400,228624,0,80,247.2570180555859,65.73403099991992,6440.223383000102,13.0
1778866250,90,,Aggregated,79.000000,0.000000,80,86,110,160,540,1100,2100,3300,5200,6100,6400,228711,0,80,247.19431941217204,65.73403099991992,6440.223383000102,13.0
1778866251,91,,Aggregated,79.000000,0.000000,80,86,110,160,540,1100,2100,3300,5200,6100,6400,228796,0,80,247.1326643264886,65.73403099991992,6440.223383000102,13.0
1778866252,92,,Aggregated,79.300000,0.000000,80,86,110,160,540,1100,2100,3300,5200,6100,6400,228878,0,80,247.07289614554173,65.73403099991992,6440.223383000102,13.0
1778866253,93,,Aggregated,79.700000,0.000000,80,86,110,160,540,1100,2100,3300,5200,6100,6400,228967,0,80,247.00869143067914,65.73403099991992,6440.223383000102,13.0
1778866254,94,,Aggregated,81.200000,0.000000,80,86,110,160,540,1100,2100,3300,5200,6100,6400,229055,0,80,246.94510229649336,65.73403099991992,6440.223383000102,13.0
1778866255,94,,Aggregated,82.300000,0.000000,80,86,110,160,540,1100,2100,3300,5200,6100,6400,229147,0,80,246.8787085397378,65.73403099991992,6440.223383000102,13.0
1778866256,95,,Aggregated,83.300000,0.000000,80,86,110,160,540,1100,2100,3300,5200,6100,6400,229235,0,80,246.8155339225,65.73403099991992,6440.223383000102,13.0
1778866257,96,,Aggregated,84.200000,0.000000,80,86,110,160,540,1100,2100,3300,5200,6100,6400,229323,0,80,246.75407375271246,65.73403099991992,6440.223383000102,13.0
1778866258,97,,Aggregated,85.000000,0.000000,80,86,110,160,540,1100,2100,3300,5200,6100,6400,229411,0,80,246.69194584519622,65.73403099991992,6440.223383000102,13.0
1778866259,98,,Aggregated,85.700000,0.000000,80,86,110,160,540,1100,2100,3300,5200,6100,6400,229500,0,80,246.6288877922322,65.73403099991992,6440.223383000102,13.0
1778866260,99,,Aggregated,85.900000,0.000000,80,86,110,160,540,1100,2100,3300,5200,6100,6400,229595,0,80,246.56073984354748,65.73403099991992,6440.223383000102,13.0
1778866261,100,,Aggregated,86.500000,0.000000,80,86,110,160,540,1100,2100,3300,5200,6100,6400,229684,0,80,246.49758115328572,65.73403099991992,6440.223383000102,13.0
1778866262,101,,Aggregated,87.600000,0.000000,80,86,110,160,540,1100,2100,3300,5200,6100,6400,229778,0,80,246.43016286211162,65.73403099991992,6440.223383000102,13.0
1778866263,101,,Aggregated,89.300000,0.000000,80,86,110,160,540,1100,2100,3300,5200,6100,6400,229873,0,80,246.36183538315197,65.73403099991992,6440.223383000102,13.0
1778866264,102,,Aggregated,89.300000,0.000000,80,86,110,160,540,1100,2100,3300,5200,6100,6400,229970,0,80,246.29220882792666,65.73403099991992,6440.223383000102,13.0
1778866265,103,,Aggregated,89.800000,0.000000,80,86,110,160,540,1100,2100,3300,5200,6100,6400,230063,0,80,246.2248747728112,65.73403099991992,6440.223383000102,13.0
1778866266,104,,Aggregated,90.400000,0.000000,80,86,110,160,540,1100,2100,3300,5200,6100,6400,230160,0,80,246.15459927905914,65.73403099991992,6440.223383000102,13.0
1778866267,105,,Aggregated,91.600000,0.000000,80,86,110,160,540,1100,2100,3300,5200,6100,6400,230258,0,80,246.08417862199474,65.73403099991992,6440.223383000102,13.0
1778866268,106,,Aggregated,92.800000,0.000000,80,86,110,160,540,1100,2100,3300,5200,6100,6400,230361,0,80,246.0105266680438,65.73403099991992,6440.223383000102,13.0
1778866269,107,,Aggregated,93.700000,0.000000,80,86,110,160,540,1100,2100,3300,5200,6100,6400,230463,0,80,245.938619745548,65.73403099991992,6440.223383000102,13.0
1778866270,107,,Aggregated,94.800000,0.000000,80,86,110,160,540,1100,2100,3300,5200,6100,6400,230560,0,80,245.8687060536963,65.73403099991992,6440.223383000102,13.0
1778866271,108,,Aggregated,95.900000,0.000000,80,86,110,160,540,1100,2100,3300,5200,6100,6400,230660,0,80,245.79891570643468,65.73403099991992,6440.223383000102,13.0
1778866272,109,,Aggregated,96.200000,0.000000,80,86,110,160,540,1100,2100,3300,5200,6100,6400,230762,0,80,245.72613362148115,65.73403099991992,6440.223383000102,13.0
1778866273,110,,Aggregated,96.400000,0.000000,80,86,110,160,530,1100,2100,3300,5200,6100,6400,230860,0,80,245.6571219691773,65.73403099991992,6440.223383000102,13.0
1778866274,111,,Aggregated,96.600000,0.000000,80,86,110,160,530,1100,2100,3300,5200,6100,6400,230959,0,80,245.58976584966717,65.73403099991992,6440.223383000102,13.0
1778866275,112,,Aggregated,98.200000,0.000000,80,86,110,160,530,1100,2100,3300,5200,6100,6400,231061,0,80,245.51972796389376,65.73403099991992,6440.223383000102,13.0
1778866276,113,,Aggregated,99.000000,0.000000,80,86,110,160,530,1100,2100,3300,5200,6100,6400,231172,0,80,245.44224369932886,65.73403099991992,6440.223383000102,13.0
1778866277,113,,Aggregated,99.100000,0.000000,80,86,110,160,530,1100,2100,3300,5200,6100,6400,231274,0,80,245.37185326785215,65.73403099991992,6440.223383000102,13.0
1778866278,114,,Aggregated,99.700000,0.000000,80,86,110,160,530,1100,2100,3300,5200,6100,6400,231378,0,80,245.29972259392088,65.73403099991992,6440.223383000102,13.0
1778866279,115,,Aggregated,100.900000,0.000000,80,86,110,150,530,1100,2100,3300,5200,6100,6400,231489,0,80,245.2213342508811,65.73403099991992,6440.223383000102,13.0
1778866280,116,,Aggregated,101.500000,0.000000,80,86,110,150,530,1100,2100,3300,5200,6100,6400,231599,0,80,245.14530863353556,65.73403099991992,6440.223383000102,13.0
1778866281,117,,Aggregated,102.700000,0.000000,80,86,110,150,530,1100,2100,3300,5200,6100,6400,231704,0,80,245.0723249436188,65.73403099991992,6440.223383000102,13.0
1778866282,118,,Aggregated,103.800000,0.000000,80,85,110,150,530,1100,2100,3300,5200,6100,6400,231817,0,80,244.99284680114584,65.73403099991992,6440.223383000102,13.0
1778866283,118,,Aggregated,104.500000,0.000000,80,85,110,150,530,1100,2100,3300,5200,6100,6400,231927,0,80,244.91849400853812,65.73403099991992,6440.223383000102,13.0
1778866284,119,,Aggregated,105.700000,0.000000,80,85,110,150,530,1100,2100,3300,5200,6100,6400,232033,0,80,244.8450407966549,65.73403099991992,6440.223383000102,13.0
1778866285,120,,Aggregated,105.800000,0.000000,80,85,110,150,530,1100,2100,3300,5200,6100,6400,232139,0,80,244.77065559554936,65.73403099991992,6440.223383000102,13.0
1778866286,121,,Aggregated,106.400000,0.000000,80,85,110,150,530,1100,2100,3300,5200,6100,6400,232256,0,80,244.6887907037332,65.73403099991992,6440.223383000102,13.0
1778866287,122,,Aggregated,107.500000,0.000000,80,85,110,150,530,1100,2100,3300,5200,6100,6400,232369,0,80,244.60972534136772,65.73403099991992,6440.223383000102,13.0
1778866288,122,,Aggregated,108.600000,0.000000,80,85,110,150,530,1100,2100,3300,5200,6100,6400,232484,0,80,244.53047098437006,65.73403099991992,6440.223383000102,13.0
1778866289,123,,Aggregated,108.700000,0.000000,80,85,110,150,530,1100,2100,3300,5200,6100,6400,232595,0,80,244.45486477065415,65.73403099991992,6440.223383000102,13.0
1778866290,124,,Aggregated,109.300000,0.000000,80,85,110,150,530,1100,2100,3300,5200,6100,6400,232711,0,80,244.37775254679528,65.73403099991992,6440.223383000102,13.0
1778866291,125,,Aggregated,110.100000,0.000000,80,85,110,150,530,1100,2100,3300,5200,6100,6400,232829,0,80,244.29669298459936,65.73403099991992,6440.223383000102,13.0
1778866292,125,,Aggregated,110.600000,0.000000,80,85,110,150,530,1100,2100,3300,5200,6100,6400,232944,0,80,244.2170878613798,65.73403099991992,6440.223383000102,13.0
1778866293,126,,Aggregated,111.300000,0.000000,80,85,110,150,530,1100,2100,3300,5200,6100,6400,233063,0,80,244.1360490063985,65.73403099991992,6440.223383000102,13.0
1778866294,127,,Aggregated,112.100000,0.000000,80,85,110,150,530,1100,2100,3300,5200,6100,6400,233177,0,80,244.0574238860319,65.73403099991992,6440.223383000102,13.0
1778866295,128,,Aggregated,112.900000,0.000000,80,85,110,150,530,1100,2100,3300,5200,6100,6400,233296,0,80,243.97407345597978,65.73403099991992,6440.223383000102,13.0
1778866296,128,,Aggregated,113.700000,0.000000,80,85,110,150,530,1100,2100,3300,5200,6100,6400,233411,0,80,243.89474311492714,65.73403099991992,6440.223383000102,13.0
1778866297,129,,Aggregated,114.700000,0.000000,80,85,110,150,530,1100,2100,3300,5200,6100,6400,233534,0,80,243.809784850404,65.73403099991992,6440.223383000102,13.0
1778866298,130,,Aggregated,114.800000,0.000000,80,85,110,150,520,1100,2100,3300,5200,6100,6400,233653,0,80,243.7290671429267,65.73403099991992,6440.223383000102,13.0
1778866299,130,,Aggregated,116.000000,0.000000,80,85,110,150,520,1100,2100,3300,5200,6100,6400,233776,0,80,243.64551283634898,65.73403099991992,6440.223383000102,13.0
1778866300,131,,Aggregated,116.800000,0.000000,80,85,110,150,520,1100,2100,3300,5200,6100,6400,233898,0,80,243.56112896711522,65.73403099991992,6440.223383000102,13.0
1778866301,132,,Aggregated,117.300000,0.000000,80,85,110,150,520,1100,2100,3300,5200,6100,6400,234021,0,80,243.47704460637442,65.73403099991992,6440.223383000102,13.0
1778866302,132,,Aggregated,118.300000,0.000000,80,85,110,150,520,1100,2100,3300,5200,6100,6400,234144,0,80,243.39240149110552,65.73403099991992,6440.223383000102,13.0
1778866303,133,,Aggregated,118.800000,0.000000,80,85,110,150,520,1100,2100,3300,5200,6100,6400,234269,0,80,243.30646972530056,65.73403099991992,6440.223383000102,13.0
1778866304,134,,Aggregated,119.400000,0.000000,80,85,110,150,520,1100,2100,3300,5200,6100,6400,234394,0,80,243.2195932000922,65.73403099991992,6440.223383000102,13.0
1778866305,134,,Aggregated,119.700000,0.000000,80,85,110,150,520,1100,2100,3300,5200,6100,6400,234517,0,80,243.1341016418784,65.73403099991992,6440.223383000102,13.0
1778866306,135,,Aggregated,120.900000,0.000000,80,85,110,150,520,1100,2100,3300,5200,6100,6400,234640,0,80,243.04969303418594,65.73403099991992,6440.223383000102,13.0
1778866307,136,,Aggregated,120.900000,0.000000,80,85,110,150,520,1100,2100,3300,5200,6100,6400,234765,0,80,242.96485014279534,65.73403099991992,6440.223383000102,13.0
1778866308,136,,Aggregated,121.700000,0.000000,80,85,110,150,520,1100,2100,3300,5200,6100,6400,234891,0,80,242.87858148638438,65.73403099991992,6440.223383000102,13.0
1778866309,137,,Aggregated,122.100000,0.000000,80,85,110,150,520,1100,2100,3300,5200,6100,6400,235014,0,80,242.79967075385846,65.73403099991992,6440.223383000102,13.0
1778866310,137,,Aggregated,123.200000,0.000000,80,85,110,150,520,1100,2100,3300,5200,6100,6400,235142,0,80,242.72348053919882,65.73403099991992,6440.223383000102,13.0
1778866311,138,,Aggregated,123.200000,0.000000,80,85,110,150,520,1100,2100,3300,5200,6100,6400,235257,0,80,242.66505912280743,65.73403099991992,6440.223383000102,13.0
1778866312,139,,Aggregated,123.600000,0.000000,80,85,110,150,520,1100,2100,3300,5200,6100,6400,235376,0,80,242.6294050599608,65.73403099991992,6440.223383000102,13.0
1778866313,139,,Aggregated,123.100000,0.000000,80,85,110,150,520,1100,2100,3300,5200,6100,6400,235497,0,80,242.59423964258696,65.73403099991992,6440.223383000102,13.0
1778866314,140,,Aggregated,123.000000,0.000000,80,85,110,150,520,1100,2100,3300,5200,6100,6400,235615,0,80,242.55381896526242,65.73403099991992,6440.223383000102,13.0
1778866315,140,,Aggregated,123.300000,0.000000,80,85,110,150,520,1100,2100,3300,5200,6100,6400,235731,0,80,242.52550331396083,65.73403099991992,6440.223383000102,13.0
1778866316,141,,Aggregated,122.000000,0.000000,80,85,110,150,520,1100,2100,3300,5200,6100,6400,235860,0,80,242.4893911635771,65.73403099991992,6440.223383000102,13.0
1778866317,141,,Aggregated,121.900000,0.000000,80,85,110,150,520,1100,2100,3300,5200,6100,6400,235992,0,80,242.42475450620913,65.73403099991992,6440.223383000102,13.0
1778866318,142,,Aggregated,121.500000,0.000000,80,85,110,150,520,1100,2100,3300,5200,6100,6400,236114,0,80,242.3479548118127,65.73403099991992,6440.223383000102,13.0
1778866319,142,,Aggregated,121.500000,0.000000,80,85,110,150,520,1100,2100,3300,5200,6100,6400,236236,0,80,242.29391696396556,65.73403099991992,6440.223383000102,13.0
1778866320,143,,Aggregated,121.500000,0.000000,80,85,110,150,520,1100,2100,3300,5200,6100,6400,236349,0,80,242.28908586088102,65.73403099991992,6440.223383000102,13.0
1778866321,143,,Aggregated,121.900000,0.000000,80,85,110,150,520,1100,2100,3300,5200,6100,6400,236466,0,80,242.29025629580732,65.73403099991992,6440.223383000102,13.0
1778866322,143,,Aggregated,120.800000,0.000000,80,85,110,150,520,1100,2100,3300,5200,6100,6400,236596,0,80,242.24858517506374,65.73403099991992,6440.223383000102,13.0
1778866323,144,,Aggregated,121.000000,0.000000,80,85,110,150,520,1100,2100,3300,5200,6100,6400,236727,0,80,242.18500786766373,65.73403099991992,6440.223383000102,13.0
1778866324,144,,Aggregated,121.100000,0.000000,80,85,110,150,520,1100,2100,3300,5200,6100,6400,236860,0,80,242.10088929377045,65.73403099991992,6440.223383000102,13.0
1778866325,145,,Aggregated,121.600000,0.000000,80,85,110,150,520,1100,2100,3300,5200,6100,6400,236992,0,80,242.01362092919797,65.73403099991992,6440.223383000102,13.0
1778866326,145,,Aggregated,123.600000,0.000000,80,85,110,150,520,1100,2100,3300,5200,6100,6400,237124,0,80,241.9319627840771,65.73403099991992,6440.223383000102,13.0
1778866327,145,,Aggregated,125.000000,0.000000,80,85,110,150,520,1100,2100,3300,5200,6100,6400,237257,0,80,241.8433835487742,65.73403099991992,6440.223383000102,13.0
1778866328,146,,Aggregated,126.100000,0.000000,80,85,110,150,520,1100,2100,3300,5200,6100,6400,237392,0,80,241.76000138327126,65.73403099991992,6440.223383000102,13.0
1778866329,146,,Aggregated,126.700000,0.000000,80,85,110,150,520,1100,2100,3300,5200,6100,6400,237523,0,80,241.69176945878294,65.73403099991992,6440.223383000102,13.0
1778866330,146,,Aggregated,127.200000,0.000000,80,85,110,150,510,1100,2100,3300,5200,6100,6400,237660,0,80,241.6206673999852,65.73403099991992,6440.223383000102,13.0
1778866331,147,,Aggregated,127.600000,0.000000,80,85,110,150,510,1100,2100,3300,5200,6100,6400,237792,0,80,241.54084926559136,65.73403099991992,6440.223383000102,13.0
1778866332,147,,Aggregated,128.800000,0.000000,80,85,110,150,510,1100,2100,3300,5200,6100,6400,237928,0,80,241.4504342020843,65.73403099991992,6440.223383000102,13.0
1778866333,147,,Aggregated,130.800000,0.000000,80,85,110,150,510,1100,2000,3300,5200,6100,6400,238063,0,80,241.3611808392339,65.73403099991992,6440.223383000102,13.0
1778866334,147,,Aggregated,131.900000,0.000000,80,85,110,150,510,1100,2000,3300,5200,6100,6400,238194,0,80,241.2766871536419,65.73403099991992,6440.223383000102,13.0
1778866335,148,,Aggregated,132.500000,0.000000,80,85,110,150,510,1100,2000,3300,5200,6100,6400,238330,0,80,241.1896357221817,65.73403099991992,6440.223383000102,13.0
1778866336,148,,Aggregated,133.200000,0.000000,80,85,110,150,510,1100,2000,3300,5200,6100,6400,238465,0,80,241.10119164586638,65.73403099991992,6440.223383000102,13.0
1778866337,148,,Aggregated,133.800000,0.000000,80,85,110,150,510,1100,2000,3300,5200,6100,6400,238601,0,80,241.01424862668435,65.73403099991992,6440.223383000102,13.0
1778866338,148,,Aggregated,134.200000,0.000000,80,85,110,150,510,1100,2000,3300,5200,6100,6400,238740,0,80,240.92796748795965,65.73403099991992,6440.223383000102,13.0
1778866339,148,,Aggregated,134.600000,0.000000,80,85,110,150,510,1100,2000,3300,5200,6100,6400,238876,0,80,240.84425008598365,65.73403099991992,6440.223383000102,13.0
1778866340,149,,Aggregated,133.900000,0.000000,80,85,110,150,510,1100,2000,3300,5200,6100,6400,239017,0,80,240.75990148524355,65.73403099991992,6440.223383000102,13.0
1778866341,149,,Aggregated,134.700000,0.000000,80,85,110,150,510,1100,2000,3300,5200,6100,6400,239154,0,80,240.6710850629781,65.73403099991992,6440.223383000102,13.0
1778866342,149,,Aggregated,135.800000,0.000000,80,85,110,150,510,1100,2000,3300,5200,6100,6400,239282,0,80,240.59067104778234,65.73403099991992,6440.223383000102,13.0
1778866343,149,,Aggregated,135.400000,0.000000,80,85,110,150,510,1100,2000,3300,5200,6100,6400,239420,0,80,240.51276011789528,65.73403099991992,6440.223383000102,13.0
1778866344,149,,Aggregated,135.900000,0.000000,80,85,110,150,510,1100,2000,3300,5200,6100,6400,239560,0,80,240.42405415640144,65.73403099991992,6440.223383000102,13.0
1778866345,149,,Aggregated,136.100000,0.000000,80,85,110,150,510,1100,2000,3300,5200,6100,6400,239699,0,80,240.33981770240808,65.73403099991992,6440.223383000102,13.0
1778866346,149,,Aggregated,135.600000,0.000000,80,85,110,150,510,1100,2000,3300,5200,6100,6400,239831,0,80,240.25770358683613,65.73403099991992,6440.223383000102,13.0
1778866347,149,,Aggregated,135.400000,0.000000,80,85,110,150,510,1100,2000,3300,5200,6100,6400,239964,0,80,240.17685408876952,65.73403099991992,6440.223383000102,13.0
1778866348,149,,Aggregated,135.400000,0.000000,80,85,110,150,510,1100,2000,3300,5200,6100,6400,240105,0,80,240.090619109017,65.73403099991992,6440.223383000102,13.0
1778866349,149,,Aggregated,134.900000,0.000000,80,85,110,150,510,1100,2000,3300,5200,6100,6400,240244,0,80,240.00382760707683,65.73403099991992,6440.223383000102,13.0
1778866350,149,,Aggregated,136.100000,0.000000,80,85,110,150,510,1100,2000,3300,5200,6100,6400,240379,0,80,239.9207099233942,65.73403099991992,6440.223383000102,13.0
1778866351,149,,Aggregated,135.900000,0.000000,80,85,110,150,500,1100,2000,3300,5200,6100,6400,240517,0,80,239.8316353577525,65.73403099991992,6440.223383000102,13.0
1778866352,149,,Aggregated,135.600000,0.000000,80,85,110,150,500,1100,2000,3300,5200,6100,6400,240654,0,80,239.7428110284704,65.73403099991992,6440.223383000102,13.0
1778866353,149,,Aggregated,136.200000,0.000000,80,85,110,150,500,1100,2000,3300,5200,6100,6400,240787,0,80,239.65716034289025,65.73403099991992,6440.223383000102,13.0
1778866354,149,,Aggregated,136.400000,0.000000,80,85,110,150,500,1100,2000,3300,5200,6100,6400,240927,0,80,239.57839923111354,65.73403099991992,6440.223383000102,13.0
1778866355,149,,Aggregated,136.600000,0.000000,80,85,110,150,500,1100,2000,3300,5100,6100,6400,241058,0,80,239.49999685883265,65.73403099991992,6440.223383000102,13.0
1778866356,149,,Aggregated,136.500000,0.000000,80,85,110,150,500,1100,2000,3300,5100,6100,6400,241191,0,80,239.44206186207802,65.73403099991992,6440.223383000102,13.0
1778866357,149,,Aggregated,135.700000,0.000000,80,85,100,150,500,1100,2000,3300,5100,6100,6400,241331,0,80,239.36740957867192,65.73403099991992,6440.223383000102,13.0
1778866358,149,,Aggregated,135.400000,0.000000,80,85,100,150,500,1100,2000,3300,5100,6100,6400,241467,0,80,239.27931779459092,65.73403099991992,6440.223383000102,13.0
1778866359,149,,Aggregated,136.100000,0.000000,80,85,100,150,500,1100,2000,3300,5100,6100,6400,241605,0,80,239.1907383450281,65.73403099991992,6440.223383000102,13.0
1778866360,149,,Aggregated,135.500000,0.000000,80,85,100,150,500,1100,2000,3300,5100,6100,6400,241743,0,80,239.1047253526079,65.73403099991992,6440.223383000102,13.0
1778866361,149,,Aggregated,135.300000,0.000000,80,85,100,150,500,1100,2000,3300,5100,6100,6400,241876,0,80,239.02173662267666,65.73403099991992,6440.223383000102,13.0
1778866362,148,,Aggregated,135.900000,0.000000,80,85,100,150,500,1100,2000,3300,5100,6100,6400,242017,0,80,238.9329569889616,65.73403099991992,6440.223383000102,13.0
1778866363,148,,Aggregated,135.800000,0.000000,80,85,100,150,500,1100,2000,3300,5100,6100,6400,242149,0,80,238.84988756789232,65.73403099991992,6440.223383000102,13.0
1778866364,148,,Aggregated,135.800000,0.000000,80,85,100,150,500,1100,2000,3300,5100,6100,6400,242284,0,80,238.76737334570814,65.73403099991992,6440.223383000102,13.0
1778866365,148,,Aggregated,135.500000,0.000000,80,85,100,150,500,1100,2000,3300,5100,6100,6400,242420,0,80,238.68839603615442,65.73403099991992,6440.223383000102,13.0
1778866366,148,,Aggregated,135.700000,0.000000,80,85,100,150,500,1100,2000,3300,5100,6100,6400,242552,0,80,238.61302249716184,65.73403099991992,6440.223383000102,13.0
1778866367,147,,Aggregated,135.800000,0.000000,80,85,100,150,500,1100,2000,3300,5100,6100,6400,242691,0,80,238.53539506313632,65.73403099991992,6440.223383000102,13.0
1778866368,147,,Aggregated,136.000000,0.000000,80,85,100,150,500,1100,2000,3300,5100,6100,6400,242822,0,80,238.45903100636536,65.73403099991992,6440.223383000102,13.0
1778866369,147,,Aggregated,135.300000,0.000000,80,85,100,150,500,1100,2000,3300,5100,6100,6400,242953,0,80,238.39280525098118,65.73403099991992,6440.223383000102,13.0
1778866370,147,,Aggregated,135.400000,0.000000,80,85,100,150,500,1100,2000,3300,5100,6100,6400,243090,0,80,238.31490765357944,65.73403099991992,6440.223383000102,13.0
1778866371,146,,Aggregated,134.900000,0.000000,80,85,100,150,500,1100,2000,3300,5100,6100,6400,243224,0,80,238.2301685562346,65.73403099991992,6440.223383000102,13.0
1778866372,146,,Aggregated,134.400000,0.000000,80,85,100,150,500,1100,2000,3300,5100,6100,6400,243356,0,80,238.14703338146424,65.73403099991992,6440.223383000102,13.0
1778866373,146,,Aggregated,134.200000,0.000000,80,85,100,150,500,1100,2000,3300,5100,6100,6400,243497,0,80,238.06122195343104,65.73403099991992,6440.223383000102,13.0
1778866374,145,,Aggregated,133.900000,0.000000,80,85,100,150,500,1100,2000,3300,5100,6100,6400,243629,0,80,237.97731594847733,65.73403099991992,6440.223383000102,13.0
1778866375,145,,Aggregated,134.100000,0.000000,80,85,100,150,500,1100,2000,3300,5100,6100,6400,243760,0,80,237.89458413288693,65.73403099991992,6440.223383000102,13.0
1778866376,145,,Aggregated,133.500000,0.000000,80,85,100,150,500,1100,2000,3200,5100,6100,6400,243895,0,80,237.8112774620738,65.73403099991992,6440.223383000102,13.0
1778866377,144,,Aggregated,133.600000,0.000000,80,85,100,150,490,1000,2000,3200,5100,6100,6400,244026,0,80,237.73060571351613,65.73403099991992,6440.223383000102,13.0
1778866378,144,,Aggregated,133.300000,0.000000,80,85,100,150,490,1000,2000,3200,5100,6100,6400,244160,0,80,237.64760436707274,65.73403099991992,6440.223383000102,13.0
1778866379,143,,Aggregated,133.800000,0.000000,80,85,100,150,490,1000,2000,3200,5100,6100,6400,244291,0,80,237.5647348621908,65.73403099991992,6440.223383000102,13.0
1778866380,143,,Aggregated,133.400000,0.000000,80,85,100,150,490,1000,2000,3200,5100,6100,6400,244425,0,80,237.48337026178345,65.73403099991992,6440.223383000102,13.0
1778866381,143,,Aggregated,133.700000,0.000000,80,85,100,150,490,1000,2000,3200,5100,6100,6400,244557,0,80,237.40329418810936,65.73403099991992,6440.223383000102,13.0
1778866382,142,,Aggregated,133.500000,0.000000,80,85,100,150,490,1000,2000,3200,5100,6100,6400,244687,0,80,237.3275571744126,65.73403099991992,6440.223383000102,13.0
1778866383,142,,Aggregated,133.100000,0.000000,80,85,100,150,490,1000,2000,3200,5100,6100,6400,244817,0,80,237.24823434822537,65.73403099991992,6440.223383000102,13.0
1778866384,141,,Aggregated,132.500000,0.000000,80,85,100,150,490,1000,2000,3200,5100,6100,6400,244945,0,80,237.17786643553242,65.73403099991992,6440.223383000102,13.0
1778866385,141,,Aggregated,131.700000,0.000000,80,85,100,150,490,1000,2000,3200,5100,6100,6400,245070,0,80,237.10053884997967,65.73403099991992,6440.223383000102,13.0
1778866386,140,,Aggregated,131.600000,0.000000,80,85,100,150,490,1000,2000,3200,5100,6100,6400,245206,0,80,237.01666335148613,65.73403099991992,6440.223383000102,13.0
1778866387,140,,Aggregated,131.400000,0.000000,80,85,100,150,490,1000,2000,3200,5100,6100,6400,245335,0,80,236.93771895412192,65.73403099991992,6440.223383000102,13.0
1778866388,139,,Aggregated,130.500000,0.000000,80,85,100,140,490,1000,2000,3200,5100,6100,6400,245462,0,80,236.86216928999806,65.73403099991992,6440.223383000102,13.0
1778866389,139,,Aggregated,130.100000,0.000000,80,85,100,140,490,1000,2000,3200,5100,6100,6400,245589,0,80,236.78596357667283,65.73403099991992,6440.223383000102,13.0
1778866390,138,,Aggregated,129.900000,0.000000,80,86,100,140,490,1000,2000,3200,5100,6100,6400,245716,0,80,236.71098010340998,65.73403099991992,6440.223383000102,13.0
1778866391,137,,Aggregated,129.300000,0.000000,80,86,100,140,490,1000,2000,3200,5100,6100,6400,245842,0,80,236.63626201565017,65.73403099991992,6440.223383000102,13.0
1778866392,137,,Aggregated,128.400000,0.000000,80,86,100,140,490,1000,2000,3200,5100,6100,6400,245966,0,80,236.56410088841747,65.73403099991992,6440.223383000102,13.0
1778866393,136,,Aggregated,128.600000,0.000000,80,86,100,140,490,1000,2000,3200,5100,6100,6400,246088,0,80,236.48898160962545,65.73403099991992,6440.223383000102,13.0
1778866394,136,,Aggregated,128.000000,0.000000,80,86,100,140,490,1000,2000,3200,5100,6100,6400,246218,0,80,236.40905083621632,65.73403099991992,6440.223383000102,13.0
1778866395,135,,Aggregated,127.800000,0.000000,80,86,100,140,490,1000,2000,3200,5100,6100,6400,246340,0,80,236.33368232623417,65.73403099991992,6440.223383000102,13.0
1778866396,134,,Aggregated,127.200000,0.000000,80,86,100,140,490,1000,2000,3200,5100,6100,6400,246462,0,80,236.26033378736085,65.73403099991992,6440.223383000102,13.0
1778866397,134,,Aggregated,126.500000,0.000000,80,86,100,140,490,1000,2000,3200,5100,6100,6400,246588,0,80,236.18437106073503,65.73403099991992,6440.223383000102,13.0
1778866398,133,,Aggregated,126.000000,0.000000,80,86,100,140,490,1000,2000,3200,5100,6100,6400,246710,0,80,236.11234249036733,65.73403099991992,6440.223383000102,13.0
1778866399,133,,Aggregated,125.700000,0.000000,80,86,100,140,490,1000,2000,3200,5100,6100,6400,246835,0,80,236.03808707332627,65.73403099991992,6440.223383000102,13.0
1778866400,132,,Aggregated,124.800000,0.000000,80,86,100,140,490,1000,2000,3200,5100,6100,6400,246961,0,80,235.96344316419797,65.73403099991992,6440.223383000102,13.0
1778866401,131,,Aggregated,124.200000,0.000000,80,86,100,140,490,1000,2000,3200,5100,6100,6400,247078,0,80,235.89480680702636,65.73403099991992,6440.223383000102,13.0
1778866402,131,,Aggregated,124.400000,0.000000,80,86,100,140,480,1000,2000,3200,5100,6100,6400,247194,0,80,235.8240232040359,65.73403099991992,6440.223383000102,13.0
1778866403,130,,Aggregated,122.800000,0.000000,80,86,100,140,480,1000,2000,3200,5100,6100,6400,247314,0,80,235.75509339977708,65.73403099991992,6440.223383000102,13.0
1778866404,129,,Aggregated,122.600000,0.000000,80,86,100,140,480,1000,2000,3200,5100,6100,6400,247431,0,80,235.68316120844784,65.73403099991992,6440.223383000102,13.0
1778866405,128,,Aggregated,122.300000,0.000000,80,86,100,140,480,1000,2000,3200,5100,6100,6400,247550,0,80,235.61089630078547,65.73403099991992,6440.223383000102,13.0
1778866406,128,,Aggregated,121.600000,0.000000,80,86,100,140,480,1000,2000,3200,5100,6100,6400,247669,0,80,235.5385016985511,65.73403099991992,6440.223383000102,13.0
1778866407,127,,Aggregated,121.100000,0.000000,80,86,100,140,480,1000,2000,3200,5100,6100,6400,247785,0,80,235.4678048195831,65.73403099991992,6440.223383000102,13.0
1778866408,126,,Aggregated,120.900000,0.000000,80,86,100,140,480,1000,2000,3200,5100,6100,6400,247903,0,80,235.3968337248212,65.73403099991992,6440.223383000102,13.0
1778866409,126,,Aggregated,119.600000,0.000000,80,86,100,140,480,1000,2000,3200,5100,6100,6400,248020,0,80,235.3308467332326,65.73403099991992,6440.223383000102,13.0
1778866410,125,,Aggregated,119.100000,0.000000,80,86,100,140,480,1000,2000,3200,5100,6100,6400,248136,0,80,235.25985886491424,65.73403099991992,6440.223383000102,13.0
1778866411,124,,Aggregated,118.400000,0.000000,80,86,100,140,480,1000,2000,3200,5100,6100,6400,248250,0,80,235.1907897133589,65.73403099991992,6440.223383000102,13.0
1778866412,123,,Aggregated,117.400000,0.000000,80,85,100,140,480,1000,2000,3200,5100,6100,6400,248362,0,80,235.12230970865252,65.73403099991992,6440.223383000102,13.0
1778866413,122,,Aggregated,117.500000,0.000000,80,85,100,140,480,1000,2000,3200,5100,6100,6400,248475,0,80,235.05757948698016,65.73403099991992,6440.223383000102,13.0
1778866414,122,,Aggregated,116.800000,0.000000,80,85,100,140,480,1000,2000,3200,5100,6100,6400,248587,0,80,234.98836911883737,65.73403099991992,6440.223383000102,13.0
1778866415,121,,Aggregated,115.700000,0.000000,80,85,100,140,480,1000,2000,3200,5100,6100,6400,248698,0,80,234.92005566670596,65.73403099991992,6440.223383000102,13.0
1778866416,120,,Aggregated,115.500000,0.000000,80,85,100,140,480,1000,2000,3200,5100,6100,6400,248806,0,80,234.8535516375064,65.73403099991992,6440.223383000102,13.0
1778866417,119,,Aggregated,115.000000,0.000000,80,85,100,140,480,1000,2000,3200,5100,6100,6400,248917,0,80,234.78840720110895,65.73403099991992,6440.223383000102,13.0
1778866418,118,,Aggregated,114.400000,0.000000,80,85,100,140,480,1000,2000,3200,5100,6100,6400,249027,0,80,234.72220701012924,65.73403099991992,6440.223383000102,13.0
1778866419,118,,Aggregated,113.700000,0.000000,80,85,100,140,480,1000,2000,3200,5100,6100,6400,249137,0,80,234.65602299545412,65.73403099991992,6440.223383000102,13.0
1778866420,117,,Aggregated,113.000000,0.000000,80,85,100,140,480,1000,2000,3200,5100,6100,6400,249247,0,80,234.59122106735677,65.73403099991992,6440.223383000102,13.0
1778866421,116,,Aggregated,112.100000,0.000000,80,85,100,140,480,1000,2000,3200,5100,6100,6400,249353,0,80,234.52924622248554,65.73403099991992,6440.223383000102,13.0
1778866422,115,,Aggregated,111.000000,0.000000,80,85,100,140,480,1000,2000,3200,5100,6100,6400,249460,0,80,234.46594360869668,65.73403099991992,6440.223383000102,13.0
1778866423,114,,Aggregated,110.500000,0.000000,80,85,100,140,480,1000,2000,3200,5100,6100,6400,249565,0,80,234.40472412622555,65.73403099991992,6440.223383000102,13.0
1778866424,114,,Aggregated,110.000000,0.000000,80,85,100,140,480,1000,2000,3200,5100,6100,6400,249669,0,80,234.34345873093784,65.73403099991992,6440.223383000102,13.0
1778866425,113,,Aggregated,109.500000,0.000000,80,85,100,140,480,1000,2000,3200,5100,6100,6400,249771,0,80,234.28190623522562,65.73403099991992,6440.223383000102,13.0
1778866426,112,,Aggregated,108.400000,0.000000,80,85,100,140,480,1000,2000,3200,5100,6100,6400,249875,0,80,234.21955521638245,65.73403099991992,6440.223383000102,13.0
1778866427,111,,Aggregated,107.400000,0.000000,80,85,100,140,480,1000,2000,3200,5100,6100,6400,249977,0,80,234.1610503299247,65.73403099991992,6440.223383000102,13.0
1778866428,110,,Aggregated,106.600000,0.000000,80,85,100,140,470,1000,2000,3200,5100,6100,6400,250074,0,80,234.10274456949776,65.73403099991992,6440.223383000102,13.0
1778866429,109,,Aggregated,105.800000,0.000000,80,85,100,140,470,1000,2000,3200,5100,6100,6400,250177,0,80,234.04183890961033,65.73403099991992,6440.223383000102,13.0
1778866430,108,,Aggregated,105.100000,0.000000,80,85,100,140,470,1000,2000,3200,5100,6100,6400,250276,0,80,233.98287771101744,65.73403099991992,6440.223383000102,13.0
1778866431,108,,Aggregated,105.000000,0.000000,80,85,100,140,470,1000,2000,3200,5100,6100,6400,250378,0,80,233.9211072638953,65.73403099991992,6440.223383000102,13.0
1778866432,107,,Aggregated,104.300000,0.000000,80,85,100,140,470,1000,2000,3200,5100,6100,6400,250479,0,80,233.86106494026473,65.73403099991992,6440.223383000102,13.0
1778866433,106,,Aggregated,102.800000,0.000000,80,85,100,140,470,1000,2000,3200,5100,6100,6400,250579,0,80,233.79970137735634,65.73403099991992,6440.223383000102,13.0
1778866434,105,,Aggregated,101.900000,0.000000,80,85,100,140,470,1000,2000,3200,5100,6100,6400,250674,0,80,233.74222748912368,65.73403099991992,6440.223383000102,13.0
1778866435,104,,Aggregated,100.800000,0.000000,80,85,100,140,470,1000,2000,3200,5100,6100,6400,250772,0,80,233.68509445745772,65.73403099991992,6440.223383000102,13.0
1778866436,103,,Aggregated,100.600000,0.000000,80,85,100,140,470,1000,2000,3200,5100,6100,6400,250867,0,80,233.6285047240713,65.73403099991992,6440.223383000102,13.0
1778866437,102,,Aggregated,100.100000,0.000000,80,85,100,140,470,1000,2000,3200,5100,6100,6400,250957,0,80,233.57545171701767,65.73403099991992,6440.223383000102,13.0
1778866438,101,,Aggregated,99.400000,0.000000,80,85,100,140,470,1000,2000,3200,5100,6100,6400,251049,0,80,233.52454265926002,65.73403099991992,6440.223383000102,13.0
1778866439,101,,Aggregated,98.800000,0.000000,80,85,100,140,470,1000,2000,3200,5100,6100,6400,251137,0,80,233.47625719868265,65.73403099991992,6440.223383000102,13.0
1778866440,100,,Aggregated,98.200000,0.000000,80,85,100,140,470,1000,2000,3200,5100,6100,6400,251228,0,80,233.42276819226183,65.73403099991992,6440.223383000102,13.0
1778866441,99,,Aggregated,96.600000,0.000000,80,85,100,140,470,1000,2000,3200,5100,6100,6400,251323,0,80,233.37628709606182,65.73403099991992,6440.223383000102,13.0
1778866442,98,,Aggregated,95.900000,0.000000,80,85,100,140,470,1000,2000,3200,5100,6100,6400,251417,0,80,233.33007149137313,65.73403099991992,6440.223383000102,13.0
1778866443,97,,Aggregated,94.600000,0.000000,80,85,100,140,470,1000,2000,3200,5100,6100,6400,251504,0,80,233.2832203538454,65.73403099991992,6440.223383000102,13.0
1778866444,96,,Aggregated,93.800000,0.000000,80,85,100,140,470,1000,2000,3200,5100,6100,6400,251592,0,80,233.23106005637123,65.73403099991992,6440.223383000102,13.0
1778866445,95,,Aggregated,93.100000,0.000000,80,85,100,140,470,1000,2000,3200,5100,6100,6400,251675,0,80,233.18396427108593,65.73403099991992,6440.223383000102,13.0
1778866446,94,,Aggregated,92.300000,0.000000,80,85,100,140,470,1000,2000,3200,5100,6100,6400,251760,0,80,233.13706794940632,65.73403099991992,6440.223383000102,13.0
1778866447,94,,Aggregated,91.400000,0.000000,80,85,100,140,470,1000,2000,3200,5100,6100,6400,251847,0,80,233.09011137449127,65.73403099991992,6440.223383000102,13.0
1778866448,93,,Aggregated,90.100000,0.000000,80,85,100,140,470,1000,2000,3200,5100,6100,6400,251933,0,80,233.0425256504845,65.73403099991992,6440.223383000102,13.0
1778866449,92,,Aggregated,89.200000,0.000000,80,85,100,140,470,1000,2000,3200,5100,6100,6400,252019,0,80,232.99046284587078,65.73403099991992,6440.223383000102,13.0
1778866450,91,,Aggregated,88.200000,0.000000,80,85,100,140,470,1000,2000,3200,5100,6100,6400,252103,0,80,232.94017854625505,65.73403099991992,6440.223383000102,13.0
1778866451,90,,Aggregated,87.900000,0.000000,80,85,100,140,470,1000,2000,3200,5100,6100,6400,252185,0,80,232.89474577314482,65.73403099991992,6440.223383000102,13.0
1778866452,89,,Aggregated,87.400000,0.000000,80,85,100,140,470,1000,2000,3200,5100,6100,6400,252270,0,80,232.8453124807608,65.73403099991992,6440.223383000102,13.0
1778866453,88,,Aggregated,87.200000,0.000000,80,85,100,140,470,1000,2000,3200,5100,6100,6400,252351,0,80,232.79662854814345,65.73403099991992,6440.223383000102,13.0
1778866454,88,,Aggregated,86.300000,0.000000,80,85,100,140,470,1000,2000,3200,5100,6100,6400,252430,0,80,232.74871340624142,65.73403099991992,6440.223383000102,13.0
1778866455,87,,Aggregated,85.600000,0.000000,80,85,100,140,470,1000,2000,3200,5100,6100,6400,252511,0,80,232.69898468585353,65.73403099991992,6440.223383000102,13.0
1778866456,86,,Aggregated,84.100000,0.000000,80,85,100,140,470,1000,2000,3200,5100,6100,6400,252589,0,80,232.65443172702507,65.73403099991992,6440.223383000102,13.0
1778866457,85,,Aggregated,83.300000,0.000000,80,85,100,140,470,1000,2000,3200,5100,6100,6400,252670,0,80,232.60587942222082,65.73403099991992,6440.223383000102,13.0
1778866458,84,,Aggregated,83.000000,0.000000,80,85,100,140,470,1000,2000,3200,5100,6100,6400,252749,0,80,232.5586532750103,65.73403099991992,6440.223383000102,13.0
1778866459,83,,Aggregated,82.400000,0.000000,80,85,100,140,470,1000,2000,3200,5100,6100,6400,252825,0,80,232.51326141916573,65.73403099991992,6440.223383000102,13.0
1778866460,83,,Aggregated,81.600000,0.000000,80,85,100,140,470,1000,2000,3200,5100,6100,6400,252904,0,80,232.46590975641575,65.73403099991992,6440.223383000102,13.0
1778866461,82,,Aggregated,81.000000,0.000000,80,85,100,140,470,1000,2000,3200,5100,6100,6400,252981,0,80,232.41953325512796,65.73403099991992,6440.223383000102,13.0
1778866462,81,,Aggregated,80.200000,0.000000,80,85,100,140,470,1000,2000,3200,5100,6100,6400,253055,0,80,232.3748513784179,65.73403099991992,6440.223383000102,13.0
1778866463,80,,Aggregated,79.600000,0.000000,80,85,100,140,470,1000,2000,3200,5100,6100,6400,253130,0,80,232.32986653818793,65.73403099991992,6440.223383000102,13.0
1778866464,79,,Aggregated,78.800000,0.000000,80,85,100,140,470,1000,2000,3200,5100,6100,6400,253201,0,80,232.28710328782077,65.73403099991992,6440.223383000102,13.0
1778866465,78,,Aggregated,78.300000,0.000000,80,85,100,140,460,1000,2000,3200,5100,6100,6400,253273,0,80,232.2451842724669,65.73403099991992,6440.223383000102,13.0
1778866466,78,,Aggregated,77.700000,0.000000,80,85,100,140,460,1000,2000,3200,5100,6100,6400,253347,0,80,232.20016747162387,65.73403099991992,6440.223383000102,13.0
1778866467,77,,Aggregated,76.800000,0.000000,80,85,100,140,460,1000,2000,3200,5100,6100,6400,253414,0,80,232.15999848564581,65.73403099991992,6440.223383000102,13.0
1778866468,76,,Aggregated,75.700000,0.000000,80,85,100,140,460,1000,2000,3200,5100,6100,6400,253482,0,80,232.12162890628701,65.73403099991992,6440.223383000102,13.0
1778866469,75,,Aggregated,75.200000,0.000000,80,85,100,140,460,1000,2000,3200,5100,6100,6400,253554,0,80,232.07923666227498,65.73403099991992,6440.223383000102,13.0
1778866470,75,,Aggregated,74.600000,0.000000,80,85,100,140,460,1000,2000,3200,5100,6100,6400,253621,0,80,232.03930365202592,65.73403099991992,6440.223383000102,13.0
1778866471,74,,Aggregated,73.500000,0.000000,80,85,100,140,460,1000,2000,3200,5100,6100,6400,253694,0,80,231.99526785945866,65.73403099991992,6440.223383000102,13.0
1778866472,73,,Aggregated,72.400000,0.000000,80,85,100,140,460,1000,2000,3200,5100,6100,6400,253765,0,80,231.952800046151,65.73403099991992,6440.223383000102,13.0
1778866473,72,,Aggregated,71.800000,0.000000,80,85,100,140,460,1000,2000,3200,5100,6100,6400,253829,0,80,231.9141270785116,65.73403099991992,6440.223383000102,13.0
1778866474,72,,Aggregated,70.900000,0.000000,80,85,100,140,460,1000,2000,3200,5100,6100,6400,253899,0,80,231.87164834728978,65.73403099991992,6440.223383000102,13.0
1778866475,71,,Aggregated,70.300000,0.000000,80,85,100,140,460,1000,2000,3200,5100,6100,6400,253968,0,80,231.83025317876863,65.73403099991992,6440.223383000102,13.0
1778866476,70,,Aggregated,70.000000,0.000000,80,85,100,140,460,1000,2000,3200,5100,6100,6400,254028,0,80,231.7938892283076,65.73403099991992,6440.223383000102,13.0
1778866477,69,,Aggregated,69.100000,0.000000,80,85,100,140,460,1000,2000,3200,5100,6100,6400,254087,0,80,231.75972000213906,65.73403099991992,6440.223383000102,13.0
1778866478,69,,Aggregated,69.000000,0.000000,80,85,100,140,460,1000,2000,3200,5100,6100,6400,254154,0,80,231.7201268185608,65.73403099991992,6440.223383000102,13.0
1778866479,68,,Aggregated,68.400000,0.000000,80,85,100,140,460,1000,2000,3200,5100,6100,6400,254218,0,80,231.68176975724967,65.73403099991992,6440.223383000102,13.0
1778866480,67,,Aggregated,67.200000,0.000000,80,85,100,140,460,1000,2000,3200,5100,6100,6400,254281,0,80,231.64425037293194,65.73403099991992,6440.223383000102,13.0
1778866481,67,,Aggregated,66.400000,0.000000,80,85,100,140,460,1000,2000,3200,5100,6100,6400,254342,0,80,231.60721115872923,65.73403099991992,6440.223383000102,13.0
1778866482,66,,Aggregated,66.300000,0.000000,80,85,100,140,460,1000,2000,3200,5100,6100,6400,254403,0,80,231.57016237429798,65.73403099991992,6440.223383000102,13.0
1778866483,65,,Aggregated,65.400000,0.000000,80,85,100,140,460,1000,2000,3200,5100,6100,6400,254464,0,80,231.53312051106454,65.73403099991992,6440.223383000102,13.0
1778866484,65,,Aggregated,65.000000,0.000000,80,85,100,140,460,1000,2000,3200,5100,6100,6400,254521,0,80,231.4987483944607,65.73403099991992,6440.223383000102,13.0
1778866485,64,,Aggregated,63.800000,0.000000,80,85,100,140,460,1000,2000,3200,5100,6100,6400,254584,0,80,231.46047412217777,65.73403099991992,6440.223383000102,13.0
1778866486,64,,Aggregated,62.900000,0.000000,80,85,100,140,460,1000,2000,3200,5100,6100,6400,254645,0,80,231.42473291288465,65.73403099991992,6440.223383000102,13.0
1778866487,63,,Aggregated,62.500000,0.000000,80,85,100,140,460,1000,2000,3200,5100,6100,6400,254702,0,80,231.39180543546385,65.73403099991992,6440.223383000102,13.0
1778866488,62,,Aggregated,61.500000,0.000000,80,85,100,140,460,1000,2000,3200,5100,6100,6400,254758,0,80,231.36088600110108,65.73403099991992,6440.223383000102,13.0
1778866489,62,,Aggregated,60.900000,0.000000,80,85,100,140,460,1000,2000,3200,5100,6100,6400,254811,0,80,231.3313775612847,65.73403099991992,6440.223383000102,13.0
1778866490,61,,Aggregated,60.700000,0.000000,80,85,100,140,460,1000,2000,3200,5100,6100,6400,254869,0,80,231.30055051226137,65.73403099991992,6440.223383000102,13.0
1778866491,61,,Aggregated,60.600000,0.000000,80,85,100,140,460,1000,2000,3200,5100,6100,6400,254925,0,80,231.26836494042777,65.73403099991992,6440.223383000102,13.0
1778866492,60,,Aggregated,59.100000,0.000000,80,85,100,140,460,1000,2000,3200,5100,6100,6400,254984,0,80,231.23344207690897,65.73403099991992,6440.223383000102,13.0
1778866493,60,,Aggregated,58.600000,0.000000,80,85,100,140,460,1000,2000,3200,5100,6100,6400,255040,0,80,231.20100075844402,65.73403099991992,6440.223383000102,13.0
1778866494,59,,Aggregated,58.100000,0.000000,80,85,100,140,460,1000,2000,3200,5100,6100,6400,255094,0,80,231.17031877858966,65.73403099991992,6440.223383000102,13.0
1778866496,59,,Aggregated,58.000000,0.000000,80,85,100,140,460,1000,2000,3200,5100,6100,6400,255146,0,80,231.1450208352847,65.73403099991992,6440.223383000102,13.0
1778866497,58,,Aggregated,57.400000,0.000000,80,85,100,140,460,1000,2000,3200,5100,6100,6400,255195,0,80,231.11899563293386,65.73403099991992,6440.223383000102,13.0
1778866498,58,,Aggregated,56.800000,0.000000,80,85,100,140,460,1000,2000,3200,5100,6100,6400,255248,0,80,231.09267352229824,65.73403099991992,6440.223383000102,13.0
1778866499,57,,Aggregated,56.200000,0.000000,80,85,100,140,460,1000,2000,3200,5100,6100,6400,255300,0,80,231.06127364087175,65.73403099991992,6440.223383000102,13.0
1778866500,57,,Aggregated,54.600000,0.000000,80,85,100,140,460,1000,2000,3200,5100,6100,6400,255355,0,80,231.02857412741693,65.73403099991992,6440.223383000102,13.0
1778866501,56,,Aggregated,53.900000,0.000000,80,85,100,140,460,1000,2000,3200,5100,6100,6400,255409,0,80,230.9960143143451,65.73403099991992,6440.223383000102,13.0
1778866502,56,,Aggregated,54.200000,0.000000,80,85,100,140,460,1000,2000,3200,5100,6100,6400,255463,0,80,230.96399414043353,65.73403099991992,6440.223383000102,13.0
1778866503,55,,Aggregated,53.900000,0.000000,80,85,100,140,460,1000,2000,3200,5100,6100,6400,255515,0,80,230.9338063631825,65.73403099991992,6440.223383000102,13.0
1778866504,55,,Aggregated,53.500000,0.000000,80,85,100,140,460,1000,2000,3200,5100,6100,6400,255567,0,80,230.90203007735187,65.73403099991992,6440.223383000102,13.0
1778866505,55,,Aggregated,52.800000,0.000000,80,85,100,140,460,1000,2000,3200,5100,6100,6400,255620,0,80,230.86981858031285,65.73403099991992,6440.223383000102,13.0
1778866506,54,,Aggregated,52.600000,0.000000,80,85,100,140,460,1000,2000,3200,5100,6100,6400,255670,0,80,230.83943255444348,65.73403099991992,6440.223383000102,13.0
1778866507,54,,Aggregated,52.300000,0.000000,80,85,100,140,460,1000,2000,3200,5100,6100,6400,255717,0,80,230.81134081843825,65.73403099991992,6440.223383000102,13.0
1778866508,53,,Aggregated,52.000000,0.000000,80,85,100,140,460,1000,2000,3200,5100,6100,6400,255766,0,80,230.78143701394862,65.73403099991992,6440.223383000102,13.0
1778866509,53,,Aggregated,52.000000,0.000000,80,85,100,140,460,1000,2000,3200,5100,6100,6400,255816,0,80,230.7517077743675,65.73403099991992,6440.223383000102,13.0
1778866510,53,,Aggregated,51.500000,0.000000,80,85,100,140,460,1000,2000,3200,5100,6100,6400,255863,0,80,230.723353286984,65.73403099991992,6440.223383000102,13.0
1778866511,53,,Aggregated,51.000000,0.000000,80,85,100,140,460,1000,2000,3200,5100,6100,6400,255913,0,80,230.69293730243328,65.73403099991992,6440.223383000102,13.0
1778866512,52,,Aggregated,50.700000,0.000000,80,85,100,140,460,1000,2000,3200,5100,6100,6400,255959,0,80,230.66494327528474,65.73403099991992,6440.223383000102,13.0
1778866513,52,,Aggregated,50.100000,0.000000,80,85,100,140,460,1000,2000,3200,5100,6100,6400,256009,0,80,230.63481697826492,65.73403099991992,6440.223383000102,13.0
1778866514,52,,Aggregated,49.700000,0.000000,80,85,100,140,460,1000,2000,3200,5100,6100,6400,256057,0,80,230.6059024373777,65.73403099991992,6440.223383000102,13.0
1778866515,51,,Aggregated,49.700000,0.000000,80,85,100,140,460,1000,2000,3200,5100,6100,6400,256105,0,80,230.57680897378276,65.73403099991992,6440.223383000102,13.0
1778866516,51,,Aggregated,49.000000,0.000000,80,85,100,140,460,1000,2000,3200,5100,6100,6400,256156,0,80,230.5459251286818,65.73403099991992,6440.223383000102,13.0
1778866517,51,,Aggregated,48.800000,0.000000,80,85,100,140,460,1000,2000,3200,5100,6100,6400,256205,0,80,230.51621620849954,65.73403099991992,6440.223383000102,13.0
1778866518,51,,Aggregated,48.800000,0.000000,80,85,100,140,460,1000,2000,3200,5100,6100,6400,256251,0,80,230.48968087465653,65.73403099991992,6440.223383000102,13.0
1778866519,51,,Aggregated,48.500000,0.000000,80,85,100,140,460,1000,2000,3200,5100,6100,6400,256299,0,80,230.46138336338265,65.73403099991992,6440.223383000102,13.0
1778866520,50,,Aggregated,48.800000,0.000000,80,85,100,140,460,1000,1900,3200,5100,6100,6400,256340,0,80,230.4367632921495,65.73403099991992,6440.223383000102,13.0
1778866521,50,,Aggregated,47.900000,0.000000,80,85,100,140,460,1000,1900,3200,5100,6100,6400,256389,0,80,230.40762979029753,65.73403099991992,6440.223383000102,13.0
1778866522,50,,Aggregated,47.700000,0.000000,80,85,100,140,460,1000,1900,3200,5100,6100,6400,256437,0,80,230.37877927870622,65.73403099991992,6440.223383000102,13.0
1778866523,50,,Aggregated,47.800000,0.000000,80,85,100,140,460,1000,1900,3200,5100,6100,6400,256482,0,80,230.35188521543648,65.73403099991992,6440.223383000102,13.0
1778866524,50,,Aggregated,47.400000,0.000000,80,85,100,140,460,1000,1900,3200,5100,6100,6400,256528,0,80,230.3243219134191,65.73403099991992,6440.223383000102,13.0
1778866525,50,,Aggregated,47.200000,0.000000,80,85,100,140,460,1000,1900,3200,5100,6100,6400,256577,0,80,230.2948726937783,65.73403099991992,6440.223383000102,13.0
1778866526,50,,Aggregated,47.100000,0.000000,80,85,100,140,460,1000,1900,3200,5100,6100,6400,256619,0,80,230.26985975442793,65.73403099991992,6440.223383000102,13.0
1778866527,50,,Aggregated,46.400000,0.000000,80,85,100,140,460,1000,1900,3200,5100,6100,6400,256668,0,80,230.2403747900616,65.73403099991992,6440.223383000102,13.0
1778866528,50,,Aggregated,46.300000,0.000000,80,85,100,140,460,1000,1900,3200,5100,6100,6400,256716,0,80,230.21181210129686,65.73403099991992,6440.223383000102,13.0
1778866529,50,,Aggregated,46.300000,0.000000,80,85,100,140,460,1000,1900,3200,5100,6100,6400,256761,0,80,230.1850627697957,65.73403099991992,6440.223383000102,13.0
1778866530,50,,Aggregated,46.000000,0.000000,80,85,100,140,460,1000,1900,3200,5100,6100,6400,256809,0,80,230.1564866906515,65.73403099991992,6440.223383000102,13.0
1778866531,50,,Aggregated,47.000000,0.000000,80,85,100,140,460,1000,1900,3200,5100,6100,6400,256859,0,80,230.12675509571594,65.73403099991992,6440.223383000102,13.0
1778866532,50,,Aggregated,46.900000,0.000000,80,85,100,140,460,1000,1900,3200,5100,6100,6400,256903,0,80,230.10059966350914,65.73403099991992,6440.223383000102,13.0
1778866533,50,,Aggregated,46.500000,0.000000,80,85,100,140,460,1000,1900,3200,5100,6100,6400,256948,0,80,230.07396603886187,65.73403099991992,6440.223383000102,13.0
1778866534,50,,Aggregated,46.500000,0.000000,80,85,100,140,460,1000,1900,3200,5100,6100,6400,256991,0,80,230.050123507541,65.73403099991992,6440.223383000102,13.0
1778866535,50,,Aggregated,46.200000,0.000000,80,85,100,140,450,1000,1900,3200,5100,6100,6400,257040,0,80,230.02097051513178,65.73403099991992,6440.223383000102,13.0
1778866536,50,,Aggregated,46.300000,0.000000,80,85,100,140,450,1000,1900,3200,5100,6100,6400,257089,0,80,229.99165289754316,65.73403099991992,6440.223383000102,13.0
1778866537,50,,Aggregated,46.800000,0.000000,80,85,100,140,450,1000,1900,3200,5100,6100,6400,257134,0,80,229.96477713885568,65.73403099991992,6440.223383000102,13.0
1778866538,50,,Aggregated,46.500000,0.000000,80,85,100,140,450,1000,1900,3200,5100,6100,6400,257182,0,80,229.93604608388418,65.73403099991992,6440.223383000102,13.0
1778866539,50,,Aggregated,46.500000,0.000000,80,85,100,140,450,1000,1900,3200,5100,6100,6400,257227,0,80,229.9091033272771,65.73403099991992,6440.223383000102,13.0
1778866540,50,,Aggregated,46.100000,0.000000,80,85,100,140,450,1000,1900,3200,5100,6100,6400,257271,0,80,229.88268058528374,65.73403099991992,6440.223383000102,13.0
1778866541,50,,Aggregated,46.000000,0.000000,80,85,100,140,450,1000,1900,3200,5100,6100,6400,257319,0,80,229.85427440716205,65.73403099991992,6440.223383000102,13.0
1778866542,50,,Aggregated,46.100000,0.000000,80,85,100,140,450,1000,1900,3200,5100,6100,6400,257368,0,80,229.8249680175723,65.73403099991992,6440.223383000102,13.0
1778866543,51,,Aggregated,46.100000,0.000000,80,85,100,140,450,1000,1900,3200,5100,6100,6400,257414,0,80,229.79760515629897,65.73403099991992,6440.223383000102,13.0
1778866544,51,,Aggregated,46.400000,0.000000,80,85,100,140,450,1000,1900,3200,5100,6100,6400,257464,0,80,229.7674941944176,65.73403099991992,6440.223383000102,13.0
1778866545,51,,Aggregated,46.900000,0.000000,80,85,100,140,450,1000,1900,3200,5100,6100,6400,257512,0,80,229.738681649898,65.73403099991992,6440.223383000102,13.0
1778866546,51,,Aggregated,46.500000,0.000000,80,85,99,140,450,1000,1900,3200,5100,6100,6400,257559,0,80,229.71071256129878,65.73403099991992,6440.223383000102,13.0
1778866547,51,,Aggregated,46.500000,0.000000,80,85,99,140,450,1000,1900,3200,5100,6100,6400,257604,0,80,229.68380683391783,65.73403099991992,6440.223383000102,13.0
1778866548,52,,Aggregated,46.500000,0.000000,80,85,99,140,450,1000,1900,3200,5100,6100,6400,257650,0,80,229.65656833842263,65.73403099991992,6440.223383000102,13.0
1778866549,52,,Aggregated,46.700000,0.000000,80,85,99,140,450,1000,1900,3200,5100,6100,6400,257700,0,80,229.62738924664956,65.73403099991992,6440.223383000102,13.0
1778866550,52,,Aggregated,47.500000,0.000000,80,85,99,140,450,1000,1900,3200,5100,6100,6400,257751,0,80,229.59722453837855,65.73403099991992,6440.223383000102,13.0
1778866551,53,,Aggregated,47.400000,0.000000,80,85,99,140,450,1000,1900,3200,5100,6100,6400,257798,0,80,229.56960398625137,65.73403099991992,6440.223383000102,13.0
1778866552,53,,Aggregated,47.500000,0.000000,80,85,99,140,450,1000,1900,3200,5100,6100,6400,257849,0,80,229.54283145768105,65.73403099991992,6440.223383000102,13.0
1778866553,53,,Aggregated,47.800000,0.000000,80,85,99,140,450,1000,1900,3200,5100,6100,6400,257897,0,80,229.5145040241051,65.73403099991992,6440.223383000102,13.0
1778866554,54,,Aggregated,47.700000,0.000000,80,85,99,140,450,1000,1900,3200,5100,6100,6400,257947,0,80,229.48490199511394,65.73403099991992,6440.223383000102,13.0
1778866555,54,,Aggregated,48.000000,0.000000,80,85,99,140,450,1000,1900,3200,5100,6100,6400,257999,0,80,229.45710030444556,65.73403099991992,6440.223383000102,13.0
1778866556,54,,Aggregated,48.500000,0.000000,80,85,99,140,450,1000,1900,3200,5100,6100,6400,258050,0,80,229.4266466460982,65.73403099991992,6440.223383000102,13.0
1778866557,55,,Aggregated,48.600000,0.000000,80,85,99,140,450,1000,1900,3200,5100,6100,6400,258101,0,80,229.3966793745109,65.73403099991992,6440.223383000102,13.0
1778866558,55,,Aggregated,49.200000,0.000000,80,85,99,140,450,1000,1900,3200,5100,6100,6400,258152,0,80,229.36604356081938,65.73403099991992,6440.223383000102,13.0
1778866559,55,,Aggregated,49.400000,0.000000,80,85,99,140,450,1000,1900,3200,5100,6100,6400,258203,0,80,229.33545017274648,65.73403099991992,6440.223383000102,13.0
1778866560,56,,Aggregated,49.300000,0.000000,80,85,99,140,450,1000,1900,3200,5100,6100,6400,258252,0,80,229.30770530679987,65.73403099991992,6440.223383000102,13.0
1778866561,56,,Aggregated,49.900000,0.000000,80,85,99,140,450,1000,1900,3200,5100,6100,6400,258306,0,80,229.27546932949173,65.73403099991992,6440.223383000102,13.0
1778866562,57,,Aggregated,50.300000,0.000000,80,85,99,140,450,1000,1900,3200,5100,6100,6400,258360,0,80,229.2445695335915,65.73403099991992,6440.223383000102,13.0
1778866563,57,,Aggregated,50.500000,0.000000,80,85,99,140,450,1000,1900,3200,5100,6100,6400,258414,0,80,229.21757144718043,65.73403099991992,6440.223383000102,13.0
1778866564,58,,Aggregated,51.100000,0.000000,80,85,99,140,450,1000,1900,3200,5100,6100,6400,258466,0,80,229.1902833368787,65.73403099991992,6440.223383000102,13.0
1778866565,58,,Aggregated,51.300000,0.000000,80,85,99,140,450,1000,1900,3200,5100,6100,6400,258521,0,80,229.1575977023673,65.73403099991992,6440.223383000102,13.0
1778866566,59,,Aggregated,51.300000,0.000000,80,85,99,140,450,1000,1900,3200,5100,6100,6400,258574,0,80,229.12727563041798,65.73403099991992,6440.223383000102,13.0
1778866567,59,,Aggregated,51.900000,0.000000,80,85,99,140,450,1000,1900,3200,5100,6100,6400,258629,0,80,229.09501879831234,65.73403099991992,6440.223383000102,13.0
1778866568,60,,Aggregated,52.400000,0.000000,80,85,99,140,450,1000,1900,3200,5100,6100,6400,258685,0,80,229.06136028398143,65.73403099991992,6440.223383000102,13.0
1778866569,60,,Aggregated,52.700000,0.000000,80,85,99,140,450,1000,1900,3200,5100,6100,6400,258742,0,80,229.02740914924397,65.73403099991992,6440.223383000102,13.0
1778866570,61,,Aggregated,53.300000,0.000000,80,85,99,140,450,1000,1900,3200,5100,6100,6400,258800,0,80,228.9940708591719,65.73403099991992,6440.223383000102,13.0
1778866571,61,,Aggregated,53.600000,0.000000,80,85,99,140,450,1000,1900,3200,5100,6100,6400,258856,0,80,228.96168003173455,65.73403099991992,6440.223383000102,13.0
1778866572,62,,Aggregated,54.000000,0.000000,80,85,99,140,450,1000,1900,3200,5100,6100,6400,258914,0,80,228.92721258141972,65.73403099991992,6440.223383000102,13.0
1778866573,62,,Aggregated,54.700000,0.000000,80,85,99,140,450,1000,1900,3200,5100,6100,6400,258971,0,80,228.89382731850557,65.73403099991992,6440.223383000102,13.0
1778866574,63,,Aggregated,55.100000,0.000000,80,85,99,140,450,1000,1900,3100,5100,6100,6400,259031,0,80,228.85798198956007,65.73403099991992,6440.223383000102,13.0
1778866575,64,,Aggregated,55.500000,0.000000,80,85,99,140,450,1000,1900,3100,5100,6100,6400,259090,0,80,228.822768894719,65.73403099991992,6440.223383000102,13.0
1778866576,64,,Aggregated,56.500000,0.000000,80,85,99,140,450,1000,1900,3100,5100,6100,6400,259150,0,80,228.78718400962666,65.73403099991992,6440.223383000102,13.0
1778866577,65,,Aggregated,56.900000,0.000000,80,85,99,140,450,1000,1900,3100,5100,6100,6400,259210,0,80,228.75371063931084,65.73403099991992,6440.223383000102,13.0
1778866578,66,,Aggregated,57.300000,0.000000,80,85,99,140,450,1000,1900,3100,5100,6100,6400,259273,0,80,228.71688618383232,65.73403099991992,6440.223383000102,13.0
1778866579,66,,Aggregated,57.700000,0.000000,80,85,99,140,450,1000,1900,3100,5100,6100,6400,259335,0,80,228.68015984726236,65.73403099991992,6440.223383000102,13.0
1778866580,67,,Aggregated,58.200000,0.000000,80,85,99,140,450,1000,1900,3100,5100,6100,6400,259398,0,80,228.64691584276198,65.73403099991992,6440.223383000102,13.0
1778866581,67,,Aggregated,59.100000,0.000000,80,85,99,140,450,990,1900,3100,5100,6100,6400,259458,0,80,228.61192480711236,65.73403099991992,6440.223383000102,13.0
1778866582,68,,Aggregated,59.600000,0.000000,80,85,99,140,450,990,1900,3100,5100,6100,6400,259521,0,80,228.57937475618448,65.73403099991992,6440.223383000102,13.0
1778866583,69,,Aggregated,60.000000,0.000000,80,85,99,140,450,990,1900,3100,5100,6100,6400,259586,0,80,228.54348237868666,65.73403099991992,6440.223383000102,13.0
1778866584,70,,Aggregated,60.500000,0.000000,80,85,99,140,450,990,1900,3100,5100,6100,6400,259652,0,80,228.50658034023533,65.73403099991992,6440.223383000102,13.0
1778866585,70,,Aggregated,60.700000,0.000000,80,85,99,140,450,990,1900,3100,5100,6100,6400,259716,0,80,228.46925285386257,65.73403099991992,6440.223383000102,13.0
1778866586,71,,Aggregated,61.000000,0.000000,80,85,99,130,450,990,1900,3100,5100,6100,6400,259777,0,80,228.43343978621579,65.73403099991992,6440.223383000102,13.0
1778866587,72,,Aggregated,61.700000,0.000000,80,85,99,130,450,990,1900,3100,5100,6100,6400,259841,0,80,228.39634264859964,65.73403099991992,6440.223383000102,13.0
1778866588,72,,Aggregated,62.800000,0.000000,80,85,99,130,450,990,1900,3100,5100,6100,6400,259913,0,80,228.35444012587203,65.73403099991992,6440.223383000102,13.0
1778866589,73,,Aggregated,64.000000,0.000000,80,85,99,130,450,990,1900,3100,5100,6100,6400,259981,0,80,228.31511550972112,65.73403099991992,6440.223383000102,13.0
1778866590,74,,Aggregated,64.600000,0.000000,80,85,99,130,450,990,1900,3100,5100,6100,6400,260055,0,80,228.2719098316887,65.73403099991992,6440.223383000102,13.0
1778866591,75,,Aggregated,65.000000,0.000000,80,85,99,130,450,990,1900,3100,5100,6100,6400,260127,0,80,228.23096608718745,65.73403099991992,6440.223383000102,13.0
1778866592,75,,Aggregated,65.300000,0.000000,80,85,99,130,450,990,1900,3100,5100,6100,6400,260197,0,80,228.18989757912217,65.73403099991992,6440.223383000102,13.0
1778866593,76,,Aggregated,66.000000,0.000000,80,85,99,130,450,990,1900,3100,5100,6100,6400,260268,0,80,228.14922243031353,65.73403099991992,6440.223383000102,13.0
1778866594,77,,Aggregated,66.800000,0.000000,80,85,99,130,450,990,1900,3100,5100,6100,6400,260338,0,80,228.10875545997072,65.73403099991992,6440.223383000102,13.0
1778866595,78,,Aggregated,68.100000,0.000000,80,85,99,130,450,990,1900,3100,5100,6100,6400,260408,0,80,228.06777881256295,65.73403099991992,6440.223383000102,13.0
1778866596,79,,Aggregated,69.000000,0.000000,80,85,99,130,450,990,1900,3100,5100,6100,6400,260484,0,80,228.02370186046323,65.73403099991992,6440.223383000102,13.0
1778866597,79,,Aggregated,69.300000,0.000000,80,85,99,130,450,990,1900,3100,5100,6100,6400,260560,0,80,227.9793277589573,65.73403099991992,6440.223383000102,13.0
1778866598,80,,Aggregated,69.400000,0.000000,80,85,99,130,450,990,1900,3100,5100,6100,6400,260634,0,80,227.93823203850195,65.73403099991992,6440.223383000102,13.0
1778866599,81,,Aggregated,69.600000,0.000000,80,85,99,130,450,990,1900,3100,5100,6100,6400,260708,0,80,227.89495131460072,65.73403099991992,6440.223383000102,13.0
1778866600,82,,Aggregated,70.500000,0.000000,80,85,99,130,450,990,1900,3100,5100,6100,6400,260781,0,80,227.85309832999312,65.73403099991992,6440.223383000102,13.0
1778866601,83,,Aggregated,71.300000,0.000000,80,85,99,130,440,990,1900,3100,5100,6100,6400,260856,0,80,227.8099923935886,65.73403099991992,6440.223383000102,13.0
1778866602,83,,Aggregated,72.700000,0.000000,80,85,99,130,440,990,1900,3100,5100,6100,6400,260936,0,80,227.7637452408826,65.73403099991992,6440.223383000102,13.0
1778866603,84,,Aggregated,73.900000,0.000000,80,85,99,130,440,990,1900,3100,5100,6100,6400,261015,0,80,227.71834857881714,65.73403099991992,6440.223383000102,13.0
1778866604,85,,Aggregated,74.300000,0.000000,80,85,99,130,440,990,1900,3100,5100,6100,6400,261098,0,80,227.67137364690626,65.73403099991992,6440.223383000102,13.0
1778866605,86,,Aggregated,74.600000,0.000000,80,85,99,130,440,990,1900,3100,5100,6100,6400,261183,0,80,227.62370003639174,65.73403099991992,6440.223383000102,13.0
1778866606,87,,Aggregated,75.200000,0.000000,80,85,98,130,440,990,1900,3100,5100,6100,6400,261260,0,80,227.5798312052281,65.73403099991992,6440.223383000102,13.0
1778866607,88,,Aggregated,76.300000,0.000000,80,85,98,130,440,990,1900,3100,5100,6100,6400,261343,0,80,227.53416788292364,65.73403099991992,6440.223383000102,13.0
1778866608,88,,Aggregated,77.200000,0.000000,80,85,98,130,440,990,1900,3100,5100,6100,6400,261423,0,80,227.48891848187762,65.73403099991992,6440.223383000102,13.0
1778866609,89,,Aggregated,78.100000,0.000000,80,85,98,130,440,990,1900,3100,5100,6100,6400,261506,0,80,227.44113432022172,65.73403099991992,6440.223383000102,13.0
1778866610,90,,Aggregated,78.500000,0.000000,80,85,98,130,440,990,1900,3100,5100,6100,6400,261590,0,80,227.3932271535338,65.73403099991992,6440.223383000102,13.0
1778866611,91,,Aggregated,79.100000,0.000000,80,85,98,130,440,990,1900,3100,5100,6100,6400,261671,0,80,227.3530464852387,65.73403099991992,6440.223383000102,13.0
1778866612,92,,Aggregated,79.500000,0.000000,80,85,98,130,440,990,1900,3100,5100,6100,6400,261754,0,80,227.31260210512116,65.73403099991992,6440.223383000102,13.0
1778866613,93,,Aggregated,79.900000,0.000000,80,85,98,130,440,990,1900,3100,5100,6100,6400,261840,0,80,227.27751945524696,65.73403099991992,6440.223383000102,13.0
1778866614,94,,Aggregated,81.100000,0.000000,80,85,98,130,440,990,1900,3100,5100,6100,6400,261928,0,80,227.23199181502488,65.73403099991992,6440.223383000102,13.0
1778866615,95,,Aggregated,82.000000,0.000000,80,85,98,130,440,990,1900,3100,5100,6100,6400,262017,0,80,227.1867547350854,65.73403099991992,6440.223383000102,13.0
1778866616,95,,Aggregated,82.700000,0.000000,80,85,98,130,440,990,1900,3100,5100,6100,6400,262106,0,80,227.1365717265185,65.73403099991992,6440.223383000102,13.0
1778866617,96,,Aggregated,82.800000,0.000000,80,85,98,130,440,980,1900,3100,5100,6100,6400,262192,0,80,227.08838308910595,65.73403099991992,6440.223383000102,13.0
1778866618,97,,Aggregated,83.500000,0.000000,80,85,98,130,440,980,1900,3100,5100,6100,6400,262276,0,80,227.0482794829145,65.73403099991992,6440.223383000102,13.0
1778866619,98,,Aggregated,84.500000,0.000000,80,85,98,130,440,980,1900,3100,5100,6100,6400,262368,0,80,227.02462919645652,65.73403099991992,6440.223383000102,13.0
1778866620,99,,Aggregated,85.200000,0.000000,80,85,99,130,440,980,1900,3100,5100,6100,6400,262455,0,80,226.99038128538567,65.73403099991992,6440.223383000102,13.0
1778866621,100,,Aggregated,85.500000,0.000000,80,85,99,130,440,980,1900,3100,5100,6100,6400,262539,0,80,226.95439955697597,65.73403099991992,6440.223383000102,13.0
1778866622,101,,Aggregated,85.700000,0.000000,80,85,99,130,440,980,1900,3100,5100,6100,6400,262632,0,80,226.91590059839973,65.73403099991992,6440.223383000102,13.0
1778866623,102,,Aggregated,86.300000,0.000000,80,85,99,130,440,980,1900,3100,5100,6100,6400,262728,0,80,226.8636542156791,65.73403099991992,6440.223383000102,13.0
1778866624,102,,Aggregated,87.300000,0.000000,80,85,99,130,440,980,1900,3100,5100,6100,6400,262824,0,80,226.8088300513268,65.73403099991992,6440.223383000102,13.0
1778866625,103,,Aggregated,88.500000,0.000000,80,85,98,130,440,980,1900,3100,5100,6100,6400,262920,0,80,226.75511987793976,65.73403099991992,6440.223383000102,13.0
1778866626,104,,Aggregated,89.300000,0.000000,80,85,98,130,440,980,1900,3100,5100,6100,6400,263018,0,80,226.6993072344704,65.73403099991992,6440.223383000102,13.0
1778866627,105,,Aggregated,90.300000,0.000000,80,85,98,130,440,980,1900,3100,5100,6100,6400,263119,0,80,226.64169455743192,65.73403099991992,6440.223383000102,13.0
1778866628,106,,Aggregated,91.100000,0.000000,80,85,98,130,440,980,1900,3100,5100,6100,6400,263219,0,80,226.58460210850626,65.73403099991992,6440.223383000102,13.0
1778866629,107,,Aggregated,92.000000,0.000000,80,85,98,130,440,980,1900,3100,5100,6100,6400,263318,0,80,226.5281574314249,65.73403099991992,6440.223383000102,13.0
1778866630,108,,Aggregated,93.000000,0.000000,80,85,98,130,440,980,1900,3100,5100,6100,6400,263415,0,80,226.47355802668014,65.73403099991992,6440.223383000102,13.0
1778866631,108,,Aggregated,94.400000,0.000000,80,85,98,130,440,980,1900,3100,5100,6100,6400,263515,0,80,226.41760099711573,65.73403099991992,6440.223383000102,13.0
1778866632,109,,Aggregated,95.700000,0.000000,80,85,98,130,440,980,1900,3100,5100,6100,6400,263612,0,80,226.3666427519307,65.73403099991992,6440.223383000102,13.0
1778866633,110,,Aggregated,97.000000,0.000000,80,85,98,130,440,980,1900,3100,5100,6100,6400,263717,0,80,226.31458289673014,65.73403099991992,6440.223383000102,13.0
1778866634,111,,Aggregated,97.400000,0.000000,80,85,98,130,440,980,1900,3100,5100,6100,6400,263819,0,80,226.26199312656772,65.73403099991992,6440.223383000102,13.0
1778866635,112,,Aggregated,98.000000,0.000000,80,85,98,130,440,980,1900,3100,5100,6100,6400,263924,0,80,226.20437341349006,65.73403099991992,6440.223383000102,13.0
1778866636,113,,Aggregated,98.700000,0.000000,80,85,98,130,440,980,1900,3100,5100,6100,6400,264028,0,80,226.14842800249573,65.73403099991992,6440.223383000102,13.0
1778866637,114,,Aggregated,100.200000,0.000000,80,85,98,130,440,980,1900,3100,5100,6100,6400,264137,0,80,226.08731075851907,65.73403099991992,6440.223383000102,13.0
1778866638,114,,Aggregated,100.800000,0.000000,80,85,98,130,440,980,1900,3100,5100,6100,6400,264240,0,80,226.03144717504514,65.73403099991992,6440.223383000102,13.0
1778866639,115,,Aggregated,101.300000,0.000000,80,85,98,130,440,980,1900,3100,5100,6100,6400,264347,0,80,225.97306050412874,65.73403099991992,6440.223383000102,13.0
1778866640,116,,Aggregated,102.000000,0.000000,80,85,98,130,440,980,1900,3100,5100,6100,6400,264456,0,80,225.91250339858394,65.73403099991992,6440.223383000102,13.0
1778866641,117,,Aggregated,102.800000,0.000000,80,85,98,130,440,980,1900,3100,5100,6100,6400,264564,0,80,225.85470464975552,65.73403099991992,6440.223383000102,13.0
1778866642,118,,Aggregated,103.800000,0.000000,80,85,98,130,430,970,1900,3100,5100,6100,6400,264673,0,80,225.8010279519822,65.73403099991992,6440.223383000102,13.0
1778866643,119,,Aggregated,104.400000,0.000000,80,85,98,130,430,970,1900,3100,5100,6100,6400,264781,0,80,225.7424193568344,65.73403099991992,6440.223383000102,13.0
1778866644,119,,Aggregated,104.700000,0.000000,80,85,98,130,430,970,1900,3100,5100,6100,6400,264895,0,80,225.67936257482762,65.73403099991992,6440.223383000102,13.0
1778866645,120,,Aggregated,105.800000,0.000000,80,85,98,130,430,970,1900,3100,5100,6100,6400,265006,0,80,225.61845839436458,65.73403099991992,6440.223383000102,13.0
1778866646,121,,Aggregated,106.800000,0.000000,80,85,98,130,430,970,1900,3100,5100,6100,6400,265120,0,80,225.55518125314575,65.73403099991992,6440.223383000102,13.0
1778866647,122,,Aggregated,107.200000,0.000000,80,85,98,130,430,970,1900,3100,5100,6100,6400,265234,0,80,225.49372490195063,65.73403099991992,6440.223383000102,13.0
1778866648,123,,Aggregated,108.200000,0.000000,80,85,98,130,430,970,1900,3100,5100,6100,6400,265345,0,80,225.43207348309548,65.73403099991992,6440.223383000102,13.0
1778866649,123,,Aggregated,109.000000,0.000000,80,85,98,130,430,970,1900,3100,5100,6100,6400,265462,0,80,225.36757416457718,65.73403099991992,6440.223383000102,13.0
1778866650,124,,Aggregated,109.800000,0.000000,80,85,98,130,430,970,1900,3100,5100,6100,6400,265577,0,80,225.30413831012106,65.73403099991992,6440.223383000102,13.0
1778866651,125,,Aggregated,110.800000,0.000000,80,85,98,130,430,970,1900,3100,5100,6100,6400,265692,0,80,225.24203228972283,65.73403099991992,6440.223383000102,13.0
1778866652,126,,Aggregated,111.200000,0.000000,80,85,98,130,430,970,1900,3100,5100,6100,6400,265810,0,80,225.17907988343197,65.73403099991992,6440.223383000102,13.0
1778866653,126,,Aggregated,111.800000,0.000000,80,85,98,130,430,970,1900,3100,5100,6100,6400,265915,0,80,225.14997307731815,65.73403099991992,6440.223383000102,13.0
1778866654,127,,Aggregated,113.400000,0.000000,80,85,98,130,430,970,1900,3100,5100,6100,6400,266029,0,80,225.11012629785498,65.73403099991992,6440.223383000102,13.0
1778866655,128,,Aggregated,112.500000,0.000000,80,85,98,130,430,970,1900,3100,5100,6100,6400,266150,0,80,225.04616565114065,65.73403099991992,6440.223383000102,13.0
1778866656,128,,Aggregated,112.800000,0.000000,80,85,98,130,430,970,1900,3100,5100,6100,6400,266262,0,80,225.01805242059737,65.73403099991992,6440.223383000102,13.0
1778866657,129,,Aggregated,113.700000,0.000000,80,85,98,130,430,970,1900,3100,5100,6100,6400,266371,0,80,224.97891652340198,65.73403099991992,6440.223383000102,13.0
1778866658,130,,Aggregated,113.300000,0.000000,80,85,98,130,430,970,1900,3100,5100,6100,6400,266465,0,80,224.9929472955889,65.73403099991992,6440.223383000102,13.0
1778866659,131,,Aggregated,113.400000,0.000000,80,85,98,130,430,970,1900,3100,5100,6100,6400,266554,0,80,225.05311390289063,65.73403099991992,6440.223383000102,13.0
1778866660,131,,Aggregated,112.400000,0.000000,80,85,98,130,430,970,1900,3100,5100,6100,6400,266658,0,80,225.09935176080268,65.73403099991992,6440.223383000102,13.0
1778866661,132,,Aggregated,110.000000,0.000000,80,85,98,130,430,970,1900,3100,5100,6100,6400,266778,0,80,225.09508788522692,65.73403099991992,6440.223383000102,13.0
1778866662,133,,Aggregated,108.300000,0.000000,80,85,98,130,430,960,1900,3100,5100,6100,6400,266895,0,80,225.05753765868255,65.73403099991992,6440.223383000102,13.0
1778866663,133,,Aggregated,108.000000,0.000000,80,85,99,130,430,960,1900,3100,5100,6100,6400,267011,0,80,225.02113983123954,65.73403099991992,6440.223383000102,13.0
1778866664,134,,Aggregated,107.900000,0.000000,80,85,99,130,430,960,1900,3100,5100,6100,6400,267118,0,80,225.00634004313096,65.73403099991992,6440.223383000102,13.0
1778866665,135,,Aggregated,109.000000,0.000000,80,85,99,130,430,960,1900,3100,5100,6100,6400,267221,0,80,225.02942937607477,65.73403099991992,6440.223383000102,13.0
1778866666,135,,Aggregated,108.700000,0.000000,80,85,99,130,430,960,1900,3100,5100,6100,6400,267338,0,80,225.03980693205253,65.73403099991992,6440.223383000102,13.0
1778866667,136,,Aggregated,107.300000,0.000000,80,85,99,130,430,960,1900,3100,5100,6100,6400,267442,0,80,225.03536584450478,65.73403099991992,6440.223383000102,13.0
1778866668,136,,Aggregated,107.400000,0.000000,80,85,99,130,430,960,1900,3100,5100,6100,6400,267552,0,80,225.0522442570232,65.73403099991992,6440.223383000102,13.0
1778866669,137,,Aggregated,107.400000,0.000000,80,85,99,140,430,960,1900,3100,5100,6100,6400,267651,0,80,225.07268973755416,65.73403099991992,6440.223383000102,13.0
1778866670,138,,Aggregated,107.700000,0.000000,80,85,99,140,430,960,1900,3100,5100,6100,6400,267722,0,80,225.1523046110671,65.73403099991992,6440.223383000102,13.0
1778866671,138,,Aggregated,109.000000,0.000000,80,85,99,140,430,960,1900,3100,5100,6100,6400,267764,0,80,225.2447430444949,65.73403099991992,6440.223383000102,13.0
1778866672,139,,Aggregated,108.100000,0.000000,80,85,99,140,430,960,1900,3100,5100,6100,6400,267793,0,80,225.34438004380672,65.73403099991992,6440.223383000102,13.0
1778866673,139,,Aggregated,102.800000,0.000000,80,85,99,140,430,970,1900,3100,5100,6100,6400,267833,0,80,225.60912886539424,65.73403099991992,6440.223383000102,13.0
1778866674,140,,Aggregated,94.700000,0.000000,80,85,99,140,430,970,1900,3100,5100,6100,6400,267887,0,80,226.04051008571207,65.73403099991992,6440.223383000102,13.0
1778866675,140,,Aggregated,85.700000,0.000000,80,85,99,140,430,970,1900,3100,5100,6100,6400,267928,0,80,226.35214905471292,65.73403099991992,6440.223383000102,13.0
1778866676,141,,Aggregated,79.600000,0.000000,80,85,99,140,440,970,1900,3100,5100,6100,6400,267976,0,80,226.7071669039434,65.73403099991992,6440.223383000102,13.0
1778866677,141,,Aggregated,74.300000,0.000000,80,85,99,140,440,980,1900,3100,5100,6100,6400,268010,0,80,226.90093306862107,65.73403099991992,6440.223383000102,13.0
1778866678,142,,Aggregated,67.300000,0.000000,80,85,100,140,440,980,1900,3100,5100,6100,6400,268038,0,80,227.08072404445687,65.73403099991992,6440.223383000102,13.0
1778866679,142,,Aggregated,61.100000,0.000000,80,85,100,140,440,980,1900,3200,5100,6100,6400,268087,0,80,227.55950357324727,65.73403099991992,6440.223383000102,13.0
1778866680,143,,Aggregated,53.100000,0.000000,80,85,100,140,440,980,1900,3200,5100,6100,6400,268138,0,80,228.02655316985334,65.73403099991992,6440.223383000102,13.0
1778866681,143,,Aggregated,45.900000,0.000000,80,85,100,140,440,980,2000,3200,5100,6100,6400,268188,0,80,228.43624851356938,65.73403099991992,6440.223383000102,13.0
1778866682,143,,Aggregated,42.200000,0.000000,80,85,100,140,440,990,2000,3200,5100,6100,6400,268230,0,80,228.7050153860424,65.73403099991992,6440.223383000102,13.0
1778866683,144,,Aggregated,41.400000,0.000000,80,85,100,140,440,990,2000,3200,5100,6100,6400,268263,0,80,228.87951080298117,65.73403099991992,6440.223383000102,13.0
1778866684,144,,Aggregated,42.600000,0.000000,80,85,100,140,440,990,2000,3200,5100,6100,6400,268286,0,80,229.0025553531833,65.73403099991992,6440.223383000102,13.0
1778866685,145,,Aggregated,43.900000,0.000000,80,85,100,140,440,990,2000,3200,5100,6100,6400,268309,0,80,229.1549033364707,65.73403099991992,6440.223383000102,13.0
1778866686,145,,Aggregated,41.600000,0.000000,80,85,100,140,440,990,2000,3200,5100,6100,6400,268336,0,80,229.37340051694935,65.73403099991992,6440.223383000102,13.0
1778866687,145,,Aggregated,39.200000,0.000000,80,85,100,140,440,990,2000,3200,5100,6100,6400,268374,0,80,229.86432345208587,65.73403099991992,6440.223383000102,13.0
1778866688,146,,Aggregated,37.600000,0.000000,80,85,100,140,440,990,2000,3200,5200,6100,6400,268414,0,80,230.48313753994978,65.73403099991992,6440.223383000102,13.0
1778866689,146,,Aggregated,34.900000,0.000000,80,85,100,140,440,1000,2000,3300,5300,6100,6400,268455,0,80,231.07381856000848,65.73403099991992,6440.223383000102,13.0
1778866690,146,,Aggregated,36.800000,0.000000,80,85,100,140,440,1000,2000,3300,5300,6100,6400,268487,0,80,231.48889621574642,65.73403099991992,6440.223383000102,13.0
1778866691,147,,Aggregated,37.400000,0.000000,80,85,100,140,440,1000,2000,3300,5300,6100,6400,268517,0,80,231.76021503051612,65.73403099991992,6440.223383000102,13.0
1778866692,147,,Aggregated,36.100000,0.000000,80,85,100,140,440,1000,2000,3300,5300,6100,7400,268560,0,80,232.22084802704458,65.73403099991992,7439.370336000138,13.0
1778866693,147,,Aggregated,33.600000,0.000000,80,85,100,140,450,1000,2000,3300,5300,6100,7400,268599,0,80,232.644546467772,65.73403099991992,7439.370336000138,13.0
1778866694,147,,Aggregated,33.000000,0.000000,80,85,100,140,450,1000,2000,3300,5300,6100,7400,268638,0,80,233.0673856186545,65.73403099991992,7439.370336000138,13.0
1778866695,148,,Aggregated,32.400000,0.000000,80,85,100,140,450,1000,2000,3300,5300,6100,7400,268663,0,80,233.2534917335513,65.73403099991992,7439.370336000138,13.0
1778866696,148,,Aggregated,34.400000,0.000000,80,85,100,140,450,1000,2000,3300,5400,6100,7400,268697,0,80,233.6265661056845,65.73403099991992,7439.370336000138,13.0
1778866697,148,,Aggregated,34.500000,0.000000,80,85,100,140,450,1000,2000,3300,5400,6100,7400,268733,0,80,234.0846599948503,65.73403099991992,7439.370336000138,13.0
1778866698,148,,Aggregated,35.200000,0.000000,80,85,100,140,450,1000,2100,3400,5400,6100,7400,268782,0,80,234.67756631677014,65.73403099991992,7439.370336000138,13.0
1778866699,149,,Aggregated,35.700000,0.000000,80,85,100,140,450,1000,2100,3400,5400,6100,7400,268833,0,80,235.20225352959318,65.73403099991992,7439.370336000138,13.0
1778866700,149,,Aggregated,36.000000,0.000000,80,85,100,140,450,1000,2100,3400,5400,6100,7400,268876,0,80,235.5265211907687,65.73403099991992,7439.370336000138,13.0
1778866701,149,,Aggregated,36.900000,0.000000,80,85,100,140,450,1000,2100,3400,5400,6100,7400,268903,0,80,235.70683662994512,65.73403099991992,7439.370336000138,13.0
1778866702,149,,Aggregated,38.200000,0.000000,80,85,100,140,450,1000,2100,3400,5400,6100,7400,268928,0,80,235.91257606614832,65.73403099991992,7439.370336000138,13.0
1778866703,149,,Aggregated,39.100000,0.000000,80,85,100,140,450,1000,2100,3400,5400,6100,7400,268957,0,80,236.20989755622696,65.73403099991992,7439.370336000138,13.0
1778866704,149,,Aggregated,37.500000,0.000000,80,85,100,140,450,1000,2100,3400,5400,6100,7400,268994,0,80,236.6514269096267,65.73403099991992,7439.370336000138,13.0
1778866705,149,,Aggregated,36.900000,0.000000,80,85,100,140,450,1000,2100,3400,5400,6100,7400,269038,0,80,237.23685746064908,65.73403099991992,7439.370336000138,13.0
1778866706,149,,Aggregated,35.200000,0.000000,80,85,100,140,460,1000,2100,3500,5400,6100,7400,269104,0,80,238.01237200202192,65.73403099991992,7439.370336000138,13.0
1778866707,149,,Aggregated,36.500000,0.000000,80,85,100,140,460,1000,2100,3500,5400,6100,7400,269161,0,80,238.34717911302567,65.73403099991992,7439.370336000138,13.0
1778866708,149,,Aggregated,38.800000,0.000000,80,85,100,140,460,1000,2100,3500,5400,6100,7400,269200,0,80,238.5183649591422,65.73403099991992,7439.370336000138,13.0
1778866709,149,,Aggregated,42.300000,0.000000,80,85,100,140,460,1000,2200,3500,5400,6100,7400,269228,0,80,238.65318554324617,65.73403099991992,7439.370336000138,13.0
1778866710,149,,Aggregated,42.700000,0.000000,80,85,100,140,460,1000,2200,3500,5400,6100,7400,269254,0,80,238.80768093305232,65.73403099991992,7439.370336000138,13.0
1778866711,149,,Aggregated,40.900000,0.000000,80,85,100,140,460,1000,2200,3500,5400,6100,7400,269282,0,80,239.0321843934168,65.73403099991992,7439.370336000138,13.0
1778866712,149,,Aggregated,38.400000,0.000000,80,85,100,140,460,1000,2200,3500,5400,6100,7400,269318,0,80,239.398457237463,65.73403099991992,7439.370336000138,13.0
1778866713,149,,Aggregated,37.700000,0.000000,80,85,100,140,460,1000,2200,3500,5400,6100,7400,269347,0,80,239.68117112744545,65.73403099991992,7439.370336000138,13.0
1778866714,149,,Aggregated,38.100000,0.000000,80,85,100,140,460,1000,2200,3500,5400,6200,7400,269373,0,80,239.95474460304882,65.73403099991992,7439.370336000138,13.0
1778866715,149,,Aggregated,38.700000,0.000000,80,85,100,140,460,1000,2200,3500,5400,6300,7400,269397,0,80,240.2243834815387,65.73403099991992,7439.370336000138,13.0
1778866716,149,,Aggregated,38.400000,0.000000,80,85,100,140,460,1000,2200,3500,5500,7300,7700,269437,0,80,240.9119334868191,65.73403099991992,7683.518324999568,13.0
1778866717,149,,Aggregated,37.200000,0.000000,80,85,100,140,460,1000,2200,3500,5500,7300,7700,269501,0,80,242.09013446724157,65.73403099991992,7683.518324999568,13.0
1778866718,149,,Aggregated,34.900000,0.000000,80,85,100,140,460,1000,2200,3600,5500,7300,7700,269579,0,80,242.71806424051968,65.73403099991992,7683.518324999568,13.0
1778866719,149,,Aggregated,33.100000,0.000000,80,85,100,140,470,1000,2200,3600,5500,7300,7700,269679,0,80,242.97652134777283,65.73403099991992,7683.518324999568,13.0
1778866720,149,,Aggregated,34.500000,0.000000,80,85,100,140,470,1000,2200,3600,5500,7300,7700,269783,0,80,243.08265113517547,65.73403099991992,7683.518324999568,13.0
1778866721,149,,Aggregated,39.900000,0.000000,80,85,100,140,470,1000,2200,3600,5500,7300,7700,269861,0,80,243.17306252097953,65.73403099991992,7683.518324999568,13.0
1778866722,148,,Aggregated,47.500000,0.000000,80,85,100,140,470,1000,2200,3600,5500,7300,7700,269924,0,80,243.29483703691048,65.73403099991992,7683.518324999568,13.0
1778866723,148,,Aggregated,54.400000,0.000000,80,85,100,140,470,1100,2200,3600,5500,7300,7700,270000,0,80,243.54548756417046,65.73403099991992,7683.518324999568,13.0
1778866724,148,,Aggregated,58.700000,0.000000,80,85,100,140,470,1100,2200,3600,5500,7300,7700,270075,0,80,243.78512720618724,65.73403099991992,7683.518324999568,13.0
1778866725,148,,Aggregated,62.200000,0.000000,80,85,100,140,480,1100,2200,3600,5500,7300,7700,270125,0,80,243.92832231523562,65.73403099991992,7683.518324999568,13.0
1778866726,148,,Aggregated,66.800000,0.000000,80,85,100,140,480,1100,2200,3600,5500,7300,7700,270165,0,80,244.0825999204227,65.73403099991992,7683.518324999568,13.0
1778866727,147,,Aggregated,70.500000,0.000000,80,85,100,140,480,1100,2200,3600,5500,7300,7700,270189,0,80,244.1846131900633,65.73403099991992,7683.518324999568,13.0
1778866728,147,,Aggregated,72.500000,0.000000,80,85,100,140,480,1100,2200,3600,5500,7300,7700,270217,0,80,244.35369217383072,65.73403099991992,7683.518324999568,13.0
1778866729,147,,Aggregated,71.500000,0.000000,80,85,100,140,480,1100,2200,3600,5500,7300,7700,270254,0,80,244.68717679756082,65.73403099991992,7683.518324999568,13.0
1778866730,147,,Aggregated,67.600000,0.000000,80,85,100,140,480,1100,2200,3600,5500,7300,7700,270280,0,80,244.8863779288035,65.73403099991992,7683.518324999568,13.0
1778866731,146,,Aggregated,61.600000,0.000000,80,85,100,140,480,1100,2300,3600,5500,7300,7700,270324,0,80,245.52794322998335,65.73403099991992,7683.518324999568,13.0
1778866732,146,,Aggregated,55.400000,0.000000,80,85,100,140,480,1100,2300,3600,5500,7300,7700,270373,0,80,246.20007283650003,65.73403099991992,7683.518324999568,13.0
1778866733,146,,Aggregated,48.400000,0.000000,80,85,100,140,480,1100,2300,3600,5500,7300,7700,270436,0,80,246.7843035461071,65.73403099991992,7683.518324999568,13.0
1778866734,145,,Aggregated,45.600000,0.000000,80,85,100,140,480,1100,2300,3600,5500,7300,7700,270502,0,80,247.14398573673773,65.73403099991992,7683.518324999568,13.0
1778866735,145,,Aggregated,43.900000,0.000000,80,85,100,140,480,1100,2300,3600,5500,7300,7700,270556,0,80,247.36891656684017,65.73403099991992,7683.518324999568,13.0
1778866736,145,,Aggregated,43.100000,0.000000,80,85,100,140,490,1100,2300,3600,5500,7300,7700,270597,0,80,247.53595808211844,65.73403099991992,7683.518324999568,13.0
1778866737,144,,Aggregated,43.200000,0.000000,80,85,100,140,490,1100,2300,3600,5500,7300,7700,270634,0,80,247.74397160524921,65.73403099991992,7683.518324999568,13.0
1778866738,144,,Aggregated,43.100000,0.000000,80,85,100,140,490,1100,2300,3600,5500,7300,7700,270665,0,80,247.9218531484566,65.73403099991992,7683.518324999568,13.0
1778866739,143,,Aggregated,43.400000,0.000000,80,85,100,140,490,1100,2300,3600,5500,7300,7700,270707,0,80,248.28402284162576,65.73403099991992,7683.518324999568,13.0
1778866740,143,,Aggregated,44.500000,0.000000,80,85,100,140,490,1100,2300,3700,5500,7300,7700,270766,0,80,248.8804413035573,65.73403099991992,7683.518324999568,13.0
1778866741,142,,Aggregated,44.500000,0.000000,80,85,100,140,490,1100,2300,3700,5500,7300,7700,270839,0,80,249.38655237239846,65.73403099991992,7683.518324999568,13.0
1778866742,142,,Aggregated,45.900000,0.000000,80,85,100,140,490,1100,2300,3700,5500,7300,7700,270933,0,80,249.64572689116486,65.73403099991992,7683.518324999568,13.0
1778866743,142,,Aggregated,49.200000,0.000000,80,85,100,140,490,1100,2300,3600,5500,7300,7700,271059,0,80,249.71461816938003,65.73403099991992,7683.518324999568,13.0
1778866744,141,,Aggregated,52.100000,0.000000,80,85,100,140,490,1100,2300,3600,5500,7300,7700,271187,0,80,249.65300990899598,65.73403099991992,7683.518324999568,13.0
1778866745,141,,Aggregated,57.000000,0.000000,80,85,100,140,490,1100,2300,3600,5500,7300,7700,271316,0,80,249.57384424107664,65.73403099991992,7683.518324999568,13.0
1778866746,140,,Aggregated,63.300000,0.000000,80,85,100,140,490,1100,2300,3600,5500,7300,7700,271444,0,80,249.50183784598636,65.73403099991992,7683.518324999568,13.0
1778866747,140,,Aggregated,69.800000,0.000000,80,85,100,140,490,1100,2300,3600,5500,7300,7700,271560,0,80,249.45540264734464,65.73403099991992,7683.518324999568,13.0
1778866748,139,,Aggregated,77.800000,0.000000,80,85,100,140,490,1100,2300,3600,5500,7300,7700,271685,0,80,249.41144670777516,65.73403099991992,7683.518324999568,13.0
1778866749,139,,Aggregated,86.400000,0.000000,80,85,100,140,490,1100,2300,3600,5500,7300,7700,271813,0,80,249.3476112992197,65.73403099991992,7683.518324999568,13.0
1778866750,138,,Aggregated,94.000000,0.000000,80,85,100,140,490,1100,2300,3600,5500,7300,7700,271945,0,80,249.2719526057539,65.73403099991992,7683.518324999568,13.0
1778866751,137,,Aggregated,103.900000,0.000000,80,85,100,140,490,1100,2300,3600,5500,7300,7700,272071,0,80,249.1928510199019,65.73403099991992,7683.518324999568,13.0
1778866752,137,,Aggregated,111.500000,0.000000,80,85,100,140,490,1100,2300,3600,5500,7300,7700,272194,0,80,249.11622673288775,65.73403099991992,7683.518324999568,13.0
1778866753,136,,Aggregated,118.400000,0.000000,80,85,100,140,490,1100,2300,3600,5500,7300,7700,272316,0,80,249.04279843056833,65.73403099991992,7683.518324999568,13.0
1778866754,136,,Aggregated,123.600000,0.000000,80,85,100,140,490,1100,2300,3600,5500,7300,7700,272441,0,80,248.9716507350679,65.73403099991992,7683.518324999568,13.0
1778866755,135,,Aggregated,126.300000,0.000000,80,85,100,140,490,1100,2300,3600,5500,7300,7700,272566,0,80,248.89309194929146,65.73403099991992,7683.518324999568,13.0
1778866756,134,,Aggregated,125.600000,0.000000,80,85,100,140,490,1100,2300,3600,5500,7300,7700,272693,0,80,248.8132974832893,65.73403099991992,7683.518324999568,13.0
1778866757,134,,Aggregated,125.100000,0.000000,80,85,100,140,490,1100,2300,3600,5500,7300,7700,272820,0,80,248.73466120184594,65.73403099991992,7683.518324999568,13.0
1778866758,133,,Aggregated,124.400000,0.000000,80,85,100,140,490,1100,2300,3600,5500,7300,7700,272945,0,80,248.6560499011913,65.73403099991992,7683.518324999568,13.0
1778866759,132,,Aggregated,124.100000,0.000000,80,85,100,140,490,1100,2300,3600,5500,7300,7700,273066,0,80,248.58147563180216,65.73403099991992,7683.518324999568,13.0
1778866760,132,,Aggregated,125.500000,0.000000,80,85,100,140,490,1100,2300,3600,5500,7300,7700,273191,0,80,248.50337215934897,65.73403099991992,7683.518324999568,13.0
1778866761,131,,Aggregated,125.500000,0.000000,80,85,100,140,490,1100,2300,3600,5500,7300,7700,273309,0,80,248.4294078207659,65.73403099991992,7683.518324999568,13.0
1778866762,130,,Aggregated,125.000000,0.000000,80,85,100,140,490,1100,2300,3600,5500,7300,7700,273428,0,80,248.35515299630865,65.73403099991992,7683.518324999568,13.0
1778866763,130,,Aggregated,124.200000,0.000000,80,85,100,140,490,1100,2300,3600,5500,7300,7700,273549,0,80,248.2790533770905,65.73403099991992,7683.518324999568,13.0
1778866764,129,,Aggregated,123.600000,0.000000,80,85,100,140,490,1100,2300,3600,5500,7300,7700,273670,0,80,248.20577158235375,65.73403099991992,7683.518324999568,13.0
1778866765,128,,Aggregated,123.300000,0.000000,80,85,100,140,490,1100,2300,3600,5500,7300,7700,273790,0,80,248.13113583947836,65.73403099991992,7683.518324999568,13.0
1778866766,128,,Aggregated,122.800000,0.000000,80,85,100,140,490,1100,2300,3600,5500,7300,7700,273908,0,80,248.0584388726062,65.73403099991992,7683.518324999568,13.0
1778866767,127,,Aggregated,122.000000,0.000000,80,85,100,140,490,1100,2300,3600,5500,7300,7700,274024,0,80,247.98823193729652,65.73403099991992,7683.518324999568,13.0
1778866768,126,,Aggregated,121.500000,0.000000,80,85,100,140,480,1100,2300,3600,5500,7300,7700,274143,0,80,247.9141949268148,65.73403099991992,7683.518324999568,13.0
1778866769,125,,Aggregated,121.200000,0.000000,80,85,100,140,480,1100,2300,3600,5500,7300,7700,274259,0,80,247.8421894417934,65.73403099991992,7683.518324999568,13.0
1778866770,125,,Aggregated,120.300000,0.000000,80,85,100,140,480,1100,2300,3600,5500,7300,7700,274374,0,80,247.77136132539093,65.73403099991992,7683.518324999568,13.0
1778866771,124,,Aggregated,119.600000,0.000000,80,85,100,140,480,1100,2300,3600,5500,7300,7700,274493,0,80,247.6979212932052,65.73403099991992,7683.518324999568,13.0
1778866772,123,,Aggregated,118.700000,0.000000,80,85,100,140,480,1100,2300,3600,5500,7300,7700,274608,0,80,247.62854398404897,65.73403099991992,7683.518324999568,13.0
1778866773,122,,Aggregated,118.300000,0.000000,80,85,100,140,480,1100,2300,3600,5500,7300,7700,274718,0,80,247.56116329184363,65.73403099991992,7683.518324999568,13.0
1778866774,122,,Aggregated,117.700000,0.000000,80,85,100,140,480,1100,2300,3600,5500,7300,7700,274826,0,80,247.49503742989626,65.73403099991992,7683.518324999568,13.0
1778866775,121,,Aggregated,116.700000,0.000000,80,85,100,140,480,1100,2300,3600,5500,7300,7700,274938,0,80,247.43136563792092,65.73403099991992,7683.518324999568,13.0
1778866776,120,,Aggregated,116.500000,0.000000,80,85,100,140,480,1100,2300,3600,5500,7300,7700,275048,0,80,247.36798421751735,65.73403099991992,7683.518324999568,13.0
1778866777,119,,Aggregated,115.300000,0.000000,80,85,100,140,480,1100,2300,3600,5500,7300,7700,275159,0,80,247.29900707276025,65.73403099991992,7683.518324999568,13.0
1778866778,118,,Aggregated,114.800000,0.000000,80,85,100,140,480,1100,2300,3600,5500,7300,7700,275273,0,80,247.2280890874753,65.73403099991992,7683.518324999568,13.0
1778866779,118,,Aggregated,113.800000,0.000000,80,85,100,140,480,1100,2300,3600,5500,7300,7700,275385,0,80,247.15936228838004,65.73403099991992,7683.518324999568,13.0
1778866780,117,,Aggregated,112.900000,0.000000,80,85,100,140,480,1100,2300,3600,5500,7300,7700,275491,0,80,247.09370895854124,65.73403099991992,7683.518324999568,13.0
1778866781,116,,Aggregated,112.100000,0.000000,80,85,100,140,480,1100,2300,3600,5500,7300,7700,275598,0,80,247.02945944069756,65.73403099991992,7683.518324999568,13.0
1778866782,115,,Aggregated,112.100000,0.000000,80,85,100,140,480,1100,2300,3600,5500,7300,7700,275705,0,80,246.96368505437087,65.73403099991992,7683.518324999568,13.0
1778866783,114,,Aggregated,111.300000,0.000000,80,85,100,140,480,1100,2300,3600,5500,7300,7700,275810,0,80,246.89959236714898,65.73403099991992,7683.518324999568,13.0
1778866784,113,,Aggregated,110.300000,0.000000,80,85,100,140,480,1100,2300,3600,5500,7300,7700,275916,0,80,246.83363835500796,65.73403099991992,7683.518324999568,13.0
1778866785,113,,Aggregated,109.600000,0.000000,80,85,100,140,480,1100,2300,3600,5500,7300,7700,276019,0,80,246.77005189105236,65.73403099991992,7683.518324999568,13.0
1778866786,112,,Aggregated,108.600000,0.000000,80,85,100,140,480,1100,2300,3600,5500,7300,7700,276124,0,80,246.7050199493139,65.73403099991992,7683.518324999568,13.0
1778866787,111,,Aggregated,108.300000,0.000000,80,85,100,140,480,1100,2300,3600,5500,7300,7700,276227,0,80,246.64229007745962,65.73403099991992,7683.518324999568,13.0
1778866788,110,,Aggregated,107.700000,0.000000,80,85,100,140,480,1100,2300,3600,5500,7300,7700,276330,0,80,246.57990990489407,65.73403099991992,7683.518324999568,13.0
1778866789,109,,Aggregated,107.000000,0.000000,80,85,100,140,480,1100,2300,3600,5500,7300,7700,276430,0,80,246.51900608286138,65.73403099991992,7683.518324999568,13.0
1778866790,108,,Aggregated,106.200000,0.000000,80,85,100,140,480,1100,2300,3600,5500,7300,7700,276533,0,80,246.45637706392856,65.73403099991992,7683.518324999568,13.0
1778866791,107,,Aggregated,105.700000,0.000000,80,85,100,140,480,1100,2300,3600,5500,7300,7700,276635,0,80,246.39525831165042,65.73403099991992,7683.518324999568,13.0
1778866792,107,,Aggregated,104.200000,0.000000,80,85,100,140,480,1100,2300,3600,5500,7300,7700,276737,0,80,246.34213722956608,65.73403099991992,7683.518324999568,13.0
1778866793,106,,Aggregated,103.200000,0.000000,80,85,100,140,480,1100,2300,3600,5500,7300,7700,276821,0,80,246.29662882016703,65.73403099991992,7683.518324999568,13.0
1778866794,105,,Aggregated,102.800000,0.000000,80,85,100,140,480,1100,2300,3600,5500,7300,7700,276909,0,80,246.26885422221915,65.73403099991992,7683.518324999568,13.0
1778866795,104,,Aggregated,102.500000,0.000000,80,85,100,140,480,1100,2300,3600,5500,7300,7700,276982,0,80,246.26477469961745,65.73403099991992,7683.518324999568,13.0
1778866796,103,,Aggregated,100.700000,0.000000,80,85,100,140,480,1100,2300,3600,5500,7300,7700,277058,0,80,246.3119694192388,65.73403099991992,7683.518324999568,13.0
1778866797,102,,Aggregated,99.000000,0.000000,80,85,100,140,480,1100,2300,3600,5500,7300,7700,277138,0,80,246.3180912339105,65.73403099991992,7683.518324999568,13.0
1778866798,101,,Aggregated,95.600000,0.000000,80,85,100,140,480,1100,2300,3600,5500,7300,7700,277218,0,80,246.33559542123348,65.73403099991992,7683.518324999568,13.0
1778866799,100,,Aggregated,93.400000,0.000000,80,85,100,140,480,1100,2300,3600,5500,7300,7700,277299,0,80,246.33865052935442,65.73403099991992,7683.518324999568,13.0
1778866800,100,,Aggregated,91.000000,0.000000,80,85,100,140,480,1100,2300,3600,5500,7300,7700,277388,0,80,246.33049149579807,65.73403099991992,7683.518324999568,13.0
1778866801,99,,Aggregated,88.300000,0.000000,80,85,100,140,480,1100,2300,3600,5500,7300,7700,277480,0,80,246.28519130173834,65.73403099991992,7683.518324999568,13.0
1778866802,98,,Aggregated,86.500000,0.000000,80,85,100,140,480,1100,2300,3600,5500,7300,7700,277570,0,80,246.2333781541102,65.73403099991992,7683.518324999568,13.0
1778866803,97,,Aggregated,85.500000,0.000000,80,85,100,140,480,1100,2300,3600,5500,7300,7700,277661,0,80,246.1773851364303,65.73403099991992,7683.518324999568,13.0
1778866804,96,,Aggregated,84.600000,0.000000,80,85,100,140,480,1100,2300,3600,5500,7300,7700,277752,0,80,246.1212399157966,65.73403099991992,7683.518324999568,13.0
1778866805,95,,Aggregated,83.300000,0.000000,80,85,100,140,480,1100,2300,3600,5500,7300,7700,277843,0,80,246.06538301882102,65.73403099991992,7683.518324999568,13.0
1778866806,94,,Aggregated,83.700000,0.000000,80,85,100,140,480,1100,2300,3600,5500,7300,7700,277929,0,80,246.0123230001343,65.73403099991992,7683.518324999568,13.0
1778866807,93,,Aggregated,83.900000,0.000000,80,85,100,140,480,1100,2300,3600,5500,7300,7700,278018,0,80,245.95741657699267,65.73403099991992,7683.518324999568,13.0
1778866809,93,,Aggregated,85.900000,0.000000,80,85,100,140,480,1100,2300,3600,5500,7300,7700,278105,0,80,245.90365112552234,65.73403099991992,7683.518324999568,13.0
1778866810,92,,Aggregated,86.400000,0.000000,80,85,100,140,480,1100,2300,3600,5500,7300,7700,278189,0,80,245.85189426889443,65.73403099991992,7683.518324999568,13.0
1778866811,91,,Aggregated,88.500000,0.000000,80,85,100,140,480,1100,2300,3600,5500,7300,7700,278271,0,80,245.80181408554782,65.73403099991992,7683.518324999568,13.0
1778866812,90,,Aggregated,88.700000,0.000000,80,85,100,140,470,1100,2300,3600,5500,7300,7700,278357,0,80,245.74911186291854,65.73403099991992,7683.518324999568,13.0
1778866813,89,,Aggregated,87.800000,0.000000,80,85,100,140,470,1100,2300,3600,5500,7300,7700,278441,0,80,245.69780876602005,65.73403099991992,7683.518324999568,13.0
1778866814,88,,Aggregated,87.300000,0.000000,80,85,100,140,470,1100,2300,3600,5500,7300,7700,278521,0,80,245.65112201885822,65.73403099991992,7683.518324999568,13.0
1778866815,87,,Aggregated,86.400000,0.000000,80,85,100,140,470,1100,2300,3600,5500,7300,7700,278602,0,80,245.60141808831017,65.73403099991992,7683.518324999568,13.0
1778866816,87,,Aggregated,86.400000,0.000000,80,85,100,140,470,1100,2300,3600,5500,7300,7700,278680,0,80,245.55325440955016,65.73403099991992,7683.518324999568,13.0
1778866817,86,,Aggregated,84.800000,0.000000,80,85,100,140,470,1100,2300,3600,5500,7300,7700,278763,0,80,245.50251119117115,65.73403099991992,7683.518324999568,13.0
1778866818,85,,Aggregated,83.600000,0.000000,80,85,100,140,470,1100,2300,3600,5500,7300,7700,278844,0,80,245.45344836017057,65.73403099991992,7683.518324999568,13.0
1778866819,84,,Aggregated,83.600000,0.000000,80,85,100,140,470,1100,2300,3600,5500,7300,7700,278919,0,80,245.40843526718322,65.73403099991992,7683.518324999568,13.0
1778866820,83,,Aggregated,82.400000,0.000000,80,85,100,140,470,1100,2300,3600,5500,7300,7700,278998,0,80,245.36427147866092,65.73403099991992,7683.518324999568,13.0
1778866821,82,,Aggregated,81.400000,0.000000,80,85,100,140,470,1100,2300,3600,5500,7300,7700,279065,0,80,245.32937605718902,65.73403099991992,7683.518324999568,13.0
1778866822,82,,Aggregated,80.500000,0.000000,80,85,100,140,470,1100,2300,3600,5500,7300,7700,279140,0,80,245.29753695169273,65.73403099991992,7683.518324999568,13.0
1778866823,81,,Aggregated,80.500000,0.000000,80,85,100,140,470,1100,2300,3600,5500,7300,7700,279196,0,80,245.3044159889917,65.73403099991992,7683.518324999568,13.0
1778866824,80,,Aggregated,78.200000,0.000000,80,85,100,140,470,1100,2300,3600,5500,7300,7700,279250,0,80,245.3430003799986,65.73403099991992,7683.518324999568,13.0
1778866825,79,,Aggregated,75.900000,0.000000,80,85,100,140,470,1100,2300,3600,5500,7300,7700,279325,0,80,245.339401142553,65.73403099991992,7683.518324999568,13.0
1778866826,78,,Aggregated,72.800000,0.000000,80,85,100,140,470,1100,2300,3600,5500,7300,7700,279397,0,80,245.3035848004797,65.73403099991992,7683.518324999568,13.0
1778866827,78,,Aggregated,72.100000,0.000000,80,85,100,140,470,1100,2300,3600,5500,7300,7700,279468,0,80,245.26446060835792,65.73403099991992,7683.518324999568,13.0
1778866828,77,,Aggregated,71.300000,0.000000,80,85,100,140,470,1100,2300,3600,5500,7300,7700,279531,0,80,245.2326046934636,65.73403099991992,7683.518324999568,13.0
1778866829,76,,Aggregated,70.200000,0.000000,80,85,100,140,470,1100,2300,3600,5500,7300,7700,279603,0,80,245.19951046251143,65.73403099991992,7683.518324999568,13.0
1778866830,75,,Aggregated,68.700000,0.000000,80,85,100,140,470,1100,2300,3600,5500,7300,7700,279668,0,80,245.17976167809886,65.73403099991992,7683.518324999568,13.0
1778866831,75,,Aggregated,68.200000,0.000000,80,85,100,140,470,1100,2300,3600,5500,7300,7700,279727,0,80,245.17361877668804,65.73403099991992,7683.518324999568,13.0
1778866832,74,,Aggregated,66.800000,0.000000,80,85,100,140,470,1100,2300,3600,5500,7300,7700,279794,0,80,245.14815754873808,65.73403099991992,7683.518324999568,13.0
1778866833,73,,Aggregated,66.000000,0.000000,80,85,100,140,470,1100,2300,3600,5500,7300,7700,279854,0,80,245.12715063077746,65.73403099991992,7683.518324999568,13.0
1778866834,72,,Aggregated,64.900000,0.000000,80,85,100,140,470,1100,2300,3600,5500,7300,7700,279922,0,80,245.10841988603096,65.73403099991992,7683.518324999568,13.0
1778866835,72,,Aggregated,65.500000,0.000000,80,85,100,140,470,1100,2300,3600,5500,7300,7700,279982,0,80,245.09175733725584,65.73403099991992,7683.518324999568,13.0
1778866836,71,,Aggregated,66.800000,0.000000,80,85,100,140,470,1100,2300,3600,5500,7300,7700,280048,0,80,245.05892922603456,65.73403099991992,7683.518324999568,13.0
1778866837,70,,Aggregated,65.400000,0.000000,80,85,100,140,470,1100,2300,3600,5500,7300,7700,280115,0,80,245.02323555543822,65.73403099991992,7683.518324999568,13.0
1778866838,69,,Aggregated,65.100000,0.000000,80,85,100,140,470,1100,2300,3600,5500,7300,7700,280172,0,80,244.99976281261704,65.73403099991992,7683.518324999568,13.0
1778866839,69,,Aggregated,64.300000,0.000000,80,85,100,140,470,1100,2300,3600,5500,7300,7700,280205,0,80,245.01494772962488,65.73403099991992,7683.518324999568,13.0
1778866840,68,,Aggregated,63.800000,0.000000,80,85,100,140,470,1100,2300,3600,5500,7300,7700,280235,0,80,245.0732433372332,65.73403099991992,7683.518324999568,13.0
1778866841,67,,Aggregated,60.200000,0.000000,80,85,100,140,470,1100,2300,3600,5500,7300,7700,280257,0,80,245.14715997686963,65.73403099991992,7683.518324999568,13.0
1778866842,67,,Aggregated,56.900000,0.000000,80,85,100,140,470,1100,2300,3600,5500,7300,7700,280294,0,80,245.3083256496234,65.73403099991992,7683.518324999568,13.0
1778866843,66,,Aggregated,53.200000,0.000000,80,85,100,140,470,1100,2300,3600,5500,7300,7700,280333,0,80,245.40830350174446,65.73403099991992,7683.518324999568,13.0
1778866844,65,,Aggregated,50.200000,0.000000,80,85,100,140,470,1100,2300,3600,5500,7300,7700,280355,0,80,245.45566764547996,65.73403099991992,7683.518324999568,13.0
1778866845,65,,Aggregated,47.500000,0.000000,80,85,100,140,470,1100,2300,3600,5500,7300,7700,280378,0,80,245.51107107903445,65.73403099991992,7683.518324999568,13.0
1778866846,64,,Aggregated,43.600000,0.000000,80,85,100,140,470,1100,2300,3600,5500,7300,7700,280409,0,80,245.65177271315648,65.73403099991992,7683.518324999568,13.0
1778866847,64,,Aggregated,40.100000,0.000000,80,85,100,140,480,1100,2300,3600,5500,7300,7700,280448,0,80,245.8232608582571,65.73403099991992,7683.518324999568,13.0
1778866848,63,,Aggregated,36.000000,0.000000,80,85,100,140,480,1100,2300,3600,5500,7300,7700,280506,0,80,245.85063730930332,65.73403099991992,7683.518324999568,13.0
1778866849,62,,Aggregated,33.500000,0.000000,80,85,100,140,480,1100,2300,3600,5500,7300,7700,280566,0,80,245.81486850897622,65.73403099991992,7683.518324999568,13.0
1778866850,62,,Aggregated,33.400000,0.000000,80,85,100,140,480,1100,2300,3600,5500,7300,7700,280625,0,80,245.78059924865357,65.73403099991992,7683.518324999568,13.0
1778866851,61,,Aggregated,35.800000,0.000000,80,85,100,140,480,1100,2300,3600,5500,7300,7700,280673,0,80,245.76224355323237,65.73403099991992,7683.518324999568,13.0
1778866852,61,,Aggregated,38.800000,0.000000,80,85,100,140,480,1100,2300,3600,5500,7300,7700,280711,0,80,245.76101603619514,65.73403099991992,7683.518324999568,13.0
1778866853,60,,Aggregated,41.300000,0.000000,80,85,100,140,480,1100,2300,3600,5500,7300,7700,280742,0,80,245.7916423373573,65.73403099991992,7683.518324999568,13.0
1778866854,60,,Aggregated,41.900000,0.000000,80,85,100,140,480,1100,2300,3600,5500,7300,7700,280770,0,80,245.85536956628704,65.73403099991992,7683.518324999568,13.0
1778866855,59,,Aggregated,41.300000,0.000000,80,85,100,140,480,1100,2300,3600,5500,7300,7700,280811,0,80,245.98032188008085,65.73403099991992,7683.518324999568,13.0
1778866856,59,,Aggregated,41.300000,0.000000,80,85,100,140,480,1100,2300,3600,5500,7300,7700,280843,0,80,246.01730873672258,65.73403099991992,7683.518324999568,13.0
1778866857,58,,Aggregated,42.900000,0.000000,80,85,100,140,480,1100,2300,3600,5500,7300,7700,280882,0,80,246.08774118519668,65.73403099991992,7683.518324999568,13.0
1778866858,58,,Aggregated,43.400000,0.000000,80,85,100,140,480,1100,2300,3600,5500,7300,7700,280935,0,80,246.0922337274367,65.73403099991992,7683.518324999568,13.0
1778866859,57,,Aggregated,43.100000,0.000000,80,85,100,140,480,1100,2300,3600,5500,7300,7700,280988,0,80,246.06456229351585,65.73403099991992,7683.518324999568,13.0
1778866860,57,,Aggregated,42.500000,0.000000,80,85,100,140,480,1100,2300,3600,5500,7300,7700,281042,0,80,246.03304524978984,65.73403099991992,7683.518324999568,13.0
1778866861,56,,Aggregated,41.900000,0.000000,80,85,100,140,480,1100,2300,3600,5500,7300,7700,281093,0,80,246.00192441256968,65.73403099991992,7683.518324999568,13.0
1778866862,56,,Aggregated,41.400000,0.000000,80,85,100,140,480,1100,2300,3600,5500,7300,7700,281147,0,80,245.96892951781248,65.73403099991992,7683.518324999568,13.0
1778866863,55,,Aggregated,41.500000,0.000000,80,85,100,140,480,1100,2300,3600,5500,7300,7700,281197,0,80,245.93818238947918,65.73403099991992,7683.518324999568,13.0
1778866864,55,,Aggregated,43.000000,0.000000,80,85,100,140,480,1100,2300,3600,5500,7300,7700,281248,0,80,245.90758327740411,65.73403099991992,7683.518324999568,13.0
1778866865,55,,Aggregated,45.200000,0.000000,80,85,100,140,480,1100,2300,3600,5500,7300,7700,281300,0,80,245.87605706934352,65.73403099991992,7683.518324999568,13.0
1778866866,54,,Aggregated,47.800000,0.000000,80,85,100,140,480,1100,2300,3600,5500,7300,7700,281351,0,80,245.84541750229536,65.73403099991992,7683.518324999568,13.0
1778866867,54,,Aggregated,48.500000,0.000000,80,85,100,140,480,1100,2300,3600,5500,7300,7700,281397,0,80,245.81734216446273,65.73403099991992,7683.518324999568,13.0
1778866868,53,,Aggregated,50.100000,0.000000,80,85,100,140,480,1100,2300,3600,5500,7300,7700,281445,0,80,245.7948421902302,65.73403099991992,7683.518324999568,13.0
1778866869,53,,Aggregated,51.600000,0.000000,80,85,100,140,480,1100,2300,3600,5500,7300,7700,281495,0,80,245.76394710418785,65.73403099991992,7683.518324999568,13.0
1778866870,53,,Aggregated,51.300000,0.000000,80,85,100,140,480,1100,2300,3600,5500,7300,7700,281545,0,80,245.73384203167302,65.73403099991992,7683.518324999568,13.0
1778866871,52,,Aggregated,51.100000,0.000000,80,85,100,140,480,1100,2300,3600,5500,7300,7700,281597,0,80,245.7030440597464,65.73403099991992,7683.518324999568,13.0
1778866872,52,,Aggregated,50.500000,0.000000,80,85,100,140,480,1100,2300,3600,5500,7300,7700,281647,0,80,245.6722060431371,65.73403099991992,7683.518324999568,13.0
1778866873,52,,Aggregated,50.500000,0.000000,80,85,100,140,480,1100,2300,3600,5500,7300,7700,281694,0,80,245.6432224454068,65.73403099991992,7683.518324999568,13.0
1778866874,52,,Aggregated,49.600000,0.000000,80,85,100,140,480,1100,2300,3600,5500,7300,7700,281742,0,80,245.61374360426,65.73403099991992,7683.518324999568,13.0
1778866875,51,,Aggregated,49.000000,0.000000,80,85,100,140,480,1100,2300,3600,5500,7300,7700,281789,0,80,245.58486928823496,65.73403099991992,7683.518324999568,13.0
1778866876,51,,Aggregated,48.900000,0.000000,80,85,100,140,480,1100,2300,3600,5500,7300,7700,281835,0,80,245.55665318146242,65.73403099991992,7683.518324999568,13.0
1778866877,51,,Aggregated,48.800000,0.000000,80,85,100,140,480,1100,2300,3600,5500,7300,7700,281884,0,80,245.5263844178545,65.73403099991992,7683.518324999568,13.0
1778866878,51,,Aggregated,48.500000,0.000000,80,85,100,140,480,1100,2300,3600,5500,7300,7700,281931,0,80,245.4975641965642,65.73403099991992,7683.518324999568,13.0
1778866879,51,,Aggregated,48.500000,0.000000,80,85,100,140,480,1100,2300,3600,5500,7300,7700,281978,0,80,245.46853116751848,65.73403099991992,7683.518324999568,13.0
1778866880,50,,Aggregated,48.000000,0.000000,80,85,100,140,480,1100,2300,3600,5500,7300,7700,282025,0,80,245.44032851434633,65.73403099991992,7683.518324999568,13.0
1778866881,50,,Aggregated,47.400000,0.000000,80,85,100,140,480,1100,2300,3600,5500,7300,7700,282071,0,80,245.41205868230512,65.73403099991992,7683.518324999568,13.0
1778866882,50,,Aggregated,47.400000,0.000000,80,85,100,140,470,1100,2300,3600,5500,7300,7700,282116,0,80,245.3843864062459,65.73403099991992,7683.518324999568,13.0
1778866883,50,,Aggregated,47.300000,0.000000,80,85,100,140,470,1100,2300,3600,5500,7300,7700,282164,0,80,245.35489228402434,65.73403099991992,7683.518324999568,13.0
1778866884,50,,Aggregated,47.500000,0.000000,80,85,100,140,470,1100,2300,3600,5500,7300,7700,282211,0,80,245.32587493798766,65.73403099991992,7683.518324999568,13.0
1778866885,50,,Aggregated,47.600000,0.000000,80,85,100,140,470,1100,2300,3600,5500,7300,7700,282259,0,80,245.29624632123486,65.73403099991992,7683.518324999568,13.0
1778866886,50,,Aggregated,47.300000,0.000000,80,85,100,140,470,1100,2300,3600,5500,7300,7700,282307,0,80,245.2666452506932,65.73403099991992,7683.518324999568,13.0
1778866887,50,,Aggregated,47.200000,0.000000,80,85,100,140,470,1100,2300,3600,5500,7300,7700,282356,0,80,245.23690170556142,65.73403099991992,7683.518324999568,13.0
1778866888,50,,Aggregated,47.100000,0.000000,80,85,100,140,470,1100,2300,3600,5500,7300,7700,282402,0,80,245.20872524580372,65.73403099991992,7683.518324999568,13.0
1778866889,50,,Aggregated,46.900000,0.000000,80,85,100,140,470,1100,2300,3600,5500,7300,7700,282446,0,80,245.18163404744766,65.73403099991992,7683.518324999568,13.0
1778866890,50,,Aggregated,46.900000,0.000000,80,85,100,140,470,1100,2300,3600,5500,7300,7700,282492,0,80,245.15351920061957,65.73403099991992,7683.518324999568,13.0
1778866891,50,,Aggregated,47.000000,0.000000,80,85,100,140,470,1100,2300,3600,5500,7300,7700,282540,0,80,245.12475903542997,65.73403099991992,7683.518324999568,13.0
1778866892,50,,Aggregated,46.800000,0.000000,80,85,100,140,470,1100,2300,3600,5500,7300,7700,282586,0,80,245.09905518780266,65.73403099991992,7683.518324999568,13.0
1778866893,50,,Aggregated,46.700000,0.000000,80,85,100,140,470,1100,2300,3600,5500,7300,7700,282633,0,80,245.07157126051956,65.73403099991992,7683.518324999568,13.0
1778866894,50,,Aggregated,46.200000,0.000000,80,85,100,140,470,1100,2300,3600,5500,7300,7700,282678,0,80,245.0442990559591,65.73403099991992,7683.518324999568,13.0
1778866895,50,,Aggregated,46.100000,0.000000,80,85,100,140,470,1100,2300,3600,5500,7300,7700,282719,0,80,245.02485310350679,65.73403099991992,7683.518324999568,13.0
1778866896,50,,Aggregated,46.100000,0.000000,80,85,100,140,470,1100,2300,3600,5500,7300,7700,282741,0,80,245.0424461642752,65.73403099991992,7683.518324999568,13.0
1778866897,50,,Aggregated,46.000000,0.000000,80,85,100,140,470,1100,2300,3600,5500,7300,7700,282783,0,80,245.1081179024597,65.73403099991992,7683.518324999568,13.0
1778866898,50,,Aggregated,43.600000,0.000000,80,85,100,140,470,1100,2300,3600,5500,7300,7700,282805,0,80,245.12088534144124,65.73403099991992,7683.518324999568,13.0
1778866899,50,,Aggregated,42.400000,0.000000,80,85,100,140,470,1100,2300,3600,5500,7300,7700,282834,0,80,245.1675630556805,65.73403099991992,7683.518324999568,13.0
1778866900,50,,Aggregated,41.000000,0.000000,80,85,100,140,480,1100,2300,3600,5500,7300,7700,282881,0,80,245.2307642256474,65.73403099991992,7683.518324999568,13.0
1778866901,50,,Aggregated,39.000000,0.000000,80,85,100,140,480,1100,2300,3600,5500,7300,7700,282922,0,80,245.21057125912225,65.73403099991992,7683.518324999568,13.0
1778866902,50,,Aggregated,37.900000,0.000000,80,85,100,140,470,1100,2300,3600,5500,7300,7700,282966,0,80,245.19268327380806,65.73403099991992,7683.518324999568,13.0
1778866903,51,,Aggregated,38.000000,0.000000,80,85,100,140,470,1100,2300,3600,5500,7300,7700,283015,0,80,245.16507842727202,65.73403099991992,7683.518324999568,13.0
1778866904,51,,Aggregated,37.800000,0.000000,80,85,100,140,470,1100,2300,3600,5500,7300,7700,283062,0,80,245.13782042434306,65.73403099991992,7683.518324999568,13.0
1778866905,51,,Aggregated,38.000000,0.000000,80,85,100,140,470,1100,2300,3600,5500,7300,7700,283109,0,80,245.11088848815257,65.73403099991992,7683.518324999568,13.0
1778866906,51,,Aggregated,38.100000,0.000000,80,85,100,140,470,1100,2300,3600,5500,7300,7700,283154,0,80,245.0841895454713,65.73403099991992,7683.518324999568,13.0
1778866907,51,,Aggregated,38.300000,0.000000,80,85,100,140,470,1100,2300,3600,5500,7300,7700,283203,0,80,245.05444193984303,65.73403099991992,7683.518324999568,13.0
1778866908,52,,Aggregated,41.000000,0.000000,80,85,100,140,470,1100,2300,3600,5500,7300,7700,283252,0,80,245.0247818547737,65.73403099991992,7683.518324999568,13.0
1778866909,52,,Aggregated,42.400000,0.000000,80,85,100,140,470,1100,2300,3600,5500,7300,7700,283300,0,80,244.99549187747036,65.73403099991992,7683.518324999568,13.0
1778866910,52,,Aggregated,44.300000,0.000000,80,85,100,140,470,1100,2300,3600,5500,7300,7700,283350,0,80,244.96500822088365,65.73403099991992,7683.518324999568,13.0
1778866911,53,,Aggregated,46.300000,0.000000,80,85,100,140,470,1100,2300,3600,5500,7300,7700,283401,0,80,244.9342819561834,65.73403099991992,7683.518324999568,13.0
1778866912,53,,Aggregated,47.600000,0.000000,80,85,100,140,470,1100,2300,3600,5500,7300,7700,283452,0,80,244.9034886172769,65.73403099991992,7683.518324999568,13.0
1778866913,53,,Aggregated,47.600000,0.000000,80,85,100,140,470,1100,2300,3600,5500,7300,7700,283501,0,80,244.87386545789366,65.73403099991992,7683.518324999568,13.0
1778866914,54,,Aggregated,48.500000,0.000000,80,85,100,140,470,1100,2300,3600,5500,7300,7700,283552,0,80,244.84524292548198,65.73403099991992,7683.518324999568,13.0
1778866915,54,,Aggregated,48.500000,0.000000,80,85,100,140,470,1100,2300,3600,5500,7300,7700,283602,0,80,244.81495094272694,65.73403099991992,7683.518324999568,13.0
1778866916,54,,Aggregated,48.700000,0.000000,80,85,100,140,470,1100,2300,3600,5500,7300,7700,283651,0,80,244.78545345742214,65.73403099991992,7683.518324999568,13.0
1778866917,55,,Aggregated,49.000000,0.000000,80,85,100,140,470,1100,2300,3600,5500,7300,7700,283703,0,80,244.7542259065086,65.73403099991992,7683.518324999568,13.0
1778866918,55,,Aggregated,49.100000,0.000000,80,85,100,140,470,1100,2300,3600,5500,7300,7700,283755,0,80,244.72298030632493,65.73403099991992,7683.518324999568,13.0
1778866919,55,,Aggregated,49.400000,0.000000,80,85,100,140,470,1100,2300,3600,5500,7300,7700,283806,0,80,244.6923910646611,65.73403099991992,7683.518324999568,13.0
1778866920,56,,Aggregated,49.400000,0.000000,80,85,100,140,470,1100,2300,3600,5500,7300,7700,283856,0,80,244.66270311842345,65.73403099991992,7683.518324999568,13.0
1778866921,56,,Aggregated,49.600000,0.000000,80,85,100,140,470,1100,2300,3600,5500,7300,7700,283907,0,80,244.6330806455502,65.73403099991992,7683.518324999568,13.0
1778866922,57,,Aggregated,50.400000,0.000000,80,85,100,140,470,1100,2300,3600,5500,7300,7700,283963,0,80,244.60718026335877,65.73403099991992,7683.518324999568,13.0
1778866923,57,,Aggregated,50.800000,0.000000,80,85,100,140,470,1100,2300,3600,5500,7300,7700,284014,0,80,244.5777620122922,65.73403099991992,7683.518324999568,13.0
1778866924,58,,Aggregated,50.900000,0.000000,80,85,100,140,470,1100,2300,3600,5500,7300,7700,284068,0,80,244.54525579390562,65.73403099991992,7683.518324999568,13.0
1778866925,58,,Aggregated,51.200000,0.000000,80,85,100,140,470,1100,2300,3600,5500,7300,7700,284125,0,80,244.51110853175612,65.73403099991992,7683.518324999568,13.0
1778866926,59,,Aggregated,51.600000,0.000000,80,85,100,140,470,1100,2300,3600,5500,7300,7700,284179,0,80,244.48058151756862,65.73403099991992,7683.518324999568,13.0
1778866927,59,,Aggregated,51.800000,0.000000,80,85,100,140,470,1100,2300,3600,5500,7300,7700,284225,0,80,244.45982141828893,65.73403099991992,7683.518324999568,13.0
1778866928,60,,Aggregated,52.200000,0.000000,80,85,100,140,470,1100,2300,3600,5500,7300,7700,284281,0,80,244.44623086952058,65.73403099991992,7683.518324999568,13.0
1778866929,60,,Aggregated,52.300000,0.000000,80,85,100,140,470,1100,2300,3600,5500,7300,7700,284337,0,80,244.4247438925823,65.73403099991992,7683.518324999568,13.0
1778866930,61,,Aggregated,53.000000,0.000000,80,85,100,140,470,1100,2300,3600,5500,7300,7700,284384,0,80,244.4062457259768,65.73403099991992,7683.518324999568,13.0
1778866931,61,,Aggregated,52.500000,0.000000,80,85,100,140,470,1100,2300,3600,5500,7300,7700,284435,0,80,244.3960366913254,65.73403099991992,7683.518324999568,13.0
1778866932,62,,Aggregated,52.400000,0.000000,80,85,100,140,470,1100,2300,3600,5500,7300,7700,284469,0,80,244.41226160157746,65.73403099991992,7683.518324999568,13.0
1778866933,63,,Aggregated,52.600000,0.000000,80,85,100,140,470,1100,2300,3600,5500,7300,7700,284496,0,80,244.47127482385733,65.73403099991992,7683.518324999568,13.0
1778866934,63,,Aggregated,51.400000,0.000000,80,85,100,140,470,1100,2300,3600,5500,7300,7700,284527,0,80,244.58185545642462,65.73403099991992,7683.518324999568,13.0
1778866935,64,,Aggregated,48.700000,0.000000,80,85,100,140,470,1100,2300,3600,5500,7300,7700,284582,0,80,244.6670148563161,65.73403099991992,7683.518324999568,13.0
1778866936,64,,Aggregated,46.000000,0.000000,80,85,100,140,470,1100,2300,3600,5500,7300,7700,284641,0,80,244.6515838434631,65.73403099991992,7683.518324999568,13.0
1778866937,65,,Aggregated,45.200000,0.000000,80,85,100,140,470,1100,2300,3600,5500,7300,7700,284691,0,80,244.62303618846462,65.73403099991992,7683.518324999568,13.0
1778866938,66,,Aggregated,45.600000,0.000000,80,85,100,140,470,1100,2300,3600,5500,7300,7700,284753,0,80,244.5966948197779,65.73403099991992,7683.518324999568,13.0
1778866939,66,,Aggregated,46.300000,0.000000,80,85,100,140,470,1100,2300,3600,5500,7300,7700,284816,0,80,244.57079053625958,65.73403099991992,7683.518324999568,13.0
1778866940,67,,Aggregated,46.800000,0.000000,80,85,100,140,470,1100,2200,3600,5500,7300,7700,284879,0,80,244.53612479792946,65.73403099991992,7683.518324999568,13.0
1778866941,68,,Aggregated,48.200000,0.000000,80,85,100,140,470,1100,2200,3600,5500,7300,7700,284944,0,80,244.5022819131876,65.73403099991992,7683.518324999568,13.0
1778866942,68,,Aggregated,48.600000,0.000000,80,85,100,140,470,1100,2200,3600,5500,7300,7700,285006,0,80,244.4667535697399,65.73403099991992,7683.518324999568,13.0
1778866943,69,,Aggregated,49.300000,0.000000,80,85,100,140,470,1100,2200,3600,5500,7300,7700,285065,0,80,244.43548727854807,65.73403099991992,7683.518324999568,13.0
1778866944,70,,Aggregated,51.500000,0.000000,80,85,100,140,470,1100,2200,3600,5500,7300,7700,285126,0,80,244.4204803957102,65.73403099991992,7683.518324999568,13.0
1778866945,70,,Aggregated,55.600000,0.000000,80,85,100,140,470,1100,2200,3600,5500,7300,7700,285175,0,80,244.4060508205147,65.73403099991992,7683.518324999568,13.0
1778866946,71,,Aggregated,58.600000,0.000000,80,85,100,140,470,1100,2200,3600,5500,7300,7700,285221,0,80,244.4303323355933,65.73403099991992,7683.518324999568,13.0
1778866947,72,,Aggregated,60.600000,0.000000,80,85,100,140,470,1100,2200,3600,5500,7300,7700,285260,0,80,244.47501856848925,65.73403099991992,7683.518324999568,13.0
1778866948,73,,Aggregated,59.700000,0.000000,80,85,100,140,470,1100,2200,3600,5500,7300,7700,285289,0,80,244.54194785012825,65.73403099991992,7683.518324999568,13.0
1778866949,73,,Aggregated,57.300000,0.000000,80,85,100,140,470,1100,2200,3600,5500,7300,7700,285334,0,80,244.69442963010457,65.73403099991992,7683.518324999568,13.0
1778866950,74,,Aggregated,54.000000,0.000000,80,85,100,140,470,1100,2200,3600,5500,7300,7700,285400,0,80,244.75848480023214,65.73403099991992,7683.518324999568,13.0
1778866951,75,,Aggregated,51.700000,0.000000,80,85,100,140,470,1100,2200,3600,5500,7300,7700,285464,0,80,244.72545219239998,65.73403099991992,7683.518324999568,13.0
1778866952,76,,Aggregated,51.600000,0.000000,80,85,100,140,470,1100,2200,3600,5500,7300,7700,285535,0,80,244.68906452070772,65.73403099991992,7683.518324999568,13.0
1778866953,76,,Aggregated,52.500000,0.000000,80,85,100,140,470,1100,2200,3600,5500,7300,7700,285606,0,80,244.6598512746942,65.73403099991992,7683.518324999568,13.0
1778866954,77,,Aggregated,53.400000,0.000000,80,85,100,140,470,1100,2200,3600,5500,7300,7700,285675,0,80,244.63240581250483,65.73403099991992,7683.518324999568,13.0
1778866955,78,,Aggregated,53.100000,0.000000,80,85,100,140,470,1100,2200,3600,5500,7300,7700,285740,0,80,244.59834154740793,65.73403099991992,7683.518324999568,13.0
1778866956,79,,Aggregated,54.400000,0.000000,80,85,100,140,470,1100,2200,3600,5500,7300,7700,285814,0,80,244.56430923835555,65.73403099991992,7683.518324999568,13.0
1778866957,79,,Aggregated,55.100000,0.000000,80,85,100,140,470,1100,2200,3600,5500,7300,7700,285886,0,80,244.52599169970654,65.73403099991992,7683.518324999568,13.0
1778866958,80,,Aggregated,57.800000,0.000000,80,85,100,140,470,1100,2200,3600,5500,7300,7700,285962,0,80,244.49367211700962,65.73403099991992,7683.518324999568,13.0
1778866959,81,,Aggregated,61.600000,0.000000,80,85,100,140,470,1100,2200,3600,5500,7300,7700,286039,0,80,244.45210675230385,65.73403099991992,7683.518324999568,13.0
1778866960,82,,Aggregated,64.700000,0.000000,80,85,100,140,470,1100,2200,3600,5500,7300,7700,286107,0,80,244.41864111591556,65.73403099991992,7683.518324999568,13.0
1778866961,83,,Aggregated,68.800000,0.000000,80,85,100,140,470,1100,2200,3600,5500,7300,7700,286185,0,80,244.37902208576367,65.73403099991992,7683.518324999568,13.0
1778866962,84,,Aggregated,70.900000,0.000000,80,85,100,140,470,1100,2200,3600,5500,7300,7700,286261,0,80,244.33968381046776,65.73403099991992,7683.518324999568,13.0
1778866963,84,,Aggregated,71.800000,0.000000,80,85,100,140,470,1100,2200,3600,5500,7300,7700,286339,0,80,244.29746528108052,65.73403099991992,7683.518324999568,13.0
1778866964,85,,Aggregated,72.300000,0.000000,80,85,100,140,470,1100,2200,3600,5500,7300,7700,286419,0,80,244.2599383357958,65.73403099991992,7683.518324999568,13.0
1778866965,86,,Aggregated,73.700000,0.000000,80,85,100,140,470,1100,2200,3600,5500,7300,7700,286498,0,80,244.2205285378092,65.73403099991992,7683.518324999568,13.0
1778866966,87,,Aggregated,73.800000,0.000000,80,85,100,140,470,1100,2200,3600,5500,7300,7700,286575,0,80,244.18499452735335,65.73403099991992,7683.518324999568,13.0
1778866967,88,,Aggregated,74.600000,0.000000,80,85,100,140,470,1100,2200,3600,5500,7300,7700,286657,0,80,244.14104092979522,65.73403099991992,7683.518324999568,13.0
1778866968,89,,Aggregated,75.100000,0.000000,80,85,100,140,470,1100,2200,3600,5500,7300,7700,286740,0,80,244.0923693176338,65.73403099991992,7683.518324999568,13.0
1778866969,89,,Aggregated,75.400000,0.000000,80,85,100,140,470,1100,2200,3600,5500,7300,7700,286826,0,80,244.0424103633504,65.73403099991992,7683.518324999568,13.0
1778866970,90,,Aggregated,77.600000,0.000000,80,85,100,140,470,1100,2200,3600,5500,7300,7700,286909,0,80,243.99472466027316,65.73403099991992,7683.518324999568,13.0
1778866971,91,,Aggregated,78.500000,0.000000,80,85,100,140,470,1100,2200,3600,5500,7300,7700,286993,0,80,243.94524678359167,65.73403099991992,7683.518324999568,13.0
