Timestamp,User Count,Type,Name,Requests/s,Failures/s,50%,66%,75%,80%,90%,95%,98%,99%,99.9%,99.99%,100%,Total Request Count,Total Failure Count,Total Median Response Time,Total Average Response Time,Total Min Response Time,Total Max Response Time,Total Average Content Size
1778236074,0,,Aggregated,0.000000,0.000000,N/A,N/A,N/A,N/A,N/A,N/A,N/A,N/A,N/A,N/A,N/A,0,0,0,0.0,0,0,0
1778236075,1,,Aggregated,0.000000,0.000000,76,76,76,76,76,76,76,76,76,76,76,1,0,76.13824399959412,76.13824399959412,76.13824399959412,76.13824399959412,13.0
1778236076,2,,Aggregated,0.000000,0.000000,71,71,76,76,76,76,76,76,76,76,76,3,0,71,71.34901266605691,66.67860699963057,76.13824399959412,13.0
1778236077,3,,Aggregated,0.000000,0.000000,69,69,71,71,76,76,76,76,76,76,76,6,0,68,69.77463249980549,66.67860699963057,76.13824399959412,13.0
1778236078,4,,Aggregated,1.000000,0.000000,69,69,71,71,76,76,76,76,76,76,76,10,0,68,69.12029220020486,66.17820500105154,76.13824399959412,13.0
1778236079,5,,Aggregated,2.000000,0.000000,68,69,69,71,71,76,76,76,76,76,76,15,0,68,68.72665033345886,66.17820500105154,76.13824399959412,13.0
1778236080,6,,Aggregated,2.500000,0.000000,68,69,69,69,71,74,76,76,76,76,76,21,0,68,68.73368085724083,66.17820500105154,76.13824399959412,13.0
1778236081,7,,Aggregated,2.800000,0.000000,68,69,69,69,71,74,76,76,76,76,76,28,0,68,68.47726610736312,65.7902090006246,76.13824399959412,13.0
1778236082,8,,Aggregated,3.166667,0.000000,68,69,69,70,71,74,76,76,76,76,76,36,0,68,68.63083969458077,65.7902090006246,76.13824399959412,13.0
1778236083,9,,Aggregated,3.571429,0.000000,68,69,69,69,71,72,76,76,76,76,76,45,0,68,68.28800440012452,65.7902090006246,76.13824399959412,13.0
1778236084,10,,Aggregated,4.000000,0.000000,67,69,69,69,71,72,74,76,76,76,76,55,0,67,67.98599150920795,65.41536099939549,76.13824399959412,13.0
1778236085,11,,Aggregated,4.444444,0.000000,67,68,69,69,71,71,74,76,76,76,76,66,0,67,67.76380987894575,65.36484500065853,76.13824399959412,13.0
1778236086,12,,Aggregated,4.900000,0.000000,67,68,69,69,70,71,74,76,76,76,76,78,0,67,67.58399957701701,65.36484500065853,76.13824399959412,13.0
1778236087,13,,Aggregated,5.800000,0.000000,67,68,68,69,70,71,74,76,76,76,76,91,0,67,67.51662642862676,65.36484500065853,76.13824399959412,13.0
1778236088,14,,Aggregated,6.700000,0.000000,67,67,68,69,69,71,73,74,76,76,76,105,0,67,67.3484367142789,65.36484500065853,76.13824399959412,13.0
1778236089,15,,Aggregated,7.600000,0.000000,67,67,68,68,69,71,73,74,76,76,76,120,0,67,67.27420655000363,65.36484500065853,76.13824399959412,13.0
1778236090,16,,Aggregated,8.500000,0.000000,67,67,68,68,69,71,73,74,76,76,76,135,0,67,67.22387705183927,65.36484500065853,76.13824399959412,13.0
1778236091,17,,Aggregated,9.500000,0.000000,67,67,68,68,69,71,73,74,76,76,76,151,0,67,67.22318743707709,65.36484500065853,76.13824399959412,13.0
1778236092,18,,Aggregated,10.500000,0.000000,67,67,68,68,69,71,73,74,76,76,76,168,0,67,67.26508828571588,65.36484500065853,76.13824399959412,13.0
1778236093,19,,Aggregated,11.500000,0.000000,67,67,68,68,69,71,73,74,76,76,76,186,0,67,67.29169456451028,65.36484500065853,76.13824399959412,13.0
1778236094,20,,Aggregated,12.400000,0.000000,67,67,68,68,69,71,73,74,76,76,76,205,0,67,67.32686150728735,65.36484500065853,76.13824399959412,13.0
1778236095,21,,Aggregated,13.400000,0.000000,67,68,68,68,69,71,74,74,76,76,76,225,0,67,67.36367795994738,65.36484500065853,76.13824399959412,13.0
1778236096,22,,Aggregated,14.400000,0.000000,67,67,68,68,69,71,74,74,76,76,76,246,0,67,67.33830615443055,65.36484500065853,76.13824399959412,13.0
1778236097,23,,Aggregated,15.200000,0.000000,67,68,68,68,69,70,73,74,76,76,76,268,0,67,67.34484160442526,65.36484500065853,76.13824399959412,13.0
1778236098,24,,Aggregated,16.100000,0.000000,67,68,68,68,69,70,73,74,76,76,76,291,0,67,67.34069306524539,65.36484500065853,76.13824399959412,13.0
1778236099,25,,Aggregated,17.000000,0.000000,67,68,68,68,69,70,73,74,76,76,76,315,0,67,67.33260670155846,65.36484500065853,76.13824399959412,13.0
1778236100,26,,Aggregated,18.000000,0.000000,67,68,68,68,69,69,73,74,76,76,76,340,0,67,67.32248769995374,65.36484500065853,76.13824399959412,13.0
1778236101,27,,Aggregated,18.800000,0.000000,67,68,68,68,69,69,72,74,76,76,76,366,0,67,67.330844775909,65.36484500065853,76.13824399959412,13.0
1778236102,28,,Aggregated,19.700000,0.000000,67,68,68,68,69,69,72,74,76,76,76,393,0,67,67.35196945796943,65.36484500065853,76.13824399959412,13.0
1778236103,29,,Aggregated,20.600000,0.000000,67,68,68,68,69,69,71,74,76,76,76,421,0,67,67.42392496195134,65.36484500065853,76.13824399959412,13.0
1778236104,30,,Aggregated,21.600000,0.000000,67,68,68,68,69,69,72,74,76,76,76,450,0,67,67.45090834218394,65.36484500065853,76.13824399959412,13.0
1778236105,31,,Aggregated,22.500000,0.000000,67,68,68,68,69,69,72,74,76,76,76,479,0,67,67.47987091645098,65.36484500065853,76.13824399959412,13.0
1778236106,32,,Aggregated,23.400000,0.000000,67,68,68,68,69,69,71,74,76,76,76,509,0,67,67.52419861292849,65.36484500065853,76.13824399959412,13.0
1778236107,33,,Aggregated,24.500000,0.000000,67,68,68,68,69,69,72,74,76,76,76,540,0,67,67.5723064166353,65.36484500065853,76.13824399959412,13.0
1778236108,34,,Aggregated,25.500000,0.000000,68,68,68,68,69,69,72,74,76,76,76,572,0,68,67.64222860311537,65.36484500065853,76.13824399959412,13.0
1778236109,35,,Aggregated,26.500000,0.000000,68,68,68,69,69,70,72,74,76,76,76,605,0,68,67.70613970245694,65.36484500065853,76.13824399959412,13.0
1778236110,36,,Aggregated,27.400000,0.000000,68,68,68,69,69,70,73,74,79,79,79,639,0,68,67.80667189043517,65.36484500065853,78.74411000011605,13.0
1778236111,37,,Aggregated,28.500000,0.000000,68,68,68,69,69,71,73,74,79,79,79,674,0,68,67.90079245845209,65.36484500065853,78.74411000011605,13.0
1778236112,38,,Aggregated,29.400000,0.000000,68,68,69,69,70,71,73,74,79,79,79,710,0,68,67.97621021689056,65.36484500065853,78.74411000011605,13.0
1778236113,39,,Aggregated,30.300000,0.000000,68,68,69,69,70,71,74,75,79,79,79,747,0,68,68.05694727709769,65.36484500065853,78.74411000011605,13.0
1778236114,40,,Aggregated,31.200000,0.000000,68,68,69,69,70,72,74,76,170,170,170,784,0,68,68.31231868110935,65.36484500065853,169.32898800041585,13.0
1778236115,40,,Aggregated,32.100000,0.000000,68,69,69,69,71,72,79,92,220,220,220,822,0,68,69.05305743794862,65.36484500065853,221.76602800027467,13.0
1778236116,40,,Aggregated,33.000000,0.000000,68,69,69,69,71,74,88,110,310,310,310,855,0,68,69.9133274245522,65.36484500065853,308.92219899942575,13.0
1778236117,40,,Aggregated,33.500000,0.000000,68,69,69,69,71,79,100,220,1200,1200,1200,891,0,68,75.76534610549585,65.36484500065853,1198.8965920008923,13.0
1778236118,40,,Aggregated,34.400000,0.000000,68,69,69,70,73,90,230,280,1200,1200,1200,927,0,68,78.99413437432968,65.36484500065853,1198.8965920008923,13.0
1778236119,40,,Aggregated,34.700000,0.000000,68,69,69,70,76,110,240,280,1200,1200,1200,955,0,68,80.34405828482095,65.36484500065853,1198.8965920008923,13.0
1778236120,40,,Aggregated,34.900000,0.000000,68,69,70,71,88,190,320,400,1200,1200,1200,989,0,68,86.73532314964852,65.36484500065853,1198.8965920008923,13.0
1778236121,40,,Aggregated,35.300000,0.000000,68,69,70,71,110,260,380,510,1400,1500,1500,1021,0,68,96.24982987071724,65.36484500065853,1503.2643109989294,13.0
1778236122,40,,Aggregated,34.600000,0.000000,68,69,70,71,120,270,400,540,1500,1500,1500,1047,0,68,98.35739602770201,65.36484500065853,1503.2643109989294,13.0
1778236123,40,,Aggregated,34.600000,0.000000,68,69,70,72,160,280,400,540,1500,1500,1500,1086,0,68,100.32071864917734,65.36484500065853,1503.2643109989294,13.0
1778236124,40,,Aggregated,34.700000,0.000000,68,69,71,74,150,270,380,510,1500,1500,1500,1125,0,68,99.82315639911718,65.36484500065853,1503.2643109989294,13.0
1778236125,40,,Aggregated,34.100000,0.000000,68,69,71,75,140,270,380,510,1500,1500,1500,1163,0,68,99.3806629122991,65.36484500065853,1503.2643109989294,13.0
1778236126,40,,Aggregated,33.500000,0.000000,68,69,71,77,140,260,380,510,1500,1500,1500,1202,0,68,98.96783016389696,65.36484500065853,1503.2643109989294,13.0
1778236127,40,,Aggregated,33.700000,0.000000,68,69,72,79,140,260,380,510,1500,1500,1500,1241,0,68,98.86238384528691,65.36484500065853,1503.2643109989294,13.0
1778236128,40,,Aggregated,33.700000,0.000000,69,70,72,81,140,260,380,510,1500,1500,1500,1279,0,69,98.51940170054922,65.36484500065853,1503.2643109989294,13.0
1778236129,40,,Aggregated,34.200000,0.000000,69,70,72,81,140,260,370,510,1500,1500,1500,1314,0,69,98.39916645738757,65.36484500065853,1503.2643109989294,13.0
1778236130,40,,Aggregated,34.700000,0.000000,69,70,72,80,140,260,370,510,1500,1500,1500,1349,0,69,98.07955342106155,65.36484500065853,1503.2643109989294,13.0
1778236131,40,,Aggregated,34.700000,0.000000,69,70,72,81,140,250,370,510,1500,1500,1500,1384,0,69,97.65542066836366,65.36484500065853,1503.2643109989294,13.0
1778236132,40,,Aggregated,36.000000,0.000000,69,70,72,83,140,250,360,510,1500,1500,1500,1420,0,69,97.20470197254265,65.36484500065853,1503.2643109989294,13.0
1778236133,40,,Aggregated,36.400000,0.000000,69,70,73,84,140,250,360,510,1500,1500,1500,1457,0,69,97.4955162450314,65.36484500065853,1503.2643109989294,13.0
1778236134,40,,Aggregated,36.400000,0.000000,69,70,73,84,140,250,370,510,1500,1500,1500,1496,0,69,97.12901467781606,65.36484500065853,1503.2643109989294,13.0
1778236135,40,,Aggregated,36.600000,0.000000,69,70,73,84,140,250,360,490,1500,1500,1500,1530,0,69,96.63855781504616,65.36484500065853,1503.2643109989294,13.0
1778236136,40,,Aggregated,37.300000,0.000000,69,70,72,81,140,240,350,490,1500,1500,1500,1568,0,69,96.08067421429719,65.36484500065853,1503.2643109989294,13.0
1778236137,40,,Aggregated,37.400000,0.000000,69,70,72,80,140,230,350,490,1500,1500,1500,1606,0,69,95.55974186675805,65.36484500065853,1503.2643109989294,13.0
1778236138,40,,Aggregated,36.900000,0.000000,69,70,73,81,140,230,350,490,1500,1500,1500,1644,0,69,95.55020504137357,65.36484500065853,1503.2643109989294,13.0
1778236139,40,,Aggregated,36.900000,0.000000,69,70,73,82,130,230,350,490,1500,1500,1500,1683,0,69,95.22739875818014,65.36484500065853,1503.2643109989294,13.0
1778236140,40,,Aggregated,36.600000,0.000000,69,70,73,80,130,220,350,470,1500,1500,1500,1721,0,69,94.66709654213555,65.36484500065853,1503.2643109989294,13.0
1778236141,40,,Aggregated,36.600000,0.000000,69,70,73,80,130,220,350,470,1500,1500,1500,1759,0,69,94.18471750029285,65.36484500065853,1503.2643109989294,13.0
1778236142,40,,Aggregated,36.600000,0.000000,69,70,73,82,130,220,350,470,1500,1500,1500,1794,0,69,94.32740968061059,65.36484500065853,1503.2643109989294,13.0
1778236143,40,,Aggregated,36.600000,0.000000,69,70,73,83,130,220,350,470,1500,1500,1500,1822,0,69,94.15481564819838,65.36484500065853,1503.2643109989294,13.0
1778236144,40,,Aggregated,36.700000,0.000000,69,70,74,85,140,250,350,470,1500,1500,1500,1862,0,69,95.86823329968595,65.36484500065853,1503.2643109989294,13.0
1778236145,40,,Aggregated,37.400000,0.000000,69,70,74,86,140,240,350,470,1500,1500,1500,1900,0,69,95.82011559737457,65.36484500065853,1503.2643109989294,13.0
1778236146,40,,Aggregated,36.300000,0.000000,69,70,74,85,140,240,350,470,1500,1500,1500,1937,0,69,95.79720994218485,65.36484500065853,1503.2643109989294,13.0
1778236147,40,,Aggregated,36.200000,0.000000,69,70,74,85,140,230,350,470,1500,1500,1500,1975,0,69,95.50787528608029,65.36484500065853,1503.2643109989294,13.0
1778236148,40,,Aggregated,36.500000,0.000000,69,70,74,85,140,230,350,420,1400,1500,1500,2013,0,69,95.16645014555814,65.36484500065853,1503.2643109989294,13.0
1778236149,40,,Aggregated,36.600000,0.000000,69,70,74,85,140,220,350,420,1400,1500,1500,2052,0,69,94.73540279873978,65.36484500065853,1503.2643109989294,13.0
1778236150,40,,Aggregated,36.900000,0.000000,69,70,74,85,130,220,350,420,1400,1500,1500,2085,0,69,94.45785331655136,65.36484500065853,1503.2643109989294,13.0
1778236151,40,,Aggregated,36.900000,0.000000,69,70,74,84,130,220,340,410,1400,1500,1500,2121,0,69,94.13156501509525,65.36484500065853,1503.2643109989294,13.0
1778236152,40,,Aggregated,36.700000,0.000000,69,70,74,85,130,220,340,410,1400,1500,1500,2155,0,69,94.11253623898692,65.36484500065853,1503.2643109989294,13.0
1778236153,40,,Aggregated,36.800000,0.000000,69,70,76,87,140,260,390,540,1400,1500,1500,2182,0,69,98.53075186802161,65.36484500065853,1503.2643109989294,13.0
1778236154,40,,Aggregated,36.400000,0.000000,69,71,77,89,150,270,490,600,1400,1500,1500,2196,0,69,101.68603881922833,65.36484500065853,1503.2643109989294,13.0
1778236155,40,,Aggregated,35.700000,0.000000,69,71,79,91,160,310,550,720,1500,1900,1900,2217,0,69,107.74129165134082,65.36484500065853,1906.5894489995117,13.0
1778236156,40,,Aggregated,35.600000,0.000000,69,71,79,92,170,320,600,880,2200,2300,2300,2238,0,69,116.54069196917744,65.36484500065853,2337.336298000082,13.0
1778236157,40,,Aggregated,33.200000,0.000000,69,71,79,92,170,320,620,1200,2900,3200,3200,2265,0,69,122.25418394040635,65.36484500065853,3194.7161209991464,13.0
1778236158,40,,Aggregated,31.700000,0.000000,69,71,79,92,170,350,690,1500,3200,3200,3200,2303,0,69,128.21891052020044,65.36484500065853,3246.179954998297,13.0
1778236159,40,,Aggregated,30.500000,0.000000,69,71,79,91,170,340,690,1500,3200,3200,3200,2339,0,69,127.31790800086613,65.36484500065853,3246.179954998297,13.0
1778236160,40,,Aggregated,29.700000,0.000000,69,71,78,90,170,340,670,1500,3200,3200,3200,2376,0,69,126.42073880388354,65.36484500065853,3246.179954998297,13.0
1778236161,40,,Aggregated,29.500000,0.000000,69,71,77,89,160,320,660,1500,3200,3200,3200,2416,0,69,125.46986176242879,65.36484500065853,3246.179954998297,13.0
1778236162,40,,Aggregated,29.100000,0.000000,69,71,76,88,160,320,660,1500,3200,3200,3200,2454,0,69,124.61820518746131,65.36484500065853,3246.179954998297,13.0
1778236163,40,,Aggregated,28.700000,0.000000,69,71,76,88,160,320,660,1500,3200,3200,3200,2493,0,69,123.83962214200871,65.36484500065853,3246.179954998297,13.0
1778236164,40,,Aggregated,29.200000,0.000000,69,71,75,87,160,320,640,1400,3200,3200,3200,2533,0,69,123.01014166878691,65.36484500065853,3246.179954998297,13.0
1778236165,40,,Aggregated,29.800000,0.000000,69,71,75,86,150,310,620,1400,3200,3200,3200,2571,0,69,122.24211293856018,65.36484500065853,3246.179954998297,13.0
1778236166,40,,Aggregated,31.100000,0.000000,69,71,74,86,150,310,610,1400,3200,3200,3200,2608,0,69,121.50461825308284,65.36484500065853,3246.179954998297,13.0
1778236167,40,,Aggregated,33.800000,0.000000,69,71,74,85,150,310,610,1400,3200,3200,3200,2647,0,69,120.74685391803554,65.36484500065853,3246.179954998297,13.0
1778236168,40,,Aggregated,35.500000,0.000000,69,71,74,84,150,300,610,1400,3200,3200,3200,2686,0,69,120.01353779934436,65.36484500065853,3246.179954998297,13.0
1778236169,40,,Aggregated,36.500000,0.000000,69,71,74,84,150,300,600,1200,3200,3200,3200,2724,0,69,119.31274815089724,65.36484500065853,3246.179954998297,13.0
1778236170,40,,Aggregated,37.100000,0.000000,69,71,74,83,140,300,600,1200,3200,3200,3200,2761,0,69,118.67476326513822,65.36484500065853,3246.179954998297,13.0
1778236171,40,,Aggregated,37.500000,0.000000,69,71,74,82,140,300,600,1200,3200,3200,3200,2791,0,69,118.15579718489568,65.36484500065853,3246.179954998297,13.0
1778236172,40,,Aggregated,38.100000,0.000000,69,71,73,81,140,290,600,1200,3200,3200,3200,2827,0,69,117.54594242768029,65.36484500065853,3246.179954998297,13.0
1778236173,40,,Aggregated,38.400000,0.000000,69,71,73,80,140,290,590,1200,3200,3200,3200,2865,0,69,116.92061557942326,65.36484500065853,3246.179954998297,13.0
1778236174,40,,Aggregated,38.300000,0.000000,69,71,73,80,140,290,590,1200,3200,3200,3200,2900,0,69,116.38590120312003,65.36484500065853,3246.179954998297,13.0
1778236175,40,,Aggregated,37.500000,0.000000,69,71,74,79,140,280,590,1100,3200,3200,3200,2940,0,69,115.77398414695487,65.36484500065853,3246.179954998297,13.0
1778236176,40,,Aggregated,37.200000,0.000000,69,71,73,79,130,280,570,1100,3200,3200,3200,2977,0,69,115.21543810078872,65.36484500065853,3246.179954998297,13.0
1778236177,40,,Aggregated,37.100000,0.000000,69,71,74,79,130,270,560,1000,3200,3200,3200,3016,0,69,114.74224373377047,65.36484500065853,3246.179954998297,13.0
1778236178,40,,Aggregated,36.700000,0.000000,69,71,74,78,130,270,560,1000,3200,3200,3200,3055,0,69,114.1833356939614,65.36484500065853,3246.179954998297,13.0
1778236179,40,,Aggregated,36.900000,0.000000,69,71,74,78,130,270,560,1000,3200,3200,3200,3094,0,69,113.63720589239212,65.36484500065853,3246.179954998297,13.0
1778236180,40,,Aggregated,36.900000,0.000000,69,71,74,78,130,270,560,910,3200,3200,3200,3133,0,69,113.10521571690535,65.36484500065853,3246.179954998297,13.0
1778236181,40,,Aggregated,36.900000,0.000000,69,71,74,77,130,270,550,910,3200,3200,3200,3170,0,69,112.61513031737123,65.36484500065853,3246.179954998297,13.0
1778236182,40,,Aggregated,36.800000,0.000000,69,71,74,77,130,260,550,890,3200,3200,3200,3208,0,69,112.12443405176707,65.36484500065853,3246.179954998297,13.0
1778236183,40,,Aggregated,36.900000,0.000000,69,71,74,77,120,260,550,890,3200,3200,3200,3246,0,69,111.6508630126516,65.36484500065853,3246.179954998297,13.0
1778236184,40,,Aggregated,37.200000,0.000000,69,71,74,77,120,260,550,890,3200,3200,3200,3284,0,69,111.19306289679433,65.36484500065853,3246.179954998297,13.0
1778236185,40,,Aggregated,37.900000,0.000000,69,71,74,76,120,260,540,880,3200,3200,3200,3320,0,69,110.75207143285397,65.36484500065853,3246.179954998297,13.0
1778236186,40,,Aggregated,38.000000,0.000000,69,71,74,76,120,250,540,880,3200,3200,3200,3351,0,69,110.37835619011474,65.36484500065853,3246.179954998297,13.0
1778236187,40,,Aggregated,38.100000,0.000000,69,71,74,76,120,250,540,880,3200,3200,3200,3387,0,69,109.96756821171321,65.36484500065853,3246.179954998297,13.0
1778236188,40,,Aggregated,38.000000,0.000000,69,72,74,76,120,250,520,870,3200,3200,3200,3422,0,69,109.60302816892748,65.36484500065853,3246.179954998297,13.0
1778236189,40,,Aggregated,37.700000,0.000000,69,72,74,77,120,250,520,870,3200,3200,3200,3460,0,69,109.83973725117609,65.36484500065853,3246.179954998297,13.0
1778236190,40,,Aggregated,37.400000,0.000000,69,72,74,77,130,260,540,870,3200,3200,3200,3476,0,69,110.6986333176259,65.36484500065853,3246.179954998297,13.0
1778236191,40,,Aggregated,36.900000,0.000000,69,72,74,78,140,290,670,1300,3200,3200,3200,3512,0,69,117.45264093111123,65.36484500065853,3246.179954998297,13.0
1778236192,40,,Aggregated,36.600000,0.000000,69,72,74,79,140,300,690,1300,3200,3200,3200,3528,0,69,118.75108917320527,65.36484500065853,3246.179954998297,13.0
1778236193,40,,Aggregated,34.300000,0.000000,69,72,75,79,150,320,810,1300,3200,3200,3200,3546,0,69,122.13579161084917,65.36484500065853,3246.179954998297,13.0
1778236194,40,,Aggregated,34.000000,0.000000,69,72,75,82,150,360,930,1500,3200,3200,3200,3578,0,69,128.01942632338492,65.36484500065853,3246.179954998297,13.0
1778236195,40,,Aggregated,31.800000,0.000000,69,72,75,84,160,370,960,1500,3200,3200,3200,3616,0,69,129.91315731058432,65.36484500065853,3246.179954998297,13.0
1778236196,40,,Aggregated,30.000000,0.000000,69,72,75,85,150,360,960,1500,3200,3200,3200,3653,0,69,129.4059740301337,65.36484500065853,3246.179954998297,13.0
1778236197,40,,Aggregated,29.200000,0.000000,69,72,75,84,150,350,960,1500,3200,3200,3200,3689,0,69,128.82918085418348,65.36484500065853,3246.179954998297,13.0
1778236199,40,,Aggregated,29.600000,0.000000,69,72,75,84,150,350,960,1500,3200,3200,3200,3727,0,69,128.2149061459838,65.36484500065853,3246.179954998297,13.0
1778236200,40,,Aggregated,29.600000,0.000000,69,72,75,83,150,350,940,1500,3200,3200,3200,3763,0,69,127.63970145869779,65.36484500065853,3246.179954998297,13.0
1778236201,40,,Aggregated,29.800000,0.000000,69,72,75,82,150,340,930,1500,3200,3200,3200,3801,0,69,127.04803963195936,65.36484500065853,3246.179954998297,13.0
1778236202,40,,Aggregated,30.200000,0.000000,69,72,75,82,150,340,930,1500,3200,3200,3200,3840,0,69,126.450891098978,65.36484500065853,3246.179954998297,13.0
1778236203,40,,Aggregated,32.500000,0.000000,69,72,75,81,140,340,910,1500,3200,3200,3200,3879,0,69,125.87372232484337,65.36484500065853,3246.179954998297,13.0
1778236204,40,,Aggregated,32.700000,0.000000,69,72,74,80,140,340,910,1500,3200,3200,3200,3917,0,69,125.32182214476933,65.36484500065853,3246.179954998297,13.0
1778236205,40,,Aggregated,34.900000,0.000000,69,72,74,80,140,320,890,1500,3200,3200,3200,3955,0,69,124.7733003299772,65.36484500065853,3246.179954998297,13.0
1778236206,40,,Aggregated,36.800000,0.000000,69,72,74,79,140,320,890,1500,3200,3200,3200,3991,0,69,124.26672472038656,65.36484500065853,3246.179954998297,13.0
1778236207,40,,Aggregated,37.500000,0.000000,69,72,74,79,140,320,890,1500,3100,3200,3200,4029,0,69,123.73802240458285,65.36484500065853,3246.179954998297,13.0
1778236208,40,,Aggregated,37.300000,0.000000,69,71,74,78,140,320,880,1500,3100,3200,3200,4066,0,69,123.23843051427885,65.36484500065853,3246.179954998297,13.0
1778236209,40,,Aggregated,37.500000,0.000000,69,71,74,78,140,310,880,1500,3100,3200,3200,4103,0,69,122.7445445898273,65.36484500065853,3246.179954998297,13.0
1778236210,40,,Aggregated,37.600000,0.000000,69,71,74,78,130,310,880,1500,3100,3200,3200,4140,0,69,122.26102338359217,65.36484500065853,3246.179954998297,13.0
1778236211,40,,Aggregated,37.500000,0.000000,69,71,74,77,130,310,870,1500,3100,3200,3200,4178,0,69,121.77370078556088,65.36484500065853,3246.179954998297,13.0
1778236212,40,,Aggregated,37.600000,0.000000,69,71,74,77,130,310,860,1500,3100,3200,3200,4216,0,69,121.29309538877335,65.36484500065853,3246.179954998297,13.0
1778236213,40,,Aggregated,37.500000,0.000000,69,71,74,77,130,300,860,1500,3100,3200,3200,4253,0,69,120.83281586951985,65.36484500065853,3246.179954998297,13.0
1778236214,40,,Aggregated,37.300000,0.000000,69,71,74,77,130,300,860,1500,3100,3200,3200,4289,0,69,120.39476386385375,65.36484500065853,3246.179954998297,13.0
1778236215,40,,Aggregated,37.400000,0.000000,69,71,73,77,130,300,860,1400,3100,3200,3200,4326,0,69,119.9498524274338,65.36484500065853,3246.179954998297,13.0
1778236216,40,,Aggregated,37.200000,0.000000,69,71,73,76,130,290,850,1400,3100,3200,3200,4364,0,69,119.50364725047609,65.36484500065853,3246.179954998297,13.0
1778236217,40,,Aggregated,37.200000,0.000000,69,71,73,76,130,290,830,1400,3100,3200,3200,4402,0,69,119.06727314267881,65.36484500065853,3246.179954998297,13.0
1778236218,40,,Aggregated,37.400000,0.000000,69,71,73,76,130,290,830,1400,3100,3200,3200,4441,0,69,118.6247104622984,65.36484500065853,3246.179954998297,13.0
1778236219,40,,Aggregated,37.300000,0.000000,69,71,73,76,120,290,810,1400,3100,3200,3200,4479,0,69,118.20235164725797,65.36484500065853,3246.179954998297,13.0
1778236220,40,,Aggregated,37.400000,0.000000,69,71,73,76,120,280,810,1400,3100,3200,3200,4517,0,69,117.7865511266476,65.36484500065853,3246.179954998297,13.0
1778236221,40,,Aggregated,37.500000,0.000000,69,71,73,76,120,280,810,1400,3100,3200,3200,4555,0,69,117.37537181713898,65.36484500065853,3246.179954998297,13.0
1778236222,40,,Aggregated,37.600000,0.000000,69,71,73,75,120,270,810,1400,3100,3200,3200,4591,0,69,116.99047929864231,65.36484500065853,3246.179954998297,13.0
1778236223,40,,Aggregated,37.500000,0.000000,69,71,73,75,120,270,790,1400,3100,3200,3200,4629,0,69,116.60752630202363,65.36484500065853,3246.179954998297,13.0
1778236224,40,,Aggregated,37.600000,0.000000,69,71,73,75,120,270,780,1400,3100,3200,3200,4663,0,69,116.39477818680524,65.36484500065853,3246.179954998297,13.0
1778236225,40,,Aggregated,37.600000,0.000000,69,71,73,76,120,270,780,1400,3100,3200,3200,4675,0,69,116.4658717998021,65.36484500065853,3246.179954998297,13.0
1778236226,40,,Aggregated,37.500000,0.000000,69,71,73,76,130,290,880,1400,3100,3200,3200,4694,0,69,119.19540014040868,65.36484500065853,3246.179954998297,13.0
1778236227,40,,Aggregated,35.000000,0.000000,69,71,73,77,130,330,1000,1600,3100,3200,3200,4728,0,69,126.44225401693673,65.36484500065853,3246.179954998297,13.0
1778236228,40,,Aggregated,33.100000,0.000000,69,71,73,77,140,350,1000,1600,3100,3200,3200,4744,0,69,127.7920833077735,65.36484500065853,3246.179954998297,13.0
1778236229,40,,Aggregated,32.200000,0.000000,69,71,74,77,140,380,1000,1600,3100,3200,3200,4769,0,69,130.1702620899719,65.36484500065853,3246.179954998297,13.0
1778236230,40,,Aggregated,30.400000,0.000000,69,71,74,78,150,400,1100,1600,3100,3200,3200,4806,0,69,133.58336885353233,65.36484500065853,3246.179954998297,13.0
1778236231,40,,Aggregated,28.900000,0.000000,69,71,74,79,150,390,1100,1600,3100,3200,3200,4843,0,69,133.33874084040437,65.36484500065853,3246.179954998297,13.0
1778236232,40,,Aggregated,28.900000,0.000000,69,71,74,79,140,390,1100,1600,3100,3200,3200,4879,0,69,132.89122783932552,65.36484500065853,3246.179954998297,13.0
1778236233,40,,Aggregated,28.900000,0.000000,69,71,74,79,140,390,1100,1600,3100,3200,3200,4916,0,69,132.42768939667704,65.36484500065853,3246.179954998297,13.0
1778236234,40,,Aggregated,28.600000,0.000000,69,71,74,79,140,380,1100,1600,3100,3200,3200,4955,0,69,131.92732245349455,65.36484500065853,3246.179954998297,13.0
1778236235,40,,Aggregated,28.700000,0.000000,69,71,74,78,140,380,1100,1600,3100,3200,3200,4992,0,69,131.45481373438673,65.36484500065853,3246.179954998297,13.0
1778236236,40,,Aggregated,29.100000,0.000000,69,71,74,78,140,380,1100,1600,2900,3200,3200,5029,0,69,130.988755370066,65.36484500065853,3246.179954998297,13.0
1778236237,40,,Aggregated,31.200000,0.000000,69,71,74,78,140,380,1100,1600,2900,3200,3200,5066,0,69,130.53290554916262,65.36484500065853,3246.179954998297,13.0
1778236238,40,,Aggregated,33.200000,0.000000,69,71,73,77,140,380,1100,1600,2900,3200,3200,5103,0,69,130.08568252695503,65.36484500065853,3246.179954998297,13.0
1778236239,40,,Aggregated,33.900000,0.000000,69,71,73,77,140,370,1100,1600,2900,3200,3200,5141,0,69,129.63134282436374,65.36484500065853,3246.179954998297,13.0
1778236240,40,,Aggregated,35.500000,0.000000,69,71,73,77,140,370,1100,1600,2900,3200,3200,5178,0,69,129.19371554307713,65.36484500065853,3246.179954998297,13.0
1778236241,40,,Aggregated,37.100000,0.000000,69,71,73,77,130,370,1100,1600,2900,3200,3200,5217,0,69,128.74177175868454,65.36484500065853,3246.179954998297,13.0
1778236242,40,,Aggregated,37.100000,0.000000,69,71,73,77,130,360,1000,1600,2900,3200,3200,5255,0,69,128.30645301295044,65.36484500065853,3246.179954998297,13.0
1778236243,40,,Aggregated,37.300000,0.000000,69,71,73,76,130,350,1000,1600,2900,3200,3200,5293,0,69,127.88029094786468,65.36484500065853,3246.179954998297,13.0
1778236244,40,,Aggregated,37.600000,0.000000,69,71,73,76,130,350,1000,1600,2900,3200,3200,5331,0,69,127.46282514613485,65.36484500065853,3246.179954998297,13.0
1778236245,40,,Aggregated,37.500000,0.000000,69,71,73,76,130,350,1000,1600,2900,3200,3200,5368,0,69,127.05631894374778,65.36484500065853,3246.179954998297,13.0
1778236246,40,,Aggregated,37.600000,0.000000,69,70,73,76,130,350,1000,1600,2900,3200,3200,5407,0,69,126.63475231811265,65.36484500065853,3246.179954998297,13.0
1778236247,40,,Aggregated,37.600000,0.000000,69,70,73,76,130,340,1000,1600,2900,3200,3200,5443,0,69,126.25233968290217,65.36484500065853,3246.179954998297,13.0
1778236248,40,,Aggregated,37.300000,0.000000,69,70,73,76,130,340,1000,1600,2900,3200,3200,5479,0,69,125.87319761654302,65.36484500065853,3246.179954998297,13.0
1778236249,40,,Aggregated,37.500000,0.000000,69,70,73,75,130,340,1000,1600,2900,3200,3200,5517,0,69,125.47706584847464,65.36484500065853,3246.179954998297,13.0
1778236250,40,,Aggregated,37.600000,0.000000,69,70,73,75,130,330,1000,1600,2900,3200,3200,5555,0,69,125.08945191215791,65.36484500065853,3246.179954998297,13.0
1778236251,40,,Aggregated,37.500000,0.000000,69,70,73,75,130,320,1000,1600,2900,3200,3200,5592,0,69,124.71491991953482,65.36484500065853,3246.179954998297,13.0
1778236252,40,,Aggregated,37.400000,0.000000,69,70,73,75,120,320,1000,1600,2900,3200,3200,5629,0,69,124.34545179108784,65.36484500065853,3246.179954998297,13.0
1778236253,40,,Aggregated,37.300000,0.000000,69,70,73,75,120,320,1000,1600,2900,3200,3200,5666,0,69,123.98103704712814,65.36484500065853,3246.179954998297,13.0
1778236254,40,,Aggregated,37.200000,0.000000,69,70,72,75,120,320,1000,1600,2900,3200,3200,5703,0,69,123.62408803805465,65.36484500065853,3246.179954998297,13.0
1778236255,40,,Aggregated,37.300000,0.000000,69,70,72,75,120,320,1000,1600,2900,3200,3200,5742,0,69,123.25089156566368,65.36484500065853,3246.179954998297,13.0
1778236256,40,,Aggregated,37.100000,0.000000,69,70,72,75,120,310,990,1600,2900,3200,3200,5778,0,69,122.91046710159816,65.36484500065853,3246.179954998297,13.0
1778236257,40,,Aggregated,37.200000,0.000000,69,70,72,74,120,310,990,1600,2900,3200,3200,5817,0,69,122.54677344456438,65.36484500065853,3246.179954998297,13.0
1778236258,40,,Aggregated,37.500000,0.000000,69,70,72,74,120,310,970,1600,2900,3200,3200,5855,0,69,122.20292699846762,65.36484500065853,3246.179954998297,13.0
1778236259,40,,Aggregated,37.500000,0.000000,69,70,72,75,120,310,970,1600,2900,3200,3200,5882,0,69,122.11681217341422,65.36484500065853,3246.179954998297,13.0
1778236260,40,,Aggregated,37.600000,0.000000,69,70,72,75,120,320,1000,1600,2900,3200,3200,5895,0,69,123.9333636715899,65.36484500065853,3246.179954998297,13.0
1778236261,40,,Aggregated,36.800000,0.000000,69,70,72,75,120,340,1000,1600,2900,3200,3200,5912,0,69,125.61291115612774,65.36484500065853,3246.179954998297,13.0
1778236262,40,,Aggregated,34.000000,0.000000,69,70,73,75,130,380,1100,1600,2900,3200,3200,5945,0,69,130.98380333843943,65.36484500065853,3246.179954998297,13.0
1778236263,40,,Aggregated,32.100000,0.000000,69,70,73,75,130,390,1100,1600,2900,3200,3200,5961,0,69,132.00689405150436,65.36484500065853,3246.179954998297,13.0
1778236264,40,,Aggregated,31.900000,0.000000,69,70,73,76,140,420,1200,1600,2900,3200,3200,5992,0,69,134.48566474766818,65.36484500065853,3246.179954998297,13.0
1778236265,40,,Aggregated,29.600000,0.000000,69,70,73,76,140,440,1200,1600,2700,3200,3200,6029,0,69,135.92291733140243,65.36484500065853,3246.179954998297,13.0
1778236266,40,,Aggregated,28.800000,0.000000,69,70,73,77,140,430,1200,1600,2700,3200,3200,6066,0,69,135.62600150874167,65.36484500065853,3246.179954998297,13.0
1778236267,40,,Aggregated,28.800000,0.000000,69,70,73,77,140,420,1200,1600,2700,3200,3200,6103,0,69,135.27182358610978,65.36484500065853,3246.179954998297,13.0
1778236268,40,,Aggregated,28.700000,0.000000,69,70,73,77,140,420,1200,1600,2700,3200,3200,6143,0,69,134.84329062005943,65.36484500065853,3246.179954998297,13.0
1778236269,40,,Aggregated,28.700000,0.000000,69,70,73,76,130,410,1200,1600,2700,3200,3200,6181,0,69,134.43531036580225,65.36484500065853,3246.179954998297,13.0
1778236270,40,,Aggregated,28.700000,0.000000,69,70,73,76,130,410,1200,1600,2700,3200,3200,6219,0,69,134.03343284322648,65.36484500065853,3246.179954998297,13.0
1778236271,40,,Aggregated,29.500000,0.000000,69,70,73,76,130,410,1200,1600,2700,3200,3200,6257,0,69,133.63853327665333,65.36484500065853,3246.179954998297,13.0
1778236272,40,,Aggregated,32.100000,0.000000,69,70,73,76,130,400,1200,1600,2700,3200,3200,6295,0,69,133.24864739841422,65.36484500065853,3246.179954998297,13.0
1778236273,40,,Aggregated,34.000000,0.000000,69,70,73,76,130,390,1200,1600,2700,3200,3200,6330,0,69,132.89506130016085,65.36484500065853,3246.179954998297,13.0
1778236274,40,,Aggregated,34.300000,0.000000,69,70,73,76,130,390,1200,1600,2700,3200,3200,6368,0,69,132.5182848618124,65.36484500065853,3246.179954998297,13.0
1778236275,40,,Aggregated,36.400000,0.000000,69,70,73,75,130,390,1200,1600,2700,3200,3200,6405,0,69,132.15604596268918,65.36484500065853,3246.179954998297,13.0
1778236276,40,,Aggregated,37.400000,0.000000,69,70,73,75,130,380,1200,1600,2700,3200,3200,6441,0,69,131.8047247320331,65.36484500065853,3246.179954998297,13.0
1778236277,40,,Aggregated,37.200000,0.000000,69,70,73,75,130,380,1200,1600,2700,3200,3200,6481,0,69,131.42104590387686,65.36484500065853,3246.179954998297,13.0
1778236278,40,,Aggregated,37.300000,0.000000,69,70,73,75,130,380,1200,1600,2700,3200,3200,6518,0,69,131.0711255678159,65.36484500065853,3246.179954998297,13.0
1778236279,40,,Aggregated,37.300000,0.000000,69,70,73,75,130,380,1100,1600,2700,3200,3200,6555,0,69,130.72346385965255,65.36484500065853,3246.179954998297,13.0
1778236280,40,,Aggregated,37.000000,0.000000,69,70,72,75,130,380,1100,1600,2700,3200,3200,6592,0,69,130.38064289821375,65.36484500065853,3246.179954998297,13.0
1778236281,40,,Aggregated,37.100000,0.000000,69,70,72,75,130,380,1100,1600,2700,3200,3200,6629,0,69,130.04663411691453,65.36484500065853,3246.179954998297,13.0
1778236282,40,,Aggregated,37.300000,0.000000,69,70,72,75,120,380,1100,1600,2700,3200,3200,6666,0,69,129.71399367522105,65.36484500065853,3246.179954998297,13.0
1778236283,40,,Aggregated,37.400000,0.000000,69,70,72,75,120,370,1100,1600,2700,3200,3200,6703,0,69,129.38184027749176,65.36484500065853,3246.179954998297,13.0
1778236284,40,,Aggregated,37.400000,0.000000,69,70,72,75,120,370,1100,1600,2700,3200,3200,6741,0,69,129.04782039119243,65.36484500065853,3246.179954998297,13.0
1778236285,40,,Aggregated,37.600000,0.000000,69,70,72,74,120,360,1100,1600,2700,3200,3200,6781,0,69,128.69694603554572,65.36484500065853,3246.179954998297,13.0
1778236286,40,,Aggregated,37.200000,0.000000,69,70,72,74,120,360,1100,1600,2700,3200,3200,6819,0,69,128.37070029961038,65.36484500065853,3246.179954998297,13.0
1778236287,40,,Aggregated,37.600000,0.000000,69,70,72,74,120,360,1100,1600,2700,3200,3200,6857,0,69,128.04749394487982,65.36484500065853,3246.179954998297,13.0
1778236288,40,,Aggregated,37.500000,0.000000,69,70,72,74,120,350,1100,1600,2700,3200,3200,6891,0,69,127.76070415774765,65.36484500065853,3246.179954998297,13.0
1778236289,40,,Aggregated,37.400000,0.000000,69,70,72,74,120,350,1100,1600,2700,3200,3200,6930,0,69,127.43642859683108,65.36484500065853,3246.179954998297,13.0
1778236290,40,,Aggregated,37.400000,0.000000,69,70,72,74,120,350,1100,1600,2700,3200,3200,6967,0,69,127.13452933745401,65.36484500065853,3246.179954998297,13.0
1778236291,40,,Aggregated,37.500000,0.000000,69,70,72,74,120,340,1100,1600,2500,3200,3200,7005,0,69,126.8268138568221,65.36484500065853,3246.179954998297,13.0
1778236292,40,,Aggregated,37.200000,0.000000,69,70,72,74,120,340,1100,1600,2500,3200,3200,7041,0,69,126.57010259253484,65.36484500065853,3246.179954998297,13.0
1778236293,40,,Aggregated,37.400000,0.000000,69,70,72,74,120,350,1100,1600,2500,3200,3200,7063,0,69,126.87216724664255,65.36484500065853,3246.179954998297,13.0
1778236294,40,,Aggregated,37.300000,0.000000,69,70,72,74,120,380,1100,1600,2500,3200,3200,7090,0,69,128.29126068449068,65.36484500065853,3246.179954998297,13.0
1778236295,40,,Aggregated,36.300000,0.000000,69,70,73,75,130,390,1100,1600,2500,3200,3200,7114,0,69,130.0136655982629,65.36484500065853,3246.179954998297,13.0
1778236296,40,,Aggregated,35.000000,0.000000,69,70,73,75,130,430,1100,1600,2500,3200,3200,7139,0,69,131.38053763160752,65.36484500065853,3246.179954998297,13.0
1778236297,40,,Aggregated,33.900000,0.000000,69,71,73,75,130,470,1100,1600,2500,3200,3200,7175,0,69,133.61982576767238,65.36484500065853,3246.179954998297,13.0
1778236298,40,,Aggregated,32.200000,0.000000,69,71,73,75,130,470,1100,1600,2500,3200,3200,7213,0,69,133.36775786455627,65.36484500065853,3246.179954998297,13.0
1778236299,40,,Aggregated,31.900000,0.000000,69,71,73,75,130,450,1100,1600,2500,3200,3200,7250,0,69,133.04754671186942,65.36484500065853,3246.179954998297,13.0
1778236300,40,,Aggregated,31.900000,0.000000,69,71,73,75,130,440,1100,1600,2500,3200,3200,7287,0,69,132.72468859929336,65.36484500065853,3246.179954998297,13.0
1778236301,40,,Aggregated,31.600000,0.000000,69,70,73,75,130,440,1100,1600,2500,3200,3200,7325,0,69,132.3923182066959,65.36484500065853,3246.179954998297,13.0
1778236302,40,,Aggregated,32.000000,0.000000,69,70,73,75,130,430,1100,1600,2500,3200,3200,7362,0,69,132.0714140178009,65.36484500065853,3246.179954998297,13.0
1778236303,40,,Aggregated,31.800000,0.000000,69,70,73,75,130,430,1100,1600,2500,3200,3200,7399,0,69,131.7536282730159,65.36484500065853,3246.179954998297,13.0
1778236304,40,,Aggregated,31.600000,0.000000,69,70,73,75,130,430,1100,1600,2500,3200,3200,7437,0,69,131.4313422655712,65.36484500065853,3246.179954998297,13.0
1778236305,40,,Aggregated,32.800000,0.000000,69,70,73,75,130,420,1100,1600,2500,3200,3200,7474,0,69,131.11972026184785,65.36484500065853,3246.179954998297,13.0
1778236306,40,,Aggregated,34.300000,0.000000,69,70,72,75,130,420,1100,1600,2500,3200,3200,7511,0,69,130.81242409906213,65.36484500065853,3246.179954998297,13.0
1778236307,40,,Aggregated,35.200000,0.000000,69,70,72,75,130,410,1100,1600,2500,3200,3200,7548,0,69,130.50734434168604,65.36484500065853,3246.179954998297,13.0
1778236308,40,,Aggregated,37.000000,0.000000,69,70,72,75,120,410,1100,1600,2500,3200,3200,7585,0,69,130.20674865036833,65.36484500065853,3246.179954998297,13.0
1778236309,40,,Aggregated,37.400000,0.000000,69,70,72,74,120,400,1100,1600,2500,3200,3200,7623,0,69,129.90448121816138,65.36484500065853,3246.179954998297,13.0
1778236310,40,,Aggregated,37.700000,0.000000,69,70,72,74,120,400,1100,1600,2500,3200,3200,7662,0,69,129.59767823767172,65.36484500065853,3246.179954998297,13.0
1778236311,40,,Aggregated,37.600000,0.000000,69,70,72,74,120,390,1100,1600,2500,3200,3200,7699,0,69,129.30798949500473,65.36484500065853,3246.179954998297,13.0
1778236312,40,,Aggregated,37.500000,0.000000,69,70,72,74,120,390,1100,1600,2500,3200,3200,7738,0,69,129.0032998247662,65.36484500065853,3246.179954998297,13.0
1778236313,40,,Aggregated,37.500000,0.000000,69,70,72,74,120,390,1100,1600,2500,3200,3200,7775,0,69,128.72044105428154,65.36484500065853,3246.179954998297,13.0
1778236314,40,,Aggregated,37.700000,0.000000,69,70,72,74,120,380,1100,1600,2500,3200,3200,7813,0,69,128.4306918965876,65.36484500065853,3246.179954998297,13.0
1778236315,40,,Aggregated,37.400000,0.000000,69,70,72,74,120,380,1100,1600,2500,3200,3200,7850,0,69,128.15168682369952,65.36484500065853,3246.179954998297,13.0
1778236316,40,,Aggregated,37.400000,0.000000,69,70,72,74,120,380,1100,1600,2500,3200,3200,7887,0,69,127.87716828528494,65.36484500065853,3246.179954998297,13.0
1778236317,40,,Aggregated,37.500000,0.000000,69,70,72,74,120,380,1100,1600,2500,3200,3200,7922,0,69,127.61770823921238,65.36484500065853,3246.179954998297,13.0
1778236318,40,,Aggregated,37.200000,0.000000,69,70,72,74,120,380,1100,1600,2500,3200,3200,7960,0,69,127.34074451947782,65.36484500065853,3246.179954998297,13.0
1778236319,40,,Aggregated,36.900000,0.000000,69,70,72,74,120,380,1100,1600,2500,3200,3200,7999,0,69,127.06179630591946,65.36484500065853,3246.179954998297,13.0
1778236320,40,,Aggregated,37.100000,0.000000,69,70,72,74,120,380,1100,1600,2400,3200,3200,8035,0,69,126.80829573752915,65.36484500065853,3246.179954998297,13.0
1778236321,40,,Aggregated,37.200000,0.000000,69,70,72,74,120,380,1100,1600,2400,3200,3200,8073,0,69,126.54168328552475,65.36484500065853,3246.179954998297,13.0
1778236322,40,,Aggregated,37.300000,0.000000,69,70,72,74,120,380,1100,1600,2400,3200,3200,8108,0,69,126.29732962309392,65.36484500065853,3246.179954998297,13.0
1778236323,40,,Aggregated,37.400000,0.000000,69,70,72,74,120,370,1100,1600,2400,3200,3200,8148,0,69,126.02105374902386,65.36484500065853,3246.179954998297,13.0
1778236324,40,,Aggregated,37.400000,0.000000,69,70,72,74,120,370,1000,1600,2400,3200,3200,8185,0,69,125.76856048699328,65.36484500065853,3246.179954998297,13.0
1778236325,40,,Aggregated,37.500000,0.000000,69,70,72,74,120,360,1000,1600,2400,3200,3200,8224,0,69,125.50448601228545,65.36484500065853,3246.179954998297,13.0
1778236326,40,,Aggregated,37.600000,0.000000,69,70,72,74,120,360,1000,1600,2400,3200,3200,8262,0,69,125.26480133890492,65.36484500065853,3246.179954998297,13.0
1778236327,40,,Aggregated,37.300000,0.000000,69,70,72,74,120,360,1000,1600,2400,3200,3200,8289,0,69,125.33920207070025,65.36484500065853,3246.179954998297,13.0
1778236328,40,,Aggregated,37.500000,0.000000,69,70,72,74,120,380,1000,1600,2400,3200,3200,8303,0,69,126.73159284981759,65.36484500065853,3246.179954998297,13.0
1778236329,40,,Aggregated,37.400000,0.000000,69,70,72,74,120,380,1100,1600,2400,3200,3200,8318,0,69,127.99676206071541,65.36484500065853,3246.179954998297,13.0
1778236330,40,,Aggregated,34.300000,0.000000,69,70,72,74,120,430,1100,1600,2400,3200,3200,8350,0,69,131.7510994600031,65.36484500065853,3246.179954998297,13.0
1778236331,40,,Aggregated,32.300000,0.000000,69,70,72,74,130,440,1100,1600,2400,3200,3200,8367,0,69,132.4468704328941,65.36484500065853,3246.179954998297,13.0
1778236332,40,,Aggregated,31.700000,0.000000,69,70,72,74,130,470,1200,1600,2400,3200,3200,8398,0,69,134.13452997475918,65.36484500065853,3246.179954998297,13.0
1778236333,40,,Aggregated,29.800000,0.000000,69,70,72,75,130,490,1200,1600,2400,3200,3200,8433,0,69,135.19387124463782,65.36484500065853,3246.179954998297,13.0
1778236334,40,,Aggregated,28.600000,0.000000,69,70,73,75,130,480,1200,1600,2400,3200,3200,8472,0,69,134.99609013326653,65.36484500065853,3246.179954998297,13.0
1778236335,40,,Aggregated,28.500000,0.000000,69,70,73,75,130,480,1200,1600,2400,3200,3200,8508,0,69,134.7352793312221,65.36484500065853,3246.179954998297,13.0
1778236336,40,,Aggregated,28.600000,0.000000,69,70,72,75,130,470,1200,1600,2400,3200,3200,8546,0,69,134.44231823204294,65.36484500065853,3246.179954998297,13.0
1778236337,40,,Aggregated,28.800000,0.000000,69,70,72,75,130,470,1200,1600,2400,3200,3200,8585,0,69,134.1486769086826,65.36484500065853,3246.179954998297,13.0
1778236338,40,,Aggregated,28.600000,0.000000,69,70,72,75,130,470,1200,1600,2400,3200,3200,8623,0,69,133.86391240021368,65.36484500065853,3246.179954998297,13.0
1778236339,40,,Aggregated,28.900000,0.000000,69,70,72,74,130,470,1200,1600,2400,3200,3200,8661,0,69,133.58105216580557,65.36484500065853,3246.179954998297,13.0
1778236340,40,,Aggregated,31.700000,0.000000,69,70,72,74,130,470,1200,1600,2400,3200,3200,8701,0,69,133.28171004471207,65.36484500065853,3246.179954998297,13.0
1778236341,40,,Aggregated,33.700000,0.000000,69,70,72,74,130,460,1200,1600,2400,3200,3200,8735,0,69,133.029673862398,65.36484500065853,3246.179954998297,13.0
1778236342,40,,Aggregated,34.200000,0.000000,69,70,72,74,130,450,1200,1600,2400,3200,3200,8774,0,69,132.7441645752273,65.36484500065853,3246.179954998297,13.0
1778236343,40,,Aggregated,36.000000,0.000000,69,70,72,74,120,440,1100,1600,2400,3200,3200,8811,0,69,132.47830972444075,65.36484500065853,3246.179954998297,13.0
1778236344,40,,Aggregated,37.100000,0.000000,69,70,72,74,120,440,1100,1600,2400,3200,3200,8848,0,69,132.21487578515504,65.36484500065853,3246.179954998297,13.0
1778236345,40,,Aggregated,37.100000,0.000000,69,70,72,74,120,440,1100,1600,2400,3200,3200,8885,0,69,131.94959696905448,65.36484500065853,3246.179954998297,13.0
1778236346,40,,Aggregated,36.900000,0.000000,69,70,72,74,120,430,1100,1600,2400,3200,3200,8923,0,69,131.68108284691786,65.36484500065853,3246.179954998297,13.0
1778236347,40,,Aggregated,37.000000,0.000000,69,70,72,74,120,430,1100,1600,2400,3200,3200,8960,0,69,131.42208408784052,65.36484500065853,3246.179954998297,13.0
1778236348,40,,Aggregated,37.200000,0.000000,69,70,72,74,120,430,1100,1600,2400,3200,3200,8996,0,69,131.17209223310948,65.36484500065853,3246.179954998297,13.0
1778236349,40,,Aggregated,37.400000,0.000000,69,70,72,74,120,420,1100,1600,2300,3200,3200,9033,0,69,130.91825111569224,65.36484500065853,3246.179954998297,13.0
1778236350,40,,Aggregated,37.400000,0.000000,69,70,72,74,120,410,1100,1600,2300,3200,3200,9070,0,69,130.664066346201,65.36484500065853,3246.179954998297,13.0
1778236351,40,,Aggregated,37.600000,0.000000,69,70,72,74,120,410,1100,1600,2300,3200,3200,9108,0,69,130.4072572534074,65.36484500065853,3246.179954998297,13.0
1778236352,40,,Aggregated,37.400000,0.000000,69,70,72,74,120,410,1100,1600,2300,3200,3200,9146,0,69,130.1518043751414,65.36484500065853,3246.179954998297,13.0
1778236353,40,,Aggregated,37.500000,0.000000,69,70,72,74,120,400,1100,1600,2300,3200,3200,9185,0,69,129.8915614039238,65.36484500065853,3246.179954998297,13.0
1778236354,40,,Aggregated,37.600000,0.000000,69,70,72,74,120,400,1100,1600,2300,3200,3200,9223,0,69,129.64245898016264,65.36484500065853,3246.179954998297,13.0
1778236355,40,,Aggregated,37.600000,0.000000,69,70,72,74,120,390,1100,1600,2300,3200,3200,9262,0,69,129.38632707957612,65.36484500065853,3246.179954998297,13.0
1778236356,40,,Aggregated,37.600000,0.000000,69,70,72,74,120,390,1100,1600,2300,3200,3200,9299,0,69,129.14568679460513,65.36484500065853,3246.179954998297,13.0
1778236357,40,,Aggregated,37.500000,0.000000,69,70,72,74,120,390,1100,1600,2300,3200,3200,9335,0,69,128.9134291783652,65.36484500065853,3246.179954998297,13.0
1778236358,40,,Aggregated,37.400000,0.000000,69,70,72,74,120,380,1100,1600,2300,3200,3200,9374,0,69,128.66345780382372,65.36484500065853,3246.179954998297,13.0
1778236359,40,,Aggregated,37.200000,0.000000,69,70,72,74,120,380,1100,1600,2300,3200,3200,9411,0,69,128.4307035985585,65.36484500065853,3246.179954998297,13.0
1778236360,40,,Aggregated,37.200000,0.000000,69,70,72,74,120,380,1100,1600,2300,3200,3200,9446,0,69,128.22155071003957,65.36484500065853,3246.179954998297,13.0
1778236361,40,,Aggregated,36.900000,0.000000,69,70,72,74,120,380,1100,1600,2300,3200,3200,9474,0,69,128.13354465938676,65.36484500065853,3246.179954998297,13.0
1778236362,40,,Aggregated,37.200000,0.000000,69,70,72,74,120,400,1100,1600,2300,3200,3200,9504,0,69,129.28655916719586,65.36484500065853,3246.179954998297,13.0
1778236363,40,,Aggregated,37.100000,0.000000,69,70,72,74,120,420,1100,1600,2300,3200,3200,9524,0,69,130.09304923572273,65.36484500065853,3246.179954998297,13.0
1778236364,40,,Aggregated,35.300000,0.000000,69,70,72,74,120,440,1100,1600,2300,3200,3200,9540,0,69,131.2086839067116,65.36484500065853,3246.179954998297,13.0
1778236365,40,,Aggregated,34.800000,0.000000,69,70,72,74,130,470,1100,1600,2300,3200,3200,9563,0,69,133.18015870459368,65.36484500065853,3246.179954998297,13.0
1778236366,40,,Aggregated,32.600000,0.000000,69,70,72,74,130,500,1200,1600,2300,3200,3200,9601,0,69,135.41992920966973,65.36484500065853,3246.179954998297,13.0
1778236367,40,,Aggregated,30.600000,0.000000,69,70,72,74,130,490,1200,1600,2300,3200,3200,9637,0,69,135.24006455494865,65.36484500065853,3246.179954998297,13.0
1778236368,40,,Aggregated,30.000000,0.000000,69,70,72,74,130,490,1200,1600,2300,3200,3200,9673,0,69,135.0047019085116,65.36484500065853,3246.179954998297,13.0
1778236369,40,,Aggregated,29.900000,0.000000,69,70,72,74,130,490,1200,1600,2300,3200,3200,9710,0,69,134.75473716673903,65.36484500065853,3246.179954998297,13.0
1778236370,40,,Aggregated,30.000000,0.000000,69,70,72,74,130,490,1200,1600,2300,3200,3200,9748,0,69,134.4963269980546,65.36484500065853,3246.179954998297,13.0
1778236371,40,,Aggregated,30.200000,0.000000,69,70,72,74,130,480,1200,1600,2300,3200,3200,9785,0,69,134.24571833245108,65.36484500065853,3246.179954998297,13.0
1778236372,40,,Aggregated,30.200000,0.000000,69,70,72,74,130,480,1200,1600,2300,3200,3200,9823,0,69,133.99224930418774,65.36484500065853,3246.179954998297,13.0
1778236373,40,,Aggregated,30.200000,0.000000,69,70,72,74,130,470,1200,1600,2300,3200,3200,9860,0,69,133.74639729564237,65.36484500065853,3246.179954998297,13.0
1778236374,40,,Aggregated,32.100000,0.000000,69,70,72,74,130,470,1200,1600,2300,3200,3200,9897,0,69,133.50180273052806,65.36484500065853,3246.179954998297,13.0
1778236375,40,,Aggregated,32.700000,0.000000,69,70,72,74,130,480,1200,1600,2300,3200,3200,9915,0,69,133.6741641920361,65.36484500065853,3246.179954998297,13.0
1778236376,40,,Aggregated,34.900000,0.000000,69,70,72,74,130,510,1200,1600,2300,3200,3200,9942,0,69,135.3972580220322,65.36484500065853,3246.179954998297,13.0
1778236377,40,,Aggregated,35.900000,0.000000,69,70,72,74,130,530,1200,1600,2300,3200,3200,9967,0,69,136.7348922177232,65.36484500065853,3246.179954998297,13.0
1778236378,40,,Aggregated,34.700000,0.000000,69,70,72,74,140,540,1200,1600,2300,3200,3200,9994,0,69,137.70355690654873,65.36484500065853,3246.179954998297,13.0
1778236379,40,,Aggregated,33.800000,0.000000,69,70,72,75,140,560,1200,1600,2300,3200,3200,10020,0,69,138.7857803935184,65.36484500065853,3246.179954998297,13.0
1778236380,40,,Aggregated,32.600000,0.000000,69,70,72,75,150,560,1200,1600,2300,3200,3200,10045,0,69,139.7944706014986,65.36484500065853,3246.179954998297,13.0
1778236381,40,,Aggregated,31.200000,0.000000,69,70,72,75,160,570,1200,1600,2300,3200,3200,10072,0,69,140.87758356781697,65.36484500065853,3246.179954998297,13.0
1778236382,40,,Aggregated,30.100000,0.000000,69,70,73,75,160,590,1200,1600,2300,3200,3200,10098,0,69,141.95275530788786,65.36484500065853,3246.179954998297,13.0
1778236383,40,,Aggregated,28.900000,0.000000,69,70,73,76,170,590,1200,1600,2300,3200,3200,10121,0,69,142.87409070151696,65.36484500065853,3246.179954998297,13.0
1778236384,40,,Aggregated,27.800000,0.000000,69,70,73,76,190,600,1200,1600,2300,3200,3200,10150,0,69,144.05121664867428,65.36484500065853,3246.179954998297,13.0
1778236385,40,,Aggregated,26.300000,0.000000,69,71,73,76,200,610,1200,1600,2300,3200,3200,10178,0,69,145.0286702479906,65.36484500065853,3246.179954998297,13.0
1778236386,40,,Aggregated,25.600000,0.000000,69,71,73,77,220,610,1200,1600,2300,3200,3200,10203,0,69,146.06330697187516,65.36484500065853,3246.179954998297,13.0
1778236387,40,,Aggregated,25.600000,0.000000,69,71,73,77,240,610,1200,1600,2300,3200,3200,10229,0,69,147.02216123384954,65.36484500065853,3246.179954998297,13.0
1778236388,40,,Aggregated,25.900000,0.000000,69,71,73,78,250,620,1200,1600,2300,3200,3200,10254,0,69,147.96798094168585,65.36484500065853,3246.179954998297,13.0
1778236389,40,,Aggregated,25.800000,0.000000,69,71,73,78,280,620,1200,1600,2300,3200,3200,10280,0,69,148.87650247247572,65.36484500065853,3246.179954998297,13.0
1778236390,40,,Aggregated,26.100000,0.000000,69,71,73,79,310,620,1200,1600,2300,3200,3200,10308,0,69,150.05382545848371,65.36484500065853,3246.179954998297,13.0
1778236391,40,,Aggregated,26.200000,0.000000,69,71,73,80,320,630,1200,1600,2300,3200,3200,10334,0,69,150.97094401693818,65.36484500065853,3246.179954998297,13.0
1778236392,40,,Aggregated,26.100000,0.000000,69,71,73,81,340,630,1200,1600,2300,3200,3200,10360,0,69,151.95053176033238,65.36484500065853,3246.179954998297,13.0
1778236393,40,,Aggregated,26.200000,0.000000,69,71,73,82,350,640,1200,1600,2300,3200,3200,10384,0,69,152.83226224605644,65.36484500065853,3246.179954998297,13.0
1778236394,40,,Aggregated,25.900000,0.000000,69,71,73,83,370,640,1100,1600,2300,3200,3200,10410,0,69,153.73582139597093,65.36484500065853,3246.179954998297,13.0
1778236395,40,,Aggregated,26.400000,0.000000,69,71,73,84,380,640,1200,1600,2300,3200,3200,10437,0,69,154.90813695353594,65.36484500065853,3246.179954998297,13.0
1778236396,40,,Aggregated,25.900000,0.000000,69,71,74,85,380,640,1100,1600,2300,3200,3200,10464,0,69,155.7539723870461,65.36484500065853,3246.179954998297,13.0
1778236397,40,,Aggregated,25.500000,0.000000,69,71,74,85,390,640,1100,1600,2300,3200,3200,10490,0,69,156.599642785897,65.36484500065853,3246.179954998297,13.0
1778236398,40,,Aggregated,26.200000,0.000000,69,71,74,87,400,650,1100,1600,2300,3200,3200,10516,0,69,157.51935132484462,65.36484500065853,3246.179954998297,13.0
1778236399,40,,Aggregated,26.000000,0.000000,69,71,74,88,400,650,1200,1600,2300,3200,3200,10543,0,69,158.47228805388104,65.36484500065853,3246.179954998297,13.0
1778236400,40,,Aggregated,26.000000,0.000000,69,71,74,89,410,660,1200,1600,2300,3200,3200,10570,0,69,159.3136776915862,65.36484500065853,3246.179954998297,13.0
1778236401,40,,Aggregated,26.000000,0.000000,69,71,74,90,410,660,1200,1600,2300,3200,3200,10595,0,69,160.20906765418187,65.36484500065853,3246.179954998297,13.0
1778236402,40,,Aggregated,26.200000,0.000000,69,71,74,90,420,660,1100,1600,2300,3200,3200,10623,0,69,161.23470554448383,65.36484500065853,3246.179954998297,13.0
1778236403,40,,Aggregated,26.000000,0.000000,69,71,74,91,430,660,1100,1600,2300,3200,3200,10646,0,69,161.9882152292928,65.36484500065853,3246.179954998297,13.0
1778236404,40,,Aggregated,26.100000,0.000000,69,71,75,92,440,670,1100,1600,2300,3200,3200,10675,0,69,163.1105405893258,65.36484500065853,3246.179954998297,13.0
1778236405,40,,Aggregated,26.100000,0.000000,69,71,75,93,440,670,1100,1600,2300,3200,3200,10698,0,69,163.8586698406292,65.36484500065853,3246.179954998297,13.0
1778236406,40,,Aggregated,26.200000,0.000000,69,71,75,95,450,670,1100,1600,2300,3200,3200,10725,0,69,164.83738740830293,65.36484500065853,3246.179954998297,13.0
1778236407,40,,Aggregated,26.500000,0.000000,69,71,75,96,450,680,1100,1600,2300,3200,3200,10753,0,69,165.81259688710568,65.36484500065853,3246.179954998297,13.0
1778236408,40,,Aggregated,26.100000,0.000000,69,71,75,97,460,680,1100,1600,2300,3200,3200,10778,0,69,166.5639123252034,65.36484500065853,3246.179954998297,13.0
1778236409,40,,Aggregated,26.300000,0.000000,69,71,76,98,460,680,1100,1600,2300,3200,3200,10806,0,69,167.6007093747031,65.36484500065853,3246.179954998297,13.0
1778236410,40,,Aggregated,26.100000,0.000000,69,71,76,99,470,680,1100,1600,2300,3200,3200,10832,0,69,168.42306355631843,65.36484500065853,3246.179954998297,13.0
1778236411,40,,Aggregated,26.100000,0.000000,69,71,76,100,470,680,1100,1600,2300,3200,3200,10855,0,69,169.15618940847904,65.36484500065853,3246.179954998297,13.0
1778236412,40,,Aggregated,26.100000,0.000000,69,71,77,100,470,690,1100,1600,2300,3200,3200,10882,0,69,170.18032074931415,65.36484500065853,3246.179954998297,13.0
1778236413,40,,Aggregated,26.000000,0.000000,69,71,77,100,480,690,1100,1600,2300,3200,3200,10908,0,69,170.99549168225454,65.36484500065853,3246.179954998297,13.0
1778236414,40,,Aggregated,26.200000,0.000000,69,71,77,110,480,690,1100,1600,2300,3200,3200,10932,0,69,171.90396171963275,65.36484500065853,3246.179954998297,13.0
1778236415,40,,Aggregated,26.100000,0.000000,69,72,78,110,490,690,1100,1600,2300,3200,3200,10961,0,69,172.85013890429892,65.36484500065853,3246.179954998297,13.0
1778236416,40,,Aggregated,25.800000,0.000000,69,72,79,110,490,690,1100,1600,2300,3200,3200,10987,0,69,173.64252949485962,65.36484500065853,3246.179954998297,13.0
1778236417,40,,Aggregated,25.900000,0.000000,69,72,80,110,500,690,1100,1600,2200,3200,3200,11013,0,69,174.54203015972212,65.36484500065853,3246.179954998297,13.0
1778236418,40,,Aggregated,26.200000,0.000000,69,72,81,120,500,690,1100,1600,2200,3200,3200,11039,0,69,175.449007298942,65.36484500065853,3246.179954998297,13.0
1778236419,40,,Aggregated,26.000000,0.000000,69,72,82,120,500,690,1100,1600,2200,3200,3200,11067,0,69,176.20716121044717,65.36484500065853,3246.179954998297,13.0
1778236420,40,,Aggregated,25.900000,0.000000,69,72,83,120,510,690,1100,1600,2200,3200,3200,11091,0,69,177.07830782355208,65.36484500065853,3246.179954998297,13.0
1778236421,40,,Aggregated,26.200000,0.000000,69,72,84,120,510,690,1100,1600,2200,3200,3200,11119,0,69,177.9996872206147,65.36484500065853,3246.179954998297,13.0
1778236422,40,,Aggregated,25.700000,0.000000,69,72,84,120,510,690,1100,1600,2200,3200,3200,11143,0,69,178.58676163950622,65.36484500065853,3246.179954998297,13.0
1778236423,40,,Aggregated,25.900000,0.000000,69,72,85,130,510,690,1100,1600,2200,3200,3200,11171,0,69,179.5168515183979,65.36484500065853,3246.179954998297,13.0
1778236424,40,,Aggregated,26.300000,0.000000,69,72,86,130,510,690,1100,1600,2200,3200,3200,11198,0,69,180.2092950580482,65.36484500065853,3246.179954998297,13.0
1778236425,40,,Aggregated,25.900000,0.000000,69,72,87,130,510,700,1100,1600,2200,3200,3200,11224,0,69,181.0957929278353,65.36484500065853,3246.179954998297,13.0
1778236426,40,,Aggregated,26.500000,0.000000,69,72,88,140,520,700,1100,1600,2200,3200,3200,11252,0,69,181.97762226066695,65.36484500065853,3246.179954998297,13.0
1778236427,40,,Aggregated,26.300000,0.000000,69,72,89,150,520,700,1100,1600,2200,3200,3200,11278,0,69,182.78257618700272,65.36484500065853,3246.179954998297,13.0
1778236428,40,,Aggregated,26.100000,0.000000,69,72,90,150,520,700,1100,1600,2200,3200,3200,11302,0,69,183.45991220394745,65.36484500065853,3246.179954998297,13.0
1778236429,40,,Aggregated,26.300000,0.000000,69,72,90,160,520,700,1100,1600,2200,3200,3200,11329,0,69,184.36664750048695,65.36484500065853,3246.179954998297,13.0
1778236430,40,,Aggregated,26.300000,0.000000,69,72,91,160,520,700,1100,1600,2200,3200,3200,11353,0,69,185.0968724287866,65.36484500065853,3246.179954998297,13.0
1778236431,40,,Aggregated,26.000000,0.000000,69,72,92,170,530,700,1100,1600,2200,3200,3200,11378,0,69,185.95090475637318,65.36484500065853,3246.179954998297,13.0
1778236432,40,,Aggregated,26.400000,0.000000,69,72,93,180,530,700,1100,1600,2200,3200,3200,11407,0,69,186.771830198476,65.36484500065853,3246.179954998297,13.0
1778236433,40,,Aggregated,26.500000,0.000000,69,72,94,190,530,700,1100,1600,2200,3200,3200,11433,0,69,187.57946732581277,65.36484500065853,3246.179954998297,13.0
1778236434,40,,Aggregated,26.000000,0.000000,69,72,95,200,530,700,1100,1600,2200,3200,3200,11461,0,69,188.46086768458454,65.36484500065853,3246.179954998297,13.0
1778236435,40,,Aggregated,26.300000,0.000000,69,73,96,220,540,700,1100,1600,2200,3200,3200,11485,0,69,189.12977551153915,65.36484500065853,3246.179954998297,13.0
1778236436,40,,Aggregated,25.900000,0.000000,69,73,97,240,540,700,1100,1600,2200,3200,3200,11509,0,69,189.8418239611631,65.36484500065853,3246.179954998297,13.0
1778236437,40,,Aggregated,25.900000,0.000000,70,73,99,260,540,700,1100,1600,2200,3200,3200,11539,0,70,190.77559214143534,65.36484500065853,3246.179954998297,13.0
1778236438,40,,Aggregated,25.800000,0.000000,70,73,100,280,540,700,1100,1600,2200,3200,3200,11563,0,70,191.42234732258245,65.36484500065853,3246.179954998297,13.0
1778236439,40,,Aggregated,26.100000,0.000000,70,73,100,300,540,700,1100,1600,2200,3200,3200,11590,0,70,192.36534935573957,65.36484500065853,3246.179954998297,13.0
1778236440,40,,Aggregated,26.300000,0.000000,70,73,100,320,540,700,1100,1600,2200,3200,3200,11616,0,70,192.940427251293,65.36484500065853,3246.179954998297,13.0
1778236441,40,,Aggregated,25.900000,0.000000,70,73,100,330,550,700,1100,1600,2200,3200,3200,11641,0,70,193.70378785499648,65.36484500065853,3246.179954998297,13.0
1778236442,40,,Aggregated,26.000000,0.000000,70,73,110,340,550,700,1100,1600,2200,3200,3200,11671,0,70,194.6231384633721,65.36484500065853,3246.179954998297,13.0
1778236443,40,,Aggregated,25.800000,0.000000,70,73,110,340,550,700,1100,1600,2200,3200,3200,11696,0,70,195.24681700855135,65.36484500065853,3246.179954998297,13.0
1778236444,40,,Aggregated,25.900000,0.000000,70,73,110,340,550,700,1100,1600,2200,3200,3200,11721,0,70,196.07512157273428,65.36484500065853,3246.179954998297,13.0
1778236445,40,,Aggregated,26.200000,0.000000,70,73,110,350,550,700,1100,1600,2200,3200,3200,11747,0,70,196.7837892020958,65.36484500065853,3246.179954998297,13.0
1778236446,40,,Aggregated,26.000000,0.000000,70,73,120,350,550,700,1100,1600,2200,3200,3200,11772,0,70,197.54326522749022,65.36484500065853,3246.179954998297,13.0
1778236447,40,,Aggregated,26.000000,0.000000,70,73,120,350,560,700,1100,1600,2200,3200,3200,11799,0,70,198.27634771073932,65.36484500065853,3246.179954998297,13.0
1778236448,40,,Aggregated,26.100000,0.000000,70,73,120,360,560,700,1100,1600,2200,3200,3200,11825,0,70,198.87218497361619,65.36484500065853,3246.179954998297,13.0
1778236449,40,,Aggregated,26.000000,0.000000,70,73,120,360,560,710,1100,1600,2200,3200,3200,11852,0,70,199.7791007001363,65.36484500065853,3246.179954998297,13.0
1778236450,40,,Aggregated,25.800000,0.000000,70,74,120,360,560,710,1100,1600,2200,3200,3200,11879,0,70,200.50908946039326,65.36484500065853,3246.179954998297,13.0
1778236451,40,,Aggregated,26.200000,0.000000,70,74,130,370,560,710,1100,1600,2200,3200,3200,11904,0,70,201.11930509702665,65.36484500065853,3246.179954998297,13.0
1778236452,40,,Aggregated,25.900000,0.000000,70,74,130,370,560,710,1100,1600,2200,3200,3200,11931,0,70,201.94178744581376,65.36484500065853,3246.179954998297,13.0
1778236453,40,,Aggregated,26.300000,0.000000,70,74,130,370,560,710,1100,1600,2200,3200,3200,11954,0,70,202.5526013735992,65.36484500065853,3246.179954998297,13.0
1778236454,40,,Aggregated,26.100000,0.000000,70,74,140,380,560,710,1100,1600,2200,3200,3200,11982,0,70,203.35909866157564,65.36484500065853,3246.179954998297,13.0
1778236455,40,,Aggregated,26.000000,0.000000,70,74,140,380,560,710,1100,1600,2100,3200,3200,12011,0,70,204.12063001806735,65.36484500065853,3246.179954998297,13.0
1778236456,40,,Aggregated,26.100000,0.000000,70,74,150,380,560,710,1100,1600,2100,3200,3200,12035,0,70,204.73650309530643,65.36484500065853,3246.179954998297,13.0
1778236457,40,,Aggregated,26.300000,0.000000,70,74,150,390,560,710,1100,1600,2100,3200,3200,12061,0,70,205.49237820164265,65.36484500065853,3246.179954998297,13.0
1778236458,40,,Aggregated,26.500000,0.000000,70,74,160,390,570,710,1100,1600,2100,3200,3200,12089,0,70,206.14852912978796,65.36484500065853,3246.179954998297,13.0
1778236459,40,,Aggregated,26.100000,0.000000,70,74,160,390,570,710,1100,1600,2100,3200,3200,12112,0,70,206.79253543271213,65.36484500065853,3246.179954998297,13.0
1778236460,40,,Aggregated,26.200000,0.000000,70,75,170,390,570,710,1100,1600,2100,3200,3200,12141,0,70,207.62181434601868,65.36484500065853,3246.179954998297,13.0
1778236461,40,,Aggregated,26.300000,0.000000,70,75,180,400,570,710,1100,1600,2100,3200,3200,12165,0,70,208.0931256198122,65.36484500065853,3246.179954998297,13.0
1778236462,40,,Aggregated,26.500000,0.000000,70,75,190,400,570,710,1100,1600,2100,3200,3200,12193,0,70,209.01287495276165,65.36484500065853,3246.179954998297,13.0
1778236463,40,,Aggregated,26.200000,0.000000,70,75,200,400,570,710,1100,1600,2100,3200,3200,12217,0,70,209.62283506032782,65.36484500065853,3246.179954998297,13.0
1778236464,40,,Aggregated,26.100000,0.000000,70,75,220,400,570,710,1100,1600,2100,3200,3200,12244,0,70,210.4639824968981,65.36484500065853,3246.179954998297,13.0
1778236465,40,,Aggregated,26.200000,0.000000,70,76,230,410,570,720,1100,1600,2100,3200,3200,12271,0,70,211.15215260932442,65.36484500065853,3246.179954998297,13.0
1778236466,40,,Aggregated,26.100000,0.000000,70,76,250,410,570,710,1100,1600,2100,3200,3200,12296,0,70,211.70441155335186,65.36484500065853,3246.179954998297,13.0
1778236467,40,,Aggregated,25.900000,0.000000,70,76,270,410,570,710,1100,1600,2100,3200,3200,12321,0,70,212.4587763205926,65.36484500065853,3246.179954998297,13.0
1778236468,40,,Aggregated,25.800000,0.000000,70,77,290,410,570,720,1100,1600,2100,3200,3200,12349,0,70,213.1949248609619,65.36484500065853,3246.179954998297,13.0
1778236469,40,,Aggregated,25.800000,0.000000,70,77,310,420,580,720,1100,1600,2100,3200,3200,12377,0,70,213.93156250254688,65.36484500065853,3246.179954998297,13.0
1778236470,40,,Aggregated,26.000000,0.000000,70,77,320,420,580,720,1100,1600,2100,3200,3200,12401,0,70,214.58841212757235,65.36484500065853,3246.179954998297,13.0
1778236471,40,,Aggregated,25.900000,0.000000,70,78,330,420,580,720,1100,1600,2100,3200,3200,12428,0,70,215.27544911530669,65.36484500065853,3246.179954998297,13.0
1778236472,40,,Aggregated,25.900000,0.000000,70,78,330,420,580,720,1100,1600,2100,3200,3200,12452,0,70,215.91260643069617,65.36484500065853,3246.179954998297,13.0
1778236473,40,,Aggregated,25.800000,0.000000,70,79,340,420,580,720,1100,1600,2100,3200,3200,12479,0,70,216.66214293180826,65.36484500065853,3246.179954998297,13.0
1778236474,40,,Aggregated,26.000000,0.000000,70,79,340,430,580,720,1100,1600,2100,3200,3200,12505,0,70,217.28535763031027,65.36484500065853,3246.179954998297,13.0
1778236475,40,,Aggregated,25.600000,0.000000,70,80,340,430,580,720,1100,1600,2100,3200,3200,12529,0,70,217.85288540961187,65.36484500065853,3246.179954998297,13.0
1778236476,40,,Aggregated,25.900000,0.000000,70,81,350,430,580,720,1100,1600,2100,3200,3200,12555,0,70,218.613507877421,65.36484500065853,3246.179954998297,13.0
1778236477,40,,Aggregated,26.000000,0.000000,70,82,350,430,580,720,1100,1600,2100,3200,3200,12581,0,70,219.32520619974687,65.36484500065853,3246.179954998297,13.0
1778236478,40,,Aggregated,25.900000,0.000000,70,83,350,430,590,720,1100,1600,2100,3200,3200,12607,0,70,219.92326469747067,65.36484500065853,3246.179954998297,13.0
1778236479,40,,Aggregated,26.100000,0.000000,70,84,350,430,590,720,1100,1600,2100,3200,3200,12637,0,70,220.5804960430491,65.36484500065853,3246.179954998297,13.0
1778236480,40,,Aggregated,25.800000,0.000000,70,84,360,440,590,720,1100,1600,2100,3200,3200,12661,0,70,221.2035553033736,65.36484500065853,3246.179954998297,13.0
1778236481,40,,Aggregated,26.000000,0.000000,70,85,360,440,590,720,1100,1600,2100,3200,3200,12689,0,70,221.94772771416316,65.36484500065853,3246.179954998297,13.0
1778236482,40,,Aggregated,26.100000,0.000000,70,85,360,440,590,720,1100,1600,2100,3200,3200,12714,0,70,222.51832086196424,65.36484500065853,3246.179954998297,13.0
1778236483,40,,Aggregated,26.000000,0.000000,70,86,360,440,590,720,1100,1600,2100,3200,3200,12740,0,70,223.11357137033073,65.36484500065853,3246.179954998297,13.0
1778236484,40,,Aggregated,25.900000,0.000000,70,87,370,440,590,720,1100,1600,2100,3200,3200,12766,0,70,223.74846536041156,65.36484500065853,3246.179954998297,13.0
1778236485,40,,Aggregated,26.000000,0.000000,70,88,370,440,590,720,1100,1600,2100,3200,3200,12793,0,70,224.38066761393023,65.36484500065853,3246.179954998297,13.0
1778236486,40,,Aggregated,26.300000,0.000000,70,89,370,450,590,720,1100,1600,2100,3200,3200,12820,0,70,225.06294676045326,65.36484500065853,3246.179954998297,13.0
1778236487,40,,Aggregated,26.300000,0.000000,70,90,370,450,590,720,1100,1600,2100,3200,3200,12845,0,70,225.60223434161182,65.36484500065853,3246.179954998297,13.0
1778236488,40,,Aggregated,26.300000,0.000000,70,90,380,450,590,720,1100,1600,2100,3200,3200,12869,0,70,226.2748879602149,65.36484500065853,3246.179954998297,13.0
1778236489,40,,Aggregated,26.200000,0.000000,70,91,380,450,590,720,1100,1600,2100,3200,3200,12898,0,70,226.89721669638763,65.36484500065853,3246.179954998297,13.0
1778236490,40,,Aggregated,26.100000,0.000000,70,92,380,450,590,720,1000,1600,2100,3200,3200,12924,0,70,227.4552509600746,65.36484500065853,3246.179954998297,13.0
1778236491,40,,Aggregated,25.900000,0.000000,70,93,380,450,600,720,1100,1600,2100,3200,3200,12950,0,70,228.21561461922818,65.36484500065853,3246.179954998297,13.0
1778236492,40,,Aggregated,26.100000,0.000000,70,94,380,450,600,720,1100,1600,2100,3200,3200,12975,0,70,228.70505817618533,65.36484500065853,3246.179954998297,13.0
1778236493,40,,Aggregated,26.100000,0.000000,70,95,390,450,600,720,1000,1600,2100,3200,3200,13001,0,70,229.36200366379535,65.36484500065853,3246.179954998297,13.0
1778236494,40,,Aggregated,26.200000,0.000000,70,95,390,450,600,720,1000,1600,2100,3200,3200,13028,0,70,230.00365011275778,65.36484500065853,3246.179954998297,13.0
1778236495,40,,Aggregated,26.100000,0.000000,70,96,390,460,600,720,1000,1600,2100,3200,3200,13053,0,70,230.57371458446394,65.36484500065853,3246.179954998297,13.0
1778236496,40,,Aggregated,25.900000,0.000000,70,97,390,460,600,720,1000,1600,2100,3200,3200,13080,0,70,231.25733559617763,65.36484500065853,3246.179954998297,13.0
1778236497,40,,Aggregated,26.000000,0.000000,70,99,390,460,600,720,1000,1600,2100,3200,3200,13109,0,70,231.838090482188,65.36484500065853,3246.179954998297,13.0
1778236498,40,,Aggregated,25.800000,0.000000,70,99,390,460,600,720,1000,1600,2100,3200,3200,13132,0,70,232.3432329572042,65.36484500065853,3246.179954998297,13.0
1778236499,40,,Aggregated,26.100000,0.000000,70,100,390,460,600,720,1000,1600,2100,3200,3200,13158,0,70,232.83853366066296,65.36484500065853,3246.179954998297,13.0
1778236500,40,,Aggregated,26.400000,0.000000,70,100,390,460,600,730,1100,1600,2100,3200,3200,13183,0,70,233.45558840628118,65.36484500065853,3246.179954998297,13.0
1778236501,40,,Aggregated,26.200000,0.000000,70,100,390,460,600,730,1100,1600,2200,3200,3200,13209,0,70,234.04723841812412,65.36484500065853,3246.179954998297,13.0
1778236502,40,,Aggregated,25.800000,0.000000,70,110,400,460,600,730,1100,1600,2200,3200,3200,13238,0,70,234.93520754207597,65.36484500065853,3246.179954998297,13.0
1778236503,40,,Aggregated,25.900000,0.000000,70,110,400,460,600,730,1100,1600,2200,3200,3200,13261,0,70,235.40462295083336,65.36484500065853,3246.179954998297,13.0
1778236504,40,,Aggregated,25.800000,0.000000,70,110,400,460,600,730,1100,1600,2200,3200,3200,13287,0,70,236.0564654262816,65.36484500065853,3246.179954998297,13.0
1778236505,40,,Aggregated,26.200000,0.000000,70,110,400,470,600,730,1100,1600,2200,3200,3200,13315,0,70,236.58510116650396,65.36484500065853,3246.179954998297,13.0
1778236506,40,,Aggregated,25.900000,0.000000,70,110,400,470,600,730,1100,1600,2200,3200,3200,13342,0,70,237.26286766264383,65.36484500065853,3246.179954998297,13.0
1778236507,40,,Aggregated,25.700000,0.000000,70,110,400,470,600,730,1100,1600,2200,3200,3200,13369,0,70,237.76760245732618,65.36484500065853,3246.179954998297,13.0
1778236508,40,,Aggregated,26.100000,0.000000,70,120,400,470,610,730,1100,1600,2200,3200,3200,13393,0,70,238.30454955976944,65.36484500065853,3246.179954998297,13.0
1778236509,40,,Aggregated,26.000000,0.000000,70,120,410,470,610,730,1100,1600,2200,3200,3200,13420,0,70,238.91436309657212,65.36484500065853,3246.179954998297,13.0
1778236510,40,,Aggregated,26.000000,0.000000,71,120,410,470,610,730,1100,1600,2200,3200,3200,13444,0,71,239.31765385897035,65.36484500065853,3246.179954998297,13.0
1778236512,40,,Aggregated,26.000000,0.000000,71,120,410,470,610,730,1100,1600,2200,3200,3200,13471,0,71,240.01493037161313,65.36484500065853,3246.179954998297,13.0
1778236513,40,,Aggregated,26.100000,0.000000,71,120,410,470,610,730,1100,1600,2200,3200,3200,13498,0,71,240.5874965191143,65.36484500065853,3246.179954998297,13.0
1778236514,40,,Aggregated,26.000000,0.000000,71,130,410,470,610,730,1100,1600,2200,3200,3200,13525,0,71,241.18946773567532,65.36484500065853,3246.179954998297,13.0
1778236515,40,,Aggregated,26.200000,0.000000,71,130,410,480,610,730,1000,1600,2200,3200,3200,13551,0,71,241.72032092377023,65.36484500065853,3246.179954998297,13.0
1778236516,40,,Aggregated,26.300000,0.000000,71,130,410,480,610,740,1000,1600,2200,3200,3200,13577,0,71,242.22468603778577,65.36484500065853,3246.179954998297,13.0
1778236517,40,,Aggregated,26.400000,0.000000,71,130,420,480,610,740,1000,1600,2200,3200,3200,13605,0,71,242.8005567741285,65.36484500065853,3246.179954998297,13.0
1778236518,40,,Aggregated,26.100000,0.000000,71,140,420,480,610,740,1000,1600,2200,3200,3200,13630,0,71,243.2490411890698,65.36484500065853,3246.179954998297,13.0
1778236519,40,,Aggregated,26.200000,0.000000,71,140,420,480,610,740,1000,1600,2200,3200,3200,13657,0,71,243.85922583049185,65.36484500065853,3246.179954998297,13.0
1778236520,40,,Aggregated,26.200000,0.000000,71,150,420,480,610,730,1000,1600,2200,3200,3200,13684,0,71,244.4018074957635,65.36484500065853,3246.179954998297,13.0
1778236521,40,,Aggregated,25.900000,0.000000,71,150,420,480,610,740,1000,1600,2200,3200,3200,13707,0,71,244.88407072233375,65.36484500065853,3246.179954998297,13.0
1778236522,40,,Aggregated,26.300000,0.000000,71,160,420,480,610,740,1000,1600,2200,3200,3200,13734,0,71,245.46020404310704,65.36484500065853,3246.179954998297,13.0
1778236523,40,,Aggregated,26.300000,0.000000,71,160,420,480,610,740,1000,1600,2200,3200,3200,13763,0,71,246.09250077192686,65.36484500065853,3246.179954998297,13.0
1778236524,40,,Aggregated,26.300000,0.000000,71,170,430,480,610,740,1000,1600,2200,3200,3200,13787,0,71,246.6282853270495,65.36484500065853,3246.179954998297,13.0
1778236525,40,,Aggregated,26.300000,0.000000,71,170,430,490,610,740,1000,1600,2200,3200,3200,13813,0,71,247.12770747976782,65.36484500065853,3246.179954998297,13.0
1778236526,40,,Aggregated,26.100000,0.000000,71,190,430,490,610,740,1000,1600,2200,3200,3200,13838,0,71,247.5994840583927,65.36484500065853,3246.179954998297,13.0
1778236527,40,,Aggregated,26.200000,0.000000,71,190,430,490,610,740,1000,1600,2200,3200,3200,13868,0,71,248.2674746794801,65.36484500065853,3246.179954998297,13.0
1778236528,40,,Aggregated,26.100000,0.000000,71,200,430,490,610,740,1000,1600,2200,3200,3200,13891,0,71,248.61210471982062,65.36484500065853,3246.179954998297,13.0
1778236529,40,,Aggregated,26.200000,0.000000,71,220,430,490,620,740,1000,1500,2200,3200,3200,13919,0,71,249.30584933414914,65.36484500065853,3246.179954998297,13.0
1778236530,40,,Aggregated,26.100000,0.000000,71,230,430,490,620,740,1000,1500,2200,3200,3200,13944,0,71,249.70632063927272,65.36484500065853,3246.179954998297,13.0
1778236531,40,,Aggregated,26.200000,0.000000,71,250,430,490,620,740,1000,1500,2200,3200,3200,13972,0,71,250.40518251653458,65.36484500065853,3246.179954998297,13.0
1778236532,40,,Aggregated,25.800000,0.000000,71,270,430,490,620,740,1000,1500,2200,3200,3200,13998,0,71,250.82496364187884,65.36484500065853,3246.179954998297,13.0
1778236533,40,,Aggregated,26.300000,0.000000,71,280,440,490,620,740,1000,1500,2200,3200,3200,14022,0,71,251.36710473370604,65.36484500065853,3246.179954998297,13.0
1778236534,40,,Aggregated,26.000000,0.000000,71,300,440,490,620,740,1000,1500,2200,3200,3200,14050,0,71,251.9358561796457,65.36484500065853,3246.179954998297,13.0
1778236535,40,,Aggregated,25.900000,0.000000,71,310,440,490,620,740,1000,1500,2200,3200,3200,14076,0,71,252.49635688889032,65.36484500065853,3246.179954998297,13.0
1778236536,40,,Aggregated,25.900000,0.000000,71,320,440,490,620,740,1000,1500,2200,3200,3200,14100,0,71,252.98579708354717,65.36484500065853,3246.179954998297,13.0
1778236537,40,,Aggregated,26.000000,0.000000,71,330,440,490,620,740,1000,1500,2200,3200,3200,14126,0,71,253.51158403667108,65.36484500065853,3246.179954998297,13.0
1778236538,40,,Aggregated,26.300000,0.000000,71,330,440,490,620,740,1000,1500,2200,3200,3200,14152,0,71,254.04535374399424,65.36484500065853,3246.179954998297,13.0
1778236539,40,,Aggregated,26.000000,0.000000,71,330,440,490,620,740,1000,1500,2200,3200,3200,14179,0,71,254.5210130032444,65.36484500065853,3246.179954998297,13.0
1778236540,40,,Aggregated,26.000000,0.000000,71,330,440,500,620,740,1000,1500,2200,3200,3200,14205,0,71,254.91347358211954,65.36484500065853,3246.179954998297,13.0
1778236541,40,,Aggregated,26.000000,0.000000,71,340,440,500,620,740,1000,1500,2200,3200,3200,14232,0,71,255.5603554626201,65.36484500065853,3246.179954998297,13.0
1778236542,40,,Aggregated,26.000000,0.000000,71,340,440,500,620,740,1000,1500,2200,3200,3200,14258,0,71,256.01368340650936,65.36484500065853,3246.179954998297,13.0
1778236543,40,,Aggregated,25.800000,0.000000,71,340,440,500,620,740,1000,1500,2200,3200,3200,14284,0,71,256.5236438466822,65.36484500065853,3246.179954998297,13.0
1778236544,40,,Aggregated,26.300000,0.000000,71,340,440,500,620,740,1000,1500,2200,3200,3200,14311,0,71,257.10150824191237,65.36484500065853,3246.179954998297,13.0
1778236545,40,,Aggregated,26.000000,0.000000,71,340,440,500,620,740,1000,1500,2200,3200,3200,14339,0,71,257.53976233070745,65.36484500065853,3246.179954998297,13.0
1778236546,40,,Aggregated,26.100000,0.000000,71,340,440,500,620,740,1000,1500,2200,3200,3200,14362,0,71,257.9808972676515,65.36484500065853,3246.179954998297,13.0
1778236547,40,,Aggregated,26.100000,0.000000,71,340,450,500,620,740,1000,1500,2200,3200,3200,14390,0,71,258.5741665412098,65.36484500065853,3246.179954998297,13.0
1778236548,40,,Aggregated,25.900000,0.000000,71,350,450,500,620,740,1000,1500,2200,3200,3200,14414,0,71,258.9054280995567,65.36484500065853,3246.179954998297,13.0
1778236549,40,,Aggregated,26.100000,0.000000,71,350,450,500,620,740,1000,1500,2200,3200,3200,14441,0,71,259.51560110401,65.36484500065853,3246.179954998297,13.0
1778236550,40,,Aggregated,26.300000,0.000000,72,350,450,500,620,740,1000,1500,2200,3200,3200,14470,0,72,260.0343821605398,65.36484500065853,3246.179954998297,13.0
1778236551,40,,Aggregated,26.000000,0.000000,72,350,450,500,620,740,1000,1500,2200,3200,3200,14495,0,72,260.47901708616837,65.36484500065853,3246.179954998297,13.0
1778236552,40,,Aggregated,26.100000,0.000000,72,350,450,500,620,740,1000,1500,2200,3200,3200,14521,0,72,261.03793166861846,65.36484500065853,3246.179954998297,13.0
1778236553,40,,Aggregated,26.200000,0.000000,72,350,450,500,620,740,1000,1500,2200,3200,3200,14546,0,72,261.4380865972096,65.36484500065853,3246.179954998297,13.0
1778236554,40,,Aggregated,26.200000,0.000000,72,350,450,510,620,740,1000,1500,2200,3200,3200,14572,0,72,261.9808482241294,65.36484500065853,3246.179954998297,13.0
1778236555,40,,Aggregated,26.100000,0.000000,72,360,450,510,620,740,1000,1500,2200,3200,3200,14599,0,72,262.5657425559978,65.36484500065853,3246.179954998297,13.0
1778236556,40,,Aggregated,26.000000,0.000000,72,360,450,510,630,740,1000,1500,2200,3200,3200,14626,0,72,263.0431323305085,65.36484500065853,3246.179954998297,13.0
1778236557,40,,Aggregated,26.100000,0.000000,72,360,450,510,630,740,1000,1500,2200,3200,3200,14650,0,72,263.3960774501034,65.36484500065853,3246.179954998297,13.0
1778236558,40,,Aggregated,26.000000,0.000000,72,360,460,510,630,740,1000,1500,2200,3200,3200,14676,0,72,263.94176377214546,65.36484500065853,3246.179954998297,13.0
1778236559,40,,Aggregated,26.000000,0.000000,72,360,460,510,630,740,1000,1500,2200,3200,3200,14704,0,72,264.4349009859907,65.36484500065853,3246.179954998297,13.0
1778236560,40,,Aggregated,26.000000,0.000000,72,360,460,510,630,740,1000,1500,2200,3200,3200,14727,0,72,264.8657729562038,65.36484500065853,3246.179954998297,13.0
1778236561,40,,Aggregated,26.200000,0.000000,72,360,460,510,630,740,1000,1500,2200,3200,3200,14755,0,72,265.4318483588621,65.36484500065853,3246.179954998297,13.0
1778236562,40,,Aggregated,26.100000,0.000000,72,370,460,510,630,740,1000,1500,2200,3200,3200,14780,0,72,265.82847631603624,65.36484500065853,3246.179954998297,13.0
1778236563,40,,Aggregated,25.900000,0.000000,72,370,460,510,630,740,1000,1500,2200,3200,3200,14807,0,72,266.33493803923966,65.36484500065853,3246.179954998297,13.0
1778236564,40,,Aggregated,25.800000,0.000000,72,370,460,510,630,740,1000,1500,2200,3200,3200,14833,0,72,266.7952673165926,65.36484500065853,3246.179954998297,13.0
1778236565,40,,Aggregated,26.200000,0.000000,72,370,460,510,630,740,1000,1500,2200,3200,3200,14861,0,72,267.3151391956811,65.36484500065853,3246.179954998297,13.0
1778236566,40,,Aggregated,26.200000,0.000000,72,370,460,510,630,740,1000,1500,2200,3200,3200,14885,0,72,267.68918143124114,65.36484500065853,3246.179954998297,13.0
1778236567,40,,Aggregated,26.100000,0.000000,72,370,470,510,630,740,1000,1500,2200,3200,3200,14912,0,72,268.1338344657339,65.36484500065853,3246.179954998297,13.0
1778236568,40,,Aggregated,26.400000,0.000000,72,370,470,510,630,740,1000,1500,2200,3200,3200,14938,0,72,268.61233832481116,65.36484500065853,3246.179954998297,13.0
1778236569,40,,Aggregated,26.200000,0.000000,72,370,470,520,630,740,1000,1500,2200,3200,3200,14966,0,72,269.15271456301167,65.36484500065853,3246.179954998297,13.0
1778236570,40,,Aggregated,26.000000,0.000000,72,380,470,520,630,740,1000,1500,2200,3200,3200,14992,0,72,269.56969398199243,65.36484500065853,3246.179954998297,13.0
1778236571,40,,Aggregated,26.000000,0.000000,72,380,470,520,630,740,1000,1500,2100,3200,3200,15017,0,72,269.96403087454433,65.36484500065853,3246.179954998297,13.0
1778236572,40,,Aggregated,26.300000,0.000000,72,380,470,520,630,740,1000,1500,2100,3200,3200,15044,0,72,270.46619528888823,65.36484500065853,3246.179954998297,13.0
1778236573,40,,Aggregated,26.400000,0.000000,72,380,470,520,630,740,1000,1500,2100,3200,3200,15070,0,72,270.9265100315215,65.36484500065853,3246.179954998297,13.0
1778236574,40,,Aggregated,26.100000,0.000000,72,380,470,520,630,740,1000,1500,2100,3200,3200,15095,0,72,271.393465136802,65.36484500065853,3246.179954998297,13.0
1778236575,40,,Aggregated,26.000000,0.000000,72,380,470,520,630,740,1000,1500,2100,3200,3200,15124,0,72,271.90927097176893,65.36484500065853,3246.179954998297,13.0
1778236576,40,,Aggregated,26.100000,0.000000,73,380,470,520,630,740,1000,1500,2100,3200,3200,15148,0,73,272.20518213097665,65.36484500065853,3246.179954998297,13.0
1778236577,40,,Aggregated,26.100000,0.000000,73,380,470,520,630,740,1000,1500,2100,3200,3200,15174,0,73,272.7402385378959,65.36484500065853,3246.179954998297,13.0
1778236578,40,,Aggregated,25.900000,0.000000,73,380,470,520,630,740,1000,1500,2100,3200,3200,15202,0,73,273.1608160255249,65.36484500065853,3246.179954998297,13.0
1778236579,40,,Aggregated,26.000000,0.000000,73,390,470,520,630,740,1000,1500,2100,3200,3200,15227,0,73,273.5550651601778,65.36484500065853,3246.179954998297,13.0
1778236580,40,,Aggregated,26.300000,0.000000,73,390,470,520,630,740,1000,1500,2100,3200,3200,15254,0,73,274.01058022623755,65.36484500065853,3246.179954998297,13.0
1778236581,40,,Aggregated,26.000000,0.000000,73,390,470,520,630,740,1000,1500,2100,3200,3200,15279,0,73,274.3310684954531,65.36484500065853,3246.179954998297,13.0
1778236582,40,,Aggregated,26.300000,0.000000,73,390,480,520,630,740,1000,1500,2100,3200,3200,15305,0,73,274.8875273173497,65.36484500065853,3246.179954998297,13.0
1778236583,40,,Aggregated,26.100000,0.000000,73,390,480,520,630,740,1000,1500,2100,3200,3200,15335,0,73,275.3182742682777,65.36484500065853,3246.179954998297,13.0
1778236584,40,,Aggregated,26.000000,0.000000,73,390,480,520,630,740,1000,1500,2100,3200,3200,15357,0,73,275.6972320593895,65.36484500065853,3246.179954998297,13.0
1778236585,40,,Aggregated,26.300000,0.000000,73,390,480,520,630,740,1000,1500,2100,3200,3200,15384,0,73,276.23043422842204,65.36484500065853,3246.179954998297,13.0
1778236586,40,,Aggregated,26.200000,0.000000,73,390,480,520,630,740,1000,1500,2100,3200,3200,15413,0,73,276.651488179656,65.36484500065853,3246.179954998297,13.0
1778236587,40,,Aggregated,25.900000,0.000000,73,390,480,520,630,740,1000,1500,2100,3200,3200,15434,0,73,277.06208841875315,65.36484500065853,3246.179954998297,13.0
1778236588,40,,Aggregated,26.300000,0.000000,73,390,480,520,630,740,1000,1500,2100,3200,3200,15462,0,73,277.5394146468138,65.36484500065853,3246.179954998297,13.0
1778236589,40,,Aggregated,26.100000,0.000000,73,390,480,530,630,740,1000,1500,2100,3200,3200,15488,0,73,277.961923197252,65.36484500065853,3246.179954998297,13.0
1778236590,40,,Aggregated,26.000000,0.000000,73,390,480,530,630,740,1000,1500,2100,3200,3200,15515,0,73,278.4486182244949,65.36484500065853,3246.179954998297,13.0
1778236591,40,,Aggregated,26.100000,0.000000,73,400,480,530,630,740,1000,1500,2100,3200,3200,15539,0,73,278.7706732867646,65.36484500065853,3246.179954998297,13.0
1778236592,40,,Aggregated,25.800000,0.000000,73,400,480,530,630,740,1000,1500,2100,3200,3200,15567,0,73,279.2841904055399,65.36484500065853,3246.179954998297,13.0
1778236593,40,,Aggregated,26.300000,0.000000,73,400,480,530,630,740,1000,1500,2100,3200,3200,15593,0,73,279.70335777721067,65.36484500065853,3246.179954998297,13.0
1778236594,40,,Aggregated,26.100000,0.000000,73,400,480,530,630,740,1000,1500,2100,3200,3200,15618,0,73,280.11379652971243,65.36484500065853,3246.179954998297,13.0
1778236595,40,,Aggregated,25.900000,0.000000,73,400,480,530,630,740,1000,1500,2100,3200,3200,15642,0,73,280.5877769478995,65.36484500065853,3246.179954998297,13.0
1778236596,40,,Aggregated,25.900000,0.000000,74,400,480,530,630,740,1000,1500,2100,3200,3200,15672,0,74,281.0630828735349,65.36484500065853,3246.179954998297,13.0
1778236597,40,,Aggregated,26.200000,0.000000,74,400,480,530,640,740,1000,1500,2100,3200,3200,15698,0,74,281.45044985648127,65.36484500065853,3246.179954998297,13.0
1778236598,40,,Aggregated,25.700000,0.000000,74,400,480,530,640,740,1000,1500,2100,3200,3200,15723,0,74,281.8196518962695,65.36484500065853,3246.179954998297,13.0
1778236599,40,,Aggregated,25.900000,0.000000,74,400,490,530,640,740,1000,1500,2100,3200,3200,15749,0,74,282.2413645703883,65.36484500065853,3246.179954998297,13.0
1778236600,40,,Aggregated,25.800000,0.000000,74,400,490,530,640,740,1000,1500,2100,3200,3200,15774,0,74,282.64329946843196,65.36484500065853,3246.179954998297,13.0
1778236601,40,,Aggregated,26.000000,0.000000,74,400,490,530,640,740,1000,1500,2100,3200,3200,15803,0,74,283.0537651542769,65.36484500065853,3246.179954998297,13.0
1778236602,40,,Aggregated,26.000000,0.000000,74,410,490,530,640,740,1000,1500,2100,3200,3200,15829,0,74,283.4262605914488,65.36484500065853,3246.179954998297,13.0
1778236603,40,,Aggregated,25.700000,0.000000,74,410,490,530,640,740,1000,1500,2100,3200,3200,15855,0,74,283.9102707315068,65.36484500065853,3246.179954998297,13.0
1778236604,40,,Aggregated,26.200000,0.000000,74,410,490,530,640,740,1000,1500,2100,3200,3200,15882,0,74,284.3324843320136,65.36484500065853,3246.179954998297,13.0
1778236605,40,,Aggregated,25.900000,0.000000,74,410,490,530,640,740,990,1500,2100,3200,3200,15907,0,74,284.7176220685258,65.36484500065853,3246.179954998297,13.0
1778236606,40,,Aggregated,26.000000,0.000000,74,410,490,530,640,740,990,1500,2100,3200,3200,15934,0,74,285.17378451801403,65.36484500065853,3246.179954998297,13.0
1778236607,40,,Aggregated,26.000000,0.000000,74,410,490,530,640,740,990,1500,2100,3200,3200,15960,0,74,285.5052787629093,65.36484500065853,3246.179954998297,13.0
1778236608,40,,Aggregated,26.200000,0.000000,74,410,490,530,640,740,990,1500,2100,3200,3200,15985,0,74,285.91037858874097,65.36484500065853,3246.179954998297,13.0
1778236609,40,,Aggregated,26.400000,0.000000,75,410,490,530,640,740,990,1500,2100,3200,3200,16013,0,75,286.356682630864,65.36484500065853,3246.179954998297,13.0
1778236610,40,,Aggregated,26.000000,0.000000,75,410,490,530,640,740,990,1500,2100,3200,3200,16039,0,75,286.70626608685217,65.36484500065853,3246.179954998297,13.0
1778236611,40,,Aggregated,26.300000,0.000000,75,410,490,530,640,740,990,1500,2100,3200,3200,16066,0,75,287.1586412922956,65.36484500065853,3246.179954998297,13.0
1778236612,40,,Aggregated,26.100000,0.000000,75,410,490,530,640,740,1000,1500,2100,3200,3200,16090,0,75,287.5084428827236,65.36484500065853,3246.179954998297,13.0
1778236613,40,,Aggregated,26.000000,0.000000,75,410,490,530,640,740,990,1500,2100,3200,3200,16117,0,75,287.92618221052436,65.36484500065853,3246.179954998297,13.0
1778236614,40,,Aggregated,26.300000,0.000000,75,410,490,530,640,740,990,1500,2100,3200,3200,16143,0,75,288.29734064380955,65.36484500065853,3246.179954998297,13.0
1778236615,40,,Aggregated,26.300000,0.000000,75,420,490,540,640,740,990,1500,2100,3200,3200,16170,0,75,288.6874667899826,65.36484500065853,3246.179954998297,13.0
1778236616,40,,Aggregated,26.300000,0.000000,76,420,490,540,640,740,990,1500,2100,3200,3200,16195,0,76,289.15988986458893,65.36484500065853,3246.179954998297,13.0
1778236617,40,,Aggregated,26.200000,0.000000,76,420,490,540,640,740,990,1400,2100,3200,3200,16222,0,76,289.5552087626075,65.36484500065853,3246.179954998297,13.0
1778236618,40,,Aggregated,26.000000,0.000000,76,420,490,540,640,740,990,1400,2100,3200,3200,16244,0,76,289.8689245395848,65.36484500065853,3246.179954998297,13.0
1778236619,40,,Aggregated,25.800000,0.000000,76,420,490,540,640,740,990,1400,2100,3200,3200,16271,0,76,290.2907859760937,65.36484500065853,3246.179954998297,13.0
1778236620,40,,Aggregated,26.300000,0.000000,77,420,490,540,640,740,990,1400,2100,3200,3200,16298,0,77,290.6486203712127,65.36484500065853,3246.179954998297,13.0
1778236621,40,,Aggregated,26.000000,0.000000,77,420,490,540,640,740,990,1400,2100,3200,3200,16324,0,77,291.04769326629633,65.36484500065853,3246.179954998297,13.0
1778236622,40,,Aggregated,26.200000,0.000000,77,420,500,540,640,740,990,1400,2100,3200,3200,16351,0,77,291.52381506482885,65.36484500065853,3246.179954998297,13.0
1778236623,40,,Aggregated,25.900000,0.000000,77,420,500,540,640,740,990,1400,2100,3200,3200,16376,0,77,291.84215304360123,65.36484500065853,3246.179954998297,13.0
1778236624,40,,Aggregated,25.600000,0.000000,78,420,500,540,640,740,990,1400,2100,3200,3200,16401,0,78,292.20396503280386,65.36484500065853,3246.179954998297,13.0
1778236625,40,,Aggregated,25.900000,0.000000,78,420,500,540,640,740,990,1400,2100,3200,3200,16430,0,78,292.717214223129,65.36484500065853,3246.179954998297,13.0
1778236626,40,,Aggregated,25.900000,0.000000,78,420,500,540,640,740,990,1400,2100,3200,3200,16455,0,78,293.04533032944533,65.36484500065853,3246.179954998297,13.0
1778236627,40,,Aggregated,25.800000,0.000000,79,420,500,540,640,740,990,1400,2100,3200,3200,16480,0,79,293.4453944956324,65.36484500065853,3246.179954998297,13.0
1778236628,40,,Aggregated,25.800000,0.000000,80,420,500,540,640,740,990,1400,2100,3200,3200,16508,0,79,293.88200602338395,65.36484500065853,3246.179954998297,13.0
1778236629,40,,Aggregated,26.100000,0.000000,80,420,500,540,640,740,990,1400,2100,3200,3200,16534,0,80,294.2491140257663,65.36484500065853,3246.179954998297,13.0
1778236630,40,,Aggregated,26.000000,0.000000,81,430,500,540,640,740,990,1400,2100,3200,3200,16560,0,81,294.66435737977156,65.36484500065853,3246.179954998297,13.0
1778236631,40,,Aggregated,25.800000,0.000000,81,430,500,540,640,740,990,1400,2100,3200,3200,16585,0,81,294.9830570139294,65.36484500065853,3246.179954998297,13.0
1778236632,40,,Aggregated,25.800000,0.000000,82,430,500,540,640,740,990,1400,2100,3200,3200,16612,0,82,295.3250841590426,65.36484500065853,3246.179954998297,13.0
1778236633,40,,Aggregated,26.500000,0.000000,83,430,500,540,640,740,990,1400,2100,3200,3200,16640,0,83,295.73561441003716,65.36484500065853,3246.179954998297,13.0
1778236634,40,,Aggregated,26.200000,0.000000,83,430,500,540,640,740,990,1400,2100,3200,3200,16664,0,83,296.0495892947085,65.36484500065853,3246.179954998297,13.0
1778236635,40,,Aggregated,26.000000,0.000000,84,430,500,540,640,740,990,1400,2100,3200,3200,16693,0,84,296.46571675492805,65.36484500065853,3246.179954998297,13.0
1778236636,40,,Aggregated,26.100000,0.000000,84,430,500,540,640,740,990,1400,2100,3200,3200,16717,0,84,296.74561412257077,65.36484500065853,3246.179954998297,13.0
1778236637,40,,Aggregated,26.200000,0.000000,85,430,500,540,640,740,990,1400,2100,3200,3200,16743,0,85,297.16947753616495,65.36484500065853,3246.179954998297,13.0
1778236638,40,,Aggregated,26.400000,0.000000,85,430,500,540,640,750,990,1400,2100,3200,3200,16769,0,85,297.5021552151595,65.36484500065853,3246.179954998297,13.0
1778236639,40,,Aggregated,25.900000,0.000000,86,430,500,540,640,750,990,1400,2100,3200,3200,16796,0,86,297.87634549678535,65.36484500065853,3246.179954998297,13.0
1778236640,40,,Aggregated,25.900000,0.000000,86,430,500,540,640,740,990,1400,2100,3200,3200,16822,0,86,298.26281802615625,65.36484500065853,3246.179954998297,13.0
1778236641,40,,Aggregated,26.200000,0.000000,87,430,500,540,640,740,990,1400,2100,3200,3200,16847,0,87,298.62500507793663,65.36484500065853,3246.179954998297,13.0
1778236642,40,,Aggregated,26.100000,0.000000,88,430,500,540,640,740,990,1400,2100,3200,3200,16875,0,88,298.96398714951107,65.36484500065853,3246.179954998297,13.0
1778236643,40,,Aggregated,25.900000,0.000000,88,430,500,540,640,740,990,1400,2100,3200,3200,16900,0,88,299.2947496360352,65.36484500065853,3246.179954998297,13.0
1778236644,40,,Aggregated,26.000000,0.000000,89,430,500,540,640,750,990,1400,2100,3200,3200,16927,0,89,299.74591704838394,65.36484500065853,3246.179954998297,13.0
1778236645,40,,Aggregated,26.200000,0.000000,90,430,500,540,640,750,990,1400,2100,3200,3200,16955,0,90,300.10767807260356,65.36484500065853,3246.179954998297,13.0
1778236646,40,,Aggregated,26.100000,0.000000,90,430,500,540,640,740,990,1400,2100,3200,3200,16980,0,90,300.39559277626626,65.36484500065853,3246.179954998297,13.0
1778236647,40,,Aggregated,26.100000,0.000000,91,430,500,540,640,740,990,1400,2100,3200,3200,17004,0,91,300.7797861633731,65.36484500065853,3246.179954998297,13.0
1778236648,40,,Aggregated,26.200000,0.000000,91,430,500,540,640,740,990,1400,2100,3200,3200,17029,0,91,301.14880775253965,65.36484500065853,3246.179954998297,13.0
1778236649,40,,Aggregated,26.100000,0.000000,92,440,500,540,640,740,990,1400,2100,3200,3200,17057,0,92,301.5133411106874,65.36484500065853,3246.179954998297,13.0
1778236650,40,,Aggregated,26.400000,0.000000,92,440,500,540,640,740,990,1400,2100,3200,3200,17082,0,92,301.8406701974595,65.36484500065853,3246.179954998297,13.0
1778236651,40,,Aggregated,26.200000,0.000000,93,440,500,540,640,740,990,1400,2100,3200,3200,17108,0,93,302.1837676292382,65.36484500065853,3246.179954998297,13.0
1778236652,40,,Aggregated,26.000000,0.000000,94,440,510,540,640,740,990,1400,2100,3200,3200,17134,0,94,302.538627852107,65.36484500065853,3246.179954998297,13.0
1778236653,40,,Aggregated,26.000000,0.000000,95,440,510,540,650,740,990,1400,2100,3200,3200,17164,0,95,302.9201150526684,65.36484500065853,3246.179954998297,13.0
1778236654,40,,Aggregated,26.200000,0.000000,95,440,510,550,650,740,990,1400,2100,3200,3200,17188,0,95,303.2572067678613,65.36484500065853,3246.179954998297,13.0
1778236655,40,,Aggregated,26.000000,0.000000,96,440,510,550,650,740,990,1400,2100,3200,3200,17214,0,96,303.645712524341,65.36484500065853,3246.179954998297,13.0
1778236656,40,,Aggregated,26.000000,0.000000,97,440,510,550,650,740,990,1400,2100,3200,3200,17240,0,97,303.95918117882826,65.36484500065853,3246.179954998297,13.0
1778236657,40,,Aggregated,25.900000,0.000000,97,440,510,550,650,740,980,1400,2100,3200,3200,17266,0,97,304.31376144862725,65.36484500065853,3246.179954998297,13.0
1778236658,40,,Aggregated,26.000000,0.000000,98,440,510,550,650,740,980,1400,2100,3200,3200,17289,0,98,304.6422998875005,65.36484500065853,3246.179954998297,13.0
1778236659,40,,Aggregated,26.200000,0.000000,99,440,510,550,650,740,980,1400,2100,3200,3200,17321,0,99,305.0371105421744,65.36484500065853,3246.179954998297,13.0
1778236660,40,,Aggregated,26.100000,0.000000,100,440,510,550,650,750,980,1400,2100,3200,3200,17344,0,100,305.3091557260724,65.36484500065853,3246.179954998297,13.0
1778236661,40,,Aggregated,26.200000,0.000000,100,440,510,550,650,750,980,1400,2100,3200,3200,17373,0,100,305.70824977534113,65.36484500065853,3246.179954998297,13.0
1778236662,40,,Aggregated,26.100000,0.000000,100,440,510,550,650,750,980,1400,2100,3200,3200,17396,0,100,305.9541200999085,65.36484500065853,3246.179954998297,13.0
1778236663,40,,Aggregated,26.200000,0.000000,100,440,510,550,650,750,980,1400,2100,3200,3200,17421,0,100,306.3157810012632,65.36484500065853,3246.179954998297,13.0
1778236664,40,,Aggregated,26.100000,0.000000,100,440,510,550,650,750,990,1400,2100,3200,3200,17452,0,100,306.6791384982812,65.36484500065853,3246.179954998297,13.0
1778236665,40,,Aggregated,26.000000,0.000000,110,440,510,550,650,750,990,1400,2100,3200,3200,17476,0,110.0,306.87964862148124,65.36484500065853,3246.179954998297,13.0
1778236666,40,,Aggregated,26.200000,0.000000,110,440,510,550,650,750,990,1400,2100,3200,3200,17504,0,110.0,307.35713562671424,65.36484500065853,3246.179954998297,13.0
1778236667,40,,Aggregated,26.300000,0.000000,110,440,510,550,650,750,990,1400,2100,3200,3200,17530,0,110.0,307.64937462321814,65.36484500065853,3246.179954998297,13.0
1778236668,40,,Aggregated,26.100000,0.000000,110,440,510,550,650,750,990,1400,2100,3200,3200,17555,0,110.0,307.97932125930015,65.36484500065853,3246.179954998297,13.0
1778236669,40,,Aggregated,26.100000,0.000000,110,440,510,550,650,750,990,1400,2100,3200,3200,17582,0,110.0,308.32507918581547,65.36484500065853,3246.179954998297,13.0
1778236670,40,,Aggregated,26.100000,0.000000,110,440,510,550,650,750,990,1400,2100,3200,3200,17608,0,110.0,308.5992724406526,65.36484500065853,3246.179954998297,13.0
1778236671,40,,Aggregated,26.000000,0.000000,110,440,510,550,650,750,990,1400,2100,3200,3200,17635,0,110.0,308.94381960221193,65.36484500065853,3246.179954998297,13.0
1778236672,40,,Aggregated,26.300000,0.000000,120,440,510,550,650,750,990,1400,2100,3200,3200,17660,0,120.0,309.23899237859575,65.36484500065853,3246.179954998297,13.0
1778236673,40,,Aggregated,26.200000,0.000000,120,440,510,550,650,750,990,1400,2100,3200,3200,17687,0,120.0,309.6171229477019,65.36484500065853,3246.179954998297,13.0
1778236674,40,,Aggregated,26.100000,0.000000,120,450,510,550,650,750,990,1400,2100,3200,3200,17714,0,120.0,309.99310614593026,65.36484500065853,3246.179954998297,13.0
1778236675,40,,Aggregated,26.500000,0.000000,120,450,510,550,650,750,990,1400,2100,3200,3200,17738,0,120.0,310.3144408736052,65.36484500065853,3246.179954998297,13.0
1778236676,40,,Aggregated,26.100000,0.000000,120,450,510,550,650,750,980,1400,2100,3200,3200,17765,0,120.0,310.64265136341226,65.36484500065853,3246.179954998297,13.0
1778236677,40,,Aggregated,26.100000,0.000000,120,450,510,550,650,750,980,1400,2100,3200,3200,17789,0,120.0,310.9295005651817,65.36484500065853,3246.179954998297,13.0
1778236678,40,,Aggregated,26.100000,0.000000,120,450,510,550,650,750,980,1400,2100,3200,3200,17818,0,120.0,311.35083100325596,65.36484500065853,3246.179954998297,13.0
1778236679,40,,Aggregated,26.100000,0.000000,130,450,510,550,650,750,980,1400,2100,3200,3200,17843,0,130.0,311.60864600134573,65.36484500065853,3246.179954998297,13.0
1778236680,40,,Aggregated,26.000000,0.000000,130,450,510,550,650,750,980,1400,2100,3200,3200,17870,0,130.0,311.93769947179715,65.36484500065853,3246.179954998297,13.0
1778236681,40,,Aggregated,26.100000,0.000000,130,450,510,550,650,750,980,1400,2100,3200,3200,17896,0,130.0,312.23088281208135,65.36484500065853,3246.179954998297,13.0
1778236682,40,,Aggregated,26.000000,0.000000,130,450,510,550,650,750,980,1400,2100,3200,3200,17923,0,130.0,312.6103540592539,65.36484500065853,3246.179954998297,13.0
1778236683,40,,Aggregated,26.000000,0.000000,130,450,510,550,650,750,980,1400,2100,3200,3200,17948,0,130.0,312.869646448073,65.36484500065853,3246.179954998297,13.0
1778236684,40,,Aggregated,26.000000,0.000000,140,450,510,550,650,750,980,1400,2100,3200,3200,17974,0,140.0,313.24094940636536,65.36484500065853,3246.179954998297,13.0
1778236685,40,,Aggregated,26.000000,0.000000,140,450,510,550,650,750,980,1400,2000,3200,3200,18001,0,140.0,313.6179083842568,65.36484500065853,3246.179954998297,13.0
1778236686,40,,Aggregated,25.900000,0.000000,140,450,510,550,650,750,980,1400,2000,3200,3200,18026,0,140.0,313.9105079565628,65.36484500065853,3246.179954998297,13.0
1778236687,40,,Aggregated,26.000000,0.000000,150,450,510,550,650,750,980,1400,2000,3200,3200,18051,0,150.0,314.24106259996665,65.36484500065853,3246.179954998297,13.0
1778236688,40,,Aggregated,26.000000,0.000000,150,450,510,550,650,750,980,1400,2000,3200,3200,18078,0,150.0,314.5694090849096,65.36484500065853,3246.179954998297,13.0
1778236689,40,,Aggregated,26.000000,0.000000,150,450,510,550,650,750,980,1400,2000,3200,3200,18103,0,150.0,314.8754704069487,65.36484500065853,3246.179954998297,13.0
1778236690,40,,Aggregated,26.000000,0.000000,160,450,520,550,650,750,980,1400,2000,3200,3200,18131,0,160.0,315.24548058656404,65.36484500065853,3246.179954998297,13.0
1778236691,40,,Aggregated,25.900000,0.000000,160,450,520,550,650,750,980,1400,2000,3200,3200,18157,0,160.0,315.5330857745219,65.36484500065853,3246.179954998297,13.0
1778236692,40,,Aggregated,25.700000,0.000000,160,450,520,550,650,750,980,1400,2000,3200,3200,18184,0,160.0,315.83878377370166,65.36484500065853,3246.179954998297,13.0
1778236693,40,,Aggregated,25.900000,0.000000,170,450,520,550,650,750,980,1400,2000,3200,3200,18207,0,170.0,316.07743341247823,65.36484500065853,3246.179954998297,13.0
1778236694,40,,Aggregated,26.100000,0.000000,180,450,520,550,650,750,980,1400,2000,3200,3200,18235,0,180.0,316.44297584765457,65.36484500065853,3246.179954998297,13.0
1778236695,40,,Aggregated,25.700000,0.000000,180,450,520,550,650,750,980,1400,2000,3200,3200,18261,0,180.0,316.7491923958151,65.36484500065853,3246.179954998297,13.0
1778236696,40,,Aggregated,26.000000,0.000000,190,450,520,550,650,750,980,1400,2000,3200,3200,18289,0,190.0,317.11314558433907,65.36484500065853,3246.179954998297,13.0
1778236697,40,,Aggregated,26.200000,0.000000,200,450,520,550,650,750,980,1400,2000,3200,3200,18314,0,190.0,317.3507259933369,65.36484500065853,3246.179954998297,13.0
1778236698,40,,Aggregated,26.100000,0.000000,200,450,520,550,650,750,980,1400,2000,3200,3200,18336,0,200.0,317.61233439763157,65.36484500065853,3246.179954998297,13.0
1778236699,40,,Aggregated,25.900000,0.000000,220,450,520,550,650,750,980,1400,2000,3200,3200,18368,0,220.0,317.99708100206715,65.36484500065853,3246.179954998297,13.0
1778236700,40,,Aggregated,26.000000,0.000000,220,450,520,550,650,750,980,1400,2000,3200,3200,18391,0,220.0,318.2558452929134,65.36484500065853,3246.179954998297,13.0
1778236701,40,,Aggregated,26.100000,0.000000,240,450,520,550,650,750,980,1400,2000,3200,3200,18419,0,240.0,318.60010675318813,65.36484500065853,3246.179954998297,13.0
1778236702,40,,Aggregated,26.400000,0.000000,250,450,520,550,650,750,980,1400,2000,3200,3200,18443,0,250.0,318.8227508737716,65.36484500065853,3246.179954998297,13.0
1778236703,40,,Aggregated,26.000000,0.000000,260,450,520,560,650,750,980,1400,2000,3200,3200,18471,0,260.0,319.2421181088716,65.36484500065853,3246.179954998297,13.0
1778236704,40,,Aggregated,26.000000,0.000000,270,460,520,560,650,750,980,1400,2000,3200,3200,18497,0,270.0,319.55675388224944,65.36484500065853,3246.179954998297,13.0
1778236705,40,,Aggregated,26.200000,0.000000,290,460,520,560,650,750,980,1400,2000,3200,3200,18523,0,290.0,319.8852750102562,65.36484500065853,3246.179954998297,13.0
1778236706,40,,Aggregated,26.300000,0.000000,300,460,520,560,650,750,980,1400,2000,3200,3200,18547,0,300.0,320.1141104711798,65.36484500065853,3246.179954998297,13.0
1778236707,40,,Aggregated,25.800000,0.000000,310,460,520,560,650,750,980,1400,2000,3200,3200,18574,0,310.0,320.49256569139504,65.36484500065853,3246.179954998297,13.0
1778236708,40,,Aggregated,26.000000,0.000000,320,460,520,560,650,750,980,1400,2000,3200,3200,18601,0,320.0,320.8226089754296,65.36484500065853,3246.179954998297,13.0
1778236709,40,,Aggregated,26.100000,0.000000,320,460,520,560,650,750,980,1400,2000,3200,3200,18627,0,320.0,321.11042753486674,65.36484500065853,3246.179954998297,13.0
1778236710,40,,Aggregated,26.200000,0.000000,320,460,520,560,650,750,980,1400,2000,3200,3200,18654,0,320.0,321.34708261155595,65.36484500065853,3246.179954998297,13.0
1778236711,40,,Aggregated,25.700000,0.000000,330,460,520,560,650,750,980,1400,2000,3200,3200,18678,0,330.0,321.6931258795887,65.36484500065853,3246.179954998297,13.0
1778236712,40,,Aggregated,26.000000,0.000000,330,460,520,560,650,750,970,1400,2000,3200,3200,18704,0,330.0,322.04069604784854,65.36484500065853,3246.179954998297,13.0
1778236713,40,,Aggregated,26.000000,0.000000,330,460,520,560,650,750,970,1400,2000,3200,3200,18730,0,330.0,322.2985650097148,65.36484500065853,3246.179954998297,13.0
1778236714,40,,Aggregated,25.900000,0.000000,330,460,520,560,650,750,970,1400,2000,3200,3200,18756,0,330.0,322.6284849670485,65.36484500065853,3246.179954998297,13.0
1778236715,40,,Aggregated,25.900000,0.000000,330,460,520,560,650,750,970,1400,2000,3200,3200,18782,0,330.0,322.9784193031604,65.36484500065853,3246.179954998297,13.0
1778236716,40,,Aggregated,25.700000,0.000000,330,460,520,560,650,750,970,1400,2000,3200,3200,18808,0,330.0,323.25968168188837,65.36484500065853,3246.179954998297,13.0
1778236717,40,,Aggregated,26.100000,0.000000,330,460,520,560,650,750,970,1400,2000,3200,3200,18833,0,330.0,323.5634714818646,65.36484500065853,3246.179954998297,13.0
1778236718,40,,Aggregated,25.700000,0.000000,330,460,520,560,650,750,970,1400,2000,3200,3200,18861,0,330.0,323.87514812008675,65.36484500065853,3246.179954998297,13.0
1778236719,40,,Aggregated,25.700000,0.000000,340,460,520,560,650,750,970,1400,2000,3200,3200,18886,0,340.0,324.11153821131813,65.36484500065853,3246.179954998297,13.0
1778236720,40,,Aggregated,25.800000,0.000000,340,460,520,560,650,750,970,1300,2000,3200,3200,18913,0,340.0,324.44994338444184,65.36484500065853,3246.179954998297,13.0
1778236721,40,,Aggregated,26.300000,0.000000,340,460,520,560,650,750,970,1300,2000,3200,3200,18937,0,340.0,324.66410028092884,65.36484500065853,3246.179954998297,13.0
1778236722,40,,Aggregated,25.800000,0.000000,340,460,520,560,650,750,970,1300,2000,3200,3200,18962,0,340.0,324.9786205937111,65.36484500065853,3246.179954998297,13.0
1778236723,40,,Aggregated,25.900000,0.000000,340,460,520,560,650,750,970,1300,2000,3200,3200,18991,0,340.0,325.3055615686882,65.36484500065853,3246.179954998297,13.0
1778236724,40,,Aggregated,25.900000,0.000000,340,460,520,560,650,750,970,1300,2000,3200,3200,19017,0,340.0,325.5250950617321,65.36484500065853,3246.179954998297,13.0
1778236725,40,,Aggregated,26.100000,0.000000,340,460,520,560,650,750,970,1300,2000,3200,3200,19042,0,340.0,325.8791432025502,65.36484500065853,3246.179954998297,13.0
1778236726,40,,Aggregated,26.100000,0.000000,340,460,520,560,650,750,970,1300,2000,3200,3200,19068,0,340.0,326.15601501636075,65.36484500065853,3246.179954998297,13.0
1778236727,40,,Aggregated,25.800000,0.000000,340,470,530,560,650,750,970,1300,2000,3200,3200,19096,0,340.0,326.45192820532947,65.36484500065853,3246.179954998297,13.0
1778236728,40,,Aggregated,26.200000,0.000000,340,470,530,560,650,750,970,1300,2000,3200,3200,19123,0,340.0,326.7016599163297,65.36484500065853,3246.179954998297,13.0
1778236729,40,,Aggregated,26.300000,0.000000,340,470,530,560,650,750,970,1300,2000,3200,3200,19147,0,340.0,326.97690960301696,65.36484500065853,3246.179954998297,13.0
1778236730,40,,Aggregated,26.200000,0.000000,340,470,530,560,650,750,970,1300,2000,3200,3200,19173,0,340.0,327.30127685969677,65.36484500065853,3246.179954998297,13.0
1778236731,40,,Aggregated,25.900000,0.000000,340,470,530,560,650,750,970,1300,2000,3200,3200,19200,0,340.0,327.5565666376543,65.36484500065853,3246.179954998297,13.0
1778236732,40,,Aggregated,26.100000,0.000000,340,470,530,560,650,750,970,1300,2000,3200,3200,19225,0,340.0,327.76902162819056,65.36484500065853,3246.179954998297,13.0
1778236733,40,,Aggregated,26.000000,0.000000,340,470,530,560,650,750,970,1300,2000,3200,3200,19252,0,340.0,328.1321297609577,65.36484500065853,3246.179954998297,13.0
1778236734,40,,Aggregated,26.400000,0.000000,350,470,530,560,650,750,970,1300,2000,3200,3200,19277,0,350.0,328.4240312690231,65.36484500065853,3246.179954998297,13.0
1778236735,40,,Aggregated,25.900000,0.000000,350,470,530,560,650,750,970,1300,2000,3200,3200,19304,0,350.0,328.6896376411606,65.36484500065853,3246.179954998297,13.0
1778236736,40,,Aggregated,25.900000,0.000000,350,470,530,560,650,750,970,1300,2000,3200,3200,19332,0,350.0,328.99452947170266,65.36484500065853,3246.179954998297,13.0
1778236737,40,,Aggregated,26.100000,0.000000,350,470,530,560,650,750,970,1300,2000,3200,3200,19356,0,350.0,329.2254257498945,65.36484500065853,3246.179954998297,13.0
1778236738,40,,Aggregated,26.000000,0.000000,350,470,530,560,650,750,970,1300,2000,3200,3200,19384,0,350.0,329.5314444910212,65.36484500065853,3246.179954998297,13.0
1778236739,40,,Aggregated,26.000000,0.000000,350,470,530,560,650,750,970,1300,2000,3200,3200,19411,0,350.0,329.79732447658296,65.36484500065853,3246.179954998297,13.0
1778236740,40,,Aggregated,25.900000,0.000000,350,470,530,560,650,750,970,1300,2000,3200,3200,19437,0,350.0,330.08541292714676,65.36484500065853,3246.179954998297,13.0
1778236741,40,,Aggregated,26.200000,0.000000,350,470,530,560,650,750,970,1300,2000,3200,3200,19461,0,350.0,330.3261594204797,65.36484500065853,3246.179954998297,13.0
1778236742,40,,Aggregated,26.200000,0.000000,350,470,530,560,650,750,970,1300,2000,3200,3200,19489,0,350.0,330.6188257141952,65.36484500065853,3246.179954998297,13.0
1778236743,40,,Aggregated,26.200000,0.000000,350,470,530,560,650,750,960,1300,2000,3200,3200,19515,0,350.0,330.87986306620274,65.36484500065853,3246.179954998297,13.0
1778236744,40,,Aggregated,25.800000,0.000000,350,470,530,560,650,750,960,1300,2000,3200,3200,19539,0,350.0,331.16172241496247,65.36484500065853,3246.179954998297,13.0
1778236745,40,,Aggregated,26.100000,0.000000,350,470,530,560,650,750,960,1300,2000,3200,3200,19565,0,350.0,331.3805925695348,65.36484500065853,3246.179954998297,13.0
1778236746,40,,Aggregated,26.200000,0.000000,350,470,530,560,650,750,960,1300,2000,3200,3200,19590,0,350.0,331.70548858606156,65.36484500065853,3246.179954998297,13.0
1778236747,40,,Aggregated,26.100000,0.000000,350,470,530,560,650,750,960,1300,2000,3200,3200,19619,0,350.0,331.9884946953432,65.36484500065853,3246.179954998297,13.0
1778236748,40,,Aggregated,26.100000,0.000000,350,470,530,560,650,750,960,1300,2000,3200,3200,19643,0,350.0,332.1890607558897,65.36484500065853,3246.179954998297,13.0
1778236749,40,,Aggregated,26.200000,0.000000,350,470,530,560,650,750,960,1300,2000,3200,3200,19670,0,350.0,332.47870041097815,65.36484500065853,3246.179954998297,13.0
1778236750,40,,Aggregated,26.100000,0.000000,350,470,530,560,650,750,960,1300,2000,3200,3200,19698,0,350.0,332.7367081819441,65.36484500065853,3246.179954998297,13.0
1778236751,40,,Aggregated,25.900000,0.000000,360,470,530,560,650,750,960,1300,2000,3200,3200,19723,0,360.0,332.99713036697966,65.36484500065853,3246.179954998297,13.0
1778236752,40,,Aggregated,26.000000,0.000000,360,470,530,560,650,750,960,1300,2000,3200,3200,19751,0,360.0,333.2386792582624,65.36484500065853,3246.179954998297,13.0
1778236753,40,,Aggregated,26.000000,0.000000,360,470,530,560,650,750,960,1300,2000,3200,3200,19775,0,360.0,333.5073619179241,65.36484500065853,3246.179954998297,13.0
1778236754,40,,Aggregated,26.400000,0.000000,360,470,530,570,650,750,960,1300,2000,3200,3200,19801,0,360.0,333.8539401658474,65.36484500065853,3246.179954998297,13.0
1778236755,40,,Aggregated,26.200000,0.000000,360,470,530,570,650,750,960,1300,2000,3200,3200,19827,0,360.0,334.0882626480528,65.36484500065853,3246.179954998297,13.0
1778236756,40,,Aggregated,26.000000,0.000000,360,470,530,570,650,750,960,1300,2000,3200,3200,19853,0,360.0,334.3275028486346,65.36484500065853,3246.179954998297,13.0
1778236757,40,,Aggregated,26.000000,0.000000,360,470,530,570,650,750,960,1300,2000,3200,3200,19881,0,360.0,334.6220038344624,65.36484500065853,3246.179954998297,13.0
1778236758,40,,Aggregated,26.100000,0.000000,360,470,530,570,650,750,960,1300,2000,3200,3200,19905,0,360.0,334.86719372720137,65.36484500065853,3246.179954998297,13.0
1778236759,40,,Aggregated,26.100000,0.000000,360,470,530,570,650,750,960,1300,2000,3200,3200,19931,0,360.0,335.09001442601704,65.36484500065853,3246.179954998297,13.0
1778236760,40,,Aggregated,26.000000,0.000000,360,480,530,570,650,750,960,1300,2000,3200,3200,19958,0,360.0,335.4050141329265,65.36484500065853,3246.179954998297,13.0
1778236761,40,,Aggregated,26.100000,0.000000,360,480,530,570,650,750,960,1300,2000,3200,3200,19985,0,360.0,335.68268806039254,65.36484500065853,3246.179954998297,13.0
1778236762,40,,Aggregated,26.000000,0.000000,360,480,530,570,650,750,960,1300,2000,3200,3200,20011,0,360.0,335.9127272001373,65.36484500065853,3246.179954998297,13.0
1778236763,40,,Aggregated,26.000000,0.000000,360,480,530,570,650,750,960,1300,2000,3200,3200,20037,0,360.0,336.1874211161324,65.36484500065853,3246.179954998297,13.0
1778236764,40,,Aggregated,25.700000,0.000000,360,480,530,570,650,750,960,1300,2000,3200,3200,20061,0,360.0,336.42523032984104,65.36484500065853,3246.179954998297,13.0
1778236765,40,,Aggregated,25.900000,0.000000,360,480,530,570,650,750,960,1300,2000,3200,3200,20088,0,360.0,336.7097158332809,65.36484500065853,3246.179954998297,13.0
1778236766,40,,Aggregated,26.100000,0.000000,360,480,530,570,650,750,960,1300,2000,3200,3200,20115,0,360.0,336.96164944553516,65.36484500065853,3246.179954998297,13.0
1778236767,40,,Aggregated,26.100000,0.000000,370,480,530,570,660,750,960,1300,2000,3200,3200,20140,0,370.0,337.21709943207196,65.36484500065853,3246.179954998297,13.0
1778236768,40,,Aggregated,26.100000,0.000000,370,480,540,570,660,750,960,1300,2000,3200,3200,20167,0,370.0,337.51657622020787,65.36484500065853,3246.179954998297,13.0
1778236769,40,,Aggregated,26.000000,0.000000,370,480,540,570,660,750,960,1300,2000,3200,3200,20194,0,370.0,337.7354305026705,65.36484500065853,3246.179954998297,13.0
1778236770,40,,Aggregated,26.000000,0.000000,370,480,540,570,660,750,960,1300,2000,3200,3200,20217,0,370.0,337.9396416854097,65.36484500065853,3246.179954998297,13.0
1778236771,40,,Aggregated,26.100000,0.000000,370,480,540,570,660,750,960,1300,2000,3200,3200,20246,0,370.0,338.28790777061795,65.36484500065853,3246.179954998297,13.0
1778236772,40,,Aggregated,26.100000,0.000000,370,480,540,570,660,750,960,1300,2000,3200,3200,20273,0,370.0,338.47613281763597,65.36484500065853,3246.179954998297,13.0
1778236773,40,,Aggregated,26.000000,0.000000,370,480,540,570,660,750,960,1300,2000,3200,3200,20298,0,370.0,338.7662610332515,65.36484500065853,3246.179954998297,13.0
1778236774,40,,Aggregated,26.100000,0.000000,370,480,540,570,660,750,960,1300,2000,3200,3200,20325,0,370.0,339.0171484032934,65.36484500065853,3246.179954998297,13.0
1778236775,40,,Aggregated,26.100000,0.000000,370,480,540,570,660,750,960,1300,2000,3200,3200,20350,0,370.0,339.2730868537072,65.36484500065853,3246.179954998297,13.0
1778236776,40,,Aggregated,26.000000,0.000000,370,480,540,570,660,750,960,1300,2000,3200,3200,20375,0,370.0,339.540307983457,65.36484500065853,3246.179954998297,13.0
1778236777,40,,Aggregated,25.900000,0.000000,370,480,540,570,660,750,960,1300,2000,3200,3200,20403,0,370.0,339.77936773194784,65.36484500065853,3246.179954998297,13.0
1778236778,40,,Aggregated,25.800000,0.000000,370,480,540,570,660,750,960,1300,2000,3200,3200,20426,0,370.0,339.9845566523517,65.36484500065853,3246.179954998297,13.0
1778236779,40,,Aggregated,25.900000,0.000000,370,480,540,570,660,750,960,1300,2000,3200,3200,20456,0,370.0,340.2884196511993,65.36484500065853,3246.179954998297,13.0
1778236780,40,,Aggregated,26.000000,0.000000,370,480,540,570,660,750,960,1300,2000,3200,3200,20480,0,370.0,340.39893973857085,65.36484500065853,3246.179954998297,13.0
1778236781,40,,Aggregated,25.800000,0.000000,370,480,540,570,660,750,960,1300,2000,3200,3200,20507,0,370.0,340.7573382132895,65.36484500065853,3246.179954998297,13.0
1778236782,40,,Aggregated,26.100000,0.000000,370,480,540,570,660,750,960,1300,2000,3200,3200,20534,0,370.0,340.8948680429496,65.36484500065853,3246.179954998297,13.0
1778236783,40,,Aggregated,26.100000,0.000000,370,480,540,570,660,750,960,1300,2000,3200,3200,20559,0,370.0,341.0448758232857,65.36484500065853,3246.179954998297,13.0
1778236784,40,,Aggregated,26.200000,0.000000,370,480,540,570,660,750,960,1300,2000,3200,3200,20589,0,370.0,341.44210957938355,65.36484500065853,3246.179954998297,13.0
1778236785,40,,Aggregated,26.000000,0.000000,370,480,540,570,660,750,960,1300,2000,3200,3200,20613,0,370.0,341.57595346412086,65.36484500065853,3246.179954998297,13.0
1778236786,40,,Aggregated,26.100000,0.000000,370,480,540,570,660,750,960,1300,2000,3200,3200,20639,0,370.0,341.92240315741697,65.36484500065853,3246.179954998297,13.0
1778236787,40,,Aggregated,26.500000,0.000000,370,480,540,570,660,750,960,1300,2000,3200,3200,20665,0,370.0,342.0875788931009,65.36484500065853,3246.179954998297,13.0
1778236788,40,,Aggregated,26.200000,0.000000,370,480,540,570,660,750,960,1300,2000,3200,3200,20689,0,370.0,342.3228899582836,65.36484500065853,3246.179954998297,13.0
1778236789,40,,Aggregated,26.500000,0.000000,370,480,540,570,660,750,960,1300,2000,3200,3200,20719,0,370.0,342.6304261197418,65.36484500065853,3246.179954998297,13.0
1778236790,40,,Aggregated,26.300000,0.000000,370,480,540,570,660,750,960,1300,2000,3200,3200,20743,0,370.0,342.8131150172071,65.36484500065853,3246.179954998297,13.0
1778236791,40,,Aggregated,26.100000,0.000000,370,480,540,570,660,750,960,1300,2000,3200,3200,20770,0,370.0,343.10559576807526,65.36484500065853,3246.179954998297,13.0
1778236792,40,,Aggregated,26.200000,0.000000,370,480,540,570,660,750,960,1300,2000,3200,3200,20796,0,370.0,343.3196353872338,65.36484500065853,3246.179954998297,13.0
1778236793,40,,Aggregated,26.200000,0.000000,370,480,540,570,660,750,960,1300,2000,3200,3200,20821,0,370.0,343.49235980500094,65.36484500065853,3246.179954998297,13.0
1778236794,40,,Aggregated,25.900000,0.000000,370,480,540,570,660,750,970,1300,2000,3200,3200,20847,0,370.0,343.85278256688855,65.36484500065853,3246.179954998297,13.0
1778236795,40,,Aggregated,26.100000,0.000000,370,480,540,570,660,750,970,1300,2000,3200,3200,20874,0,370.0,344.09335682101766,65.36484500065853,3246.179954998297,13.0
1778236796,40,,Aggregated,26.100000,0.000000,370,480,540,570,660,750,970,1300,2000,3200,3200,20897,0,370.0,344.2206164011065,65.36484500065853,3246.179954998297,13.0
1778236797,40,,Aggregated,25.700000,0.000000,370,480,540,570,660,750,970,1300,2000,3200,3200,20927,0,370.0,344.60790612691363,65.36484500065853,3246.179954998297,13.0
1778236798,40,,Aggregated,26.200000,0.000000,370,480,540,570,660,760,970,1300,2000,3200,3200,20951,0,370.0,344.7401686332836,65.36484500065853,3246.179954998297,13.0
1778236799,40,,Aggregated,25.400000,0.000000,370,480,540,570,660,760,970,1300,2000,3200,3200,20977,0,370.0,344.9756150653064,65.36484500065853,3246.179954998297,13.0
1778236801,40,,Aggregated,26.100000,0.000000,380,480,540,570,660,760,980,1300,2000,3200,3200,21002,0,370.0,345.4279581672662,65.36484500065853,3246.179954998297,13.0
1778236802,40,,Aggregated,26.100000,0.000000,380,480,540,570,660,760,980,1300,2000,3200,3200,21029,0,380.0,345.6968625549917,65.36484500065853,3246.179954998297,13.0
1778236803,40,,Aggregated,25.700000,0.000000,380,480,540,570,660,760,980,1300,2000,3200,3200,21054,0,380.0,345.8586850161454,65.36484500065853,3246.179954998297,13.0
1778236804,40,,Aggregated,25.700000,0.000000,380,480,540,570,660,760,980,1300,2000,3200,3200,21078,0,380.0,346.1302081924721,65.36484500065853,3246.179954998297,13.0
1778236805,40,,Aggregated,25.900000,0.000000,380,480,540,570,660,760,980,1300,2000,3200,3200,21103,0,380.0,346.40272739411097,65.36484500065853,3246.179954998297,13.0
1778236806,40,,Aggregated,25.700000,0.000000,380,480,540,570,660,760,990,1300,2000,3200,3200,21129,0,380.0,346.73870808693835,65.36484500065853,3246.179954998297,13.0
1778236807,40,,Aggregated,25.600000,0.000000,380,480,540,570,660,760,990,1300,2000,3200,3200,21157,0,380.0,346.95030602046216,65.36484500065853,3246.179954998297,13.0
1778236808,40,,Aggregated,25.600000,0.000000,380,480,540,570,660,760,990,1300,2000,3200,3200,21183,0,380.0,347.16473508577207,65.36484500065853,3246.179954998297,13.0
1778236809,40,,Aggregated,25.900000,0.000000,380,480,540,570,660,760,990,1300,2000,3200,3200,21210,0,380.0,347.42918315520546,65.36484500065853,3246.179954998297,13.0
1778236810,40,,Aggregated,25.500000,0.000000,380,480,540,570,660,760,990,1300,2000,3200,3200,21235,0,380.0,347.59859010355103,65.36484500065853,3246.179954998297,13.0
1778236811,40,,Aggregated,25.500000,0.000000,380,480,540,570,660,760,990,1300,2000,3200,3200,21260,0,380.0,347.85704732826457,65.36484500065853,3246.179954998297,13.0
1778236812,40,,Aggregated,25.700000,0.000000,380,480,540,570,660,760,990,1300,2000,3200,3200,21286,0,380.0,348.0256157983607,65.36484500065853,3246.179954998297,13.0
1778236813,40,,Aggregated,25.900000,0.000000,380,480,540,570,660,760,990,1300,2000,3200,3200,21314,0,380.0,348.33985399112817,65.36484500065853,3246.179954998297,13.0
1778236814,40,,Aggregated,25.600000,0.000000,380,480,540,570,660,760,990,1300,2000,3200,3200,21339,0,380.0,348.5224244941612,65.36484500065853,3246.179954998297,13.0
1778236815,40,,Aggregated,26.000000,0.000000,380,480,540,570,660,760,990,1300,2000,3200,3200,21367,0,380.0,348.81428397753115,65.36484500065853,3246.179954998297,13.0
1778236816,40,,Aggregated,26.000000,0.000000,380,480,540,570,660,760,990,1300,2000,3200,3200,21389,0,380.0,348.93863582612136,65.36484500065853,3246.179954998297,13.0
1778236817,40,,Aggregated,26.300000,0.000000,380,480,540,570,660,760,990,1300,2000,3200,3200,21419,0,380.0,349.3321832478131,65.36484500065853,3246.179954998297,13.0
1778236818,40,,Aggregated,26.000000,0.000000,380,480,540,570,660,760,990,1300,2000,3200,3200,21443,0,380.0,349.43184292024966,65.36484500065853,3246.179954998297,13.0
1778236819,40,,Aggregated,26.100000,0.000000,380,480,540,570,660,760,990,1300,2000,3200,3200,21471,0,380.0,349.6977284264315,65.36484500065853,3246.179954998297,13.0
1778236820,40,,Aggregated,25.900000,0.000000,380,480,540,570,660,760,1000,1300,2000,3200,3200,21499,0,380.0,349.9279438985495,65.36484500065853,3246.179954998297,13.0
1778236821,40,,Aggregated,25.900000,0.000000,380,480,540,570,660,760,1000,1300,2000,3200,3200,21523,0,380.0,350.1021403617484,65.36484500065853,3246.179954998297,13.0
1778236822,40,,Aggregated,26.100000,0.000000,380,480,540,570,660,760,1000,1300,2000,3200,3200,21549,0,380.0,350.36310001424255,65.36484500065853,3246.179954998297,13.0
1778236823,40,,Aggregated,26.100000,0.000000,380,480,540,570,660,760,1000,1300,2000,3200,3200,21574,0,380.0,350.55087835797303,65.36484500065853,3246.179954998297,13.0
1778236824,40,,Aggregated,26.300000,0.000000,380,480,540,570,660,760,990,1300,2000,3200,3200,21601,0,380.0,350.7830471397581,65.36484500065853,3246.179954998297,13.0
1778236825,40,,Aggregated,26.000000,0.000000,380,480,540,570,660,770,1000,1300,2000,3200,3200,21628,0,380.0,351.0597099010963,65.36484500065853,3246.179954998297,13.0
1778236826,40,,Aggregated,26.300000,0.000000,380,480,540,570,660,770,1000,1300,2000,3200,3200,21653,0,380.0,351.27937569435716,65.36484500065853,3246.179954998297,13.0
1778236827,40,,Aggregated,26.000000,0.000000,380,480,540,570,660,770,1000,1300,2000,3200,3200,21679,0,380.0,351.53190092928276,65.36484500065853,3246.179954998297,13.0
1778236828,40,,Aggregated,26.200000,0.000000,380,480,540,570,660,770,1000,1300,2000,3200,3200,21706,0,380.0,351.7392269522214,65.36484500065853,3246.179954998297,13.0
1778236829,40,,Aggregated,26.000000,0.000000,380,480,540,570,660,770,1000,1300,2000,3200,3200,21732,0,380.0,351.94770684929676,65.36484500065853,3246.179954998297,13.0
1778236830,40,,Aggregated,26.100000,0.000000,380,480,540,570,660,770,1000,1300,2000,3200,3200,21758,0,380.0,352.1734070352476,65.36484500065853,3246.179954998297,13.0
1778236831,40,,Aggregated,26.200000,0.000000,380,480,540,570,660,770,1000,1300,2000,3200,3200,21785,0,380.0,352.4192674794083,65.36484500065853,3246.179954998297,13.0
1778236832,40,,Aggregated,26.100000,0.000000,380,480,540,570,660,770,990,1300,2000,3200,3200,21810,0,380.0,352.657714860381,65.36484500065853,3246.179954998297,13.0
1778236833,40,,Aggregated,25.900000,0.000000,380,480,540,570,660,770,990,1300,2000,3200,3200,21837,0,380.0,352.892444455599,65.36484500065853,3246.179954998297,13.0
1778236834,40,,Aggregated,25.900000,0.000000,380,480,540,570,660,770,990,1300,2000,3200,3200,21861,0,380.0,353.05105127143827,65.36484500065853,3246.179954998297,13.0
1778236835,40,,Aggregated,26.000000,0.000000,380,480,540,570,660,770,990,1300,2000,3200,3200,21887,0,380.0,353.3074616524838,65.36484500065853,3246.179954998297,13.0
1778236836,40,,Aggregated,25.900000,0.000000,380,480,540,570,660,770,990,1300,2000,3200,3200,21914,0,380.0,353.49251582440064,65.36484500065853,3246.179954998297,13.0
1778236837,40,,Aggregated,25.800000,0.000000,380,480,540,570,660,770,990,1300,2000,3200,3200,21940,0,380.0,353.6753897743811,65.36484500065853,3246.179954998297,13.0
1778236838,40,,Aggregated,26.000000,0.000000,390,490,540,570,660,770,1000,1300,2000,3200,3200,21967,0,390.0,353.9578002230129,65.36484500065853,3246.179954998297,13.0
1778236839,40,,Aggregated,25.800000,0.000000,390,490,540,570,660,770,1000,1300,2000,3200,3200,21995,0,390.0,354.13726312647987,65.36484500065853,3246.179954998297,13.0
1778236840,40,,Aggregated,25.800000,0.000000,390,490,540,570,660,770,1000,1300,2000,3200,3200,22019,0,390.0,354.3412328183809,65.36484500065853,3246.179954998297,13.0
1778236841,40,,Aggregated,26.000000,0.000000,390,490,540,570,660,770,1000,1300,2000,3200,3200,22047,0,390.0,354.5935069856183,65.36484500065853,3246.179954998297,13.0
1778236842,40,,Aggregated,26.000000,0.000000,390,490,540,570,660,770,990,1300,2000,3200,3200,22070,0,390.0,354.69086879822953,65.36484500065853,3246.179954998297,13.0
1778236843,40,,Aggregated,26.100000,0.000000,390,490,540,570,660,770,990,1300,2000,3200,3200,22099,0,390.0,354.94636446816247,65.36484500065853,3246.179954998297,13.0
1778236844,40,,Aggregated,26.300000,0.000000,390,490,540,570,660,770,990,1300,2000,3200,3200,22123,0,390.0,355.1222121752894,65.36484500065853,3246.179954998297,13.0
1778236845,40,,Aggregated,26.100000,0.000000,390,490,540,570,660,770,1000,1300,2000,3200,3200,22152,0,390.0,355.35636905674147,65.36484500065853,3246.179954998297,13.0
1778236846,40,,Aggregated,26.100000,0.000000,390,490,540,570,660,770,1000,1300,2000,3200,3200,22177,0,390.0,355.5199663322786,65.36484500065853,3246.179954998297,13.0
1778236847,40,,Aggregated,26.200000,0.000000,390,490,540,570,660,770,990,1300,2000,3200,3200,22203,0,390.0,355.7098619155045,65.36484500065853,3246.179954998297,13.0
1778236848,40,,Aggregated,26.300000,0.000000,390,490,540,570,660,770,990,1300,2000,3200,3200,22228,0,390.0,355.92658743292037,65.36484500065853,3246.179954998297,13.0
1778236849,40,,Aggregated,26.400000,0.000000,390,490,540,570,660,770,990,1300,2000,3200,3200,22257,0,390.0,356.2099214964708,65.36484500065853,3246.179954998297,13.0
1778236850,40,,Aggregated,26.300000,0.000000,390,490,540,570,660,770,990,1300,2000,3200,3200,22283,0,390.0,356.40459081447506,65.36484500065853,3246.179954998297,13.0
1778236851,40,,Aggregated,25.900000,0.000000,390,490,540,570,660,770,990,1300,2000,3200,3200,22308,0,390.0,356.6108209028576,65.36484500065853,3246.179954998297,13.0
1778236852,40,,Aggregated,26.300000,0.000000,390,490,540,570,660,770,990,1300,2000,3200,3200,22333,0,390.0,356.7847795952157,65.36484500065853,3246.179954998297,13.0
1778236853,40,,Aggregated,26.300000,0.000000,390,490,540,580,660,770,990,1300,2000,3200,3200,22360,0,390.0,356.9752773928871,65.36484500065853,3246.179954998297,13.0
1778236854,40,,Aggregated,26.100000,0.000000,390,490,540,580,660,770,990,1300,2000,3200,3200,22385,0,390.0,357.2011951237419,65.36484500065853,3246.179954998297,13.0
1778236855,40,,Aggregated,26.100000,0.000000,390,490,540,580,660,770,990,1300,2000,3200,3200,22411,0,390.0,357.41275904502083,65.36484500065853,3246.179954998297,13.0
1778236856,40,,Aggregated,26.200000,0.000000,390,490,540,580,660,770,990,1300,2000,3200,3200,22438,0,390.0,357.6030939374705,65.36484500065853,3246.179954998297,13.0
1778236857,40,,Aggregated,26.100000,0.000000,390,490,540,580,660,770,990,1300,2000,3200,3200,22466,0,390.0,357.81642837189383,65.36484500065853,3246.179954998297,13.0
1778236858,40,,Aggregated,26.100000,0.000000,390,490,540,580,660,770,990,1300,2000,3200,3200,22490,0,390.0,358.0378274411724,65.36484500065853,3246.179954998297,13.0
1778236859,40,,Aggregated,26.000000,0.000000,390,490,540,580,660,770,990,1300,2000,3200,3200,22517,0,390.0,358.2030202976403,65.36484500065853,3246.179954998297,13.0
1778236860,40,,Aggregated,26.200000,0.000000,390,490,540,580,660,770,990,1300,2000,3200,3200,22544,0,390.0,358.4400328573443,65.36484500065853,3246.179954998297,13.0
1778236861,40,,Aggregated,26.100000,0.000000,390,490,540,580,660,770,990,1300,2000,3200,3200,22568,0,390.0,358.6120893991924,65.36484500065853,3246.179954998297,13.0
1778236862,40,,Aggregated,26.300000,0.000000,390,490,540,580,660,770,1000,1300,2000,3200,3200,22595,0,390.0,358.7542122020792,65.36484500065853,3246.179954998297,13.0
1778236863,40,,Aggregated,25.900000,0.000000,390,490,540,580,660,770,1000,1300,2000,3200,3200,22620,0,390.0,359.0468519017671,65.36484500065853,3246.179954998297,13.0
1778236864,40,,Aggregated,25.800000,0.000000,390,490,540,580,660,770,1000,1300,2000,3200,3200,22643,0,390.0,359.293875601465,65.36484500065853,3246.179954998297,13.0
1778236865,40,,Aggregated,26.000000,0.000000,390,490,540,580,660,770,1000,1300,2000,3200,3200,22673,0,390.0,359.5587662734959,65.36484500065853,3246.179954998297,13.0
1778236866,40,,Aggregated,25.800000,0.000000,390,490,540,580,660,770,1000,1300,2000,3200,3200,22699,0,390.0,359.7194919011399,65.36484500065853,3246.179954998297,13.0
1778236867,40,,Aggregated,26.000000,0.000000,390,490,540,580,660,770,1000,1300,2000,3200,3200,22726,0,390.0,359.9816095858039,65.36484500065853,3246.179954998297,13.0
1778236868,40,,Aggregated,25.600000,0.000000,390,490,540,580,660,770,1000,1300,2000,3200,3200,22750,0,390.0,360.11448020703233,65.36484500065853,3246.179954998297,13.0
1778236869,40,,Aggregated,26.200000,0.000000,390,490,540,580,660,770,1000,1300,2000,3200,3200,22777,0,390.0,360.3467035086702,65.36484500065853,3246.179954998297,13.0
1778236870,40,,Aggregated,25.800000,0.000000,390,490,540,580,660,770,1000,1300,2000,3200,3200,22802,0,390.0,360.51530650842,65.36484500065853,3246.179954998297,13.0
1778236871,40,,Aggregated,26.000000,0.000000,390,490,540,580,660,770,1000,1300,2000,3200,3200,22829,0,390.0,360.7146657787462,65.36484500065853,3246.179954998297,13.0
1778236872,40,,Aggregated,25.800000,0.000000,390,490,540,580,660,770,1000,1300,2000,3200,3200,22856,0,390.0,360.91830739040034,65.36484500065853,3246.179954998297,13.0
1778236873,40,,Aggregated,25.900000,0.000000,390,490,540,580,660,770,1000,1300,2000,3200,3200,22882,0,390.0,361.0764613340613,65.36484500065853,3246.179954998297,13.0
1778236874,40,,Aggregated,26.000000,0.000000,390,490,540,580,660,770,1000,1300,2000,3200,3200,22906,0,390.0,361.28186650323005,65.36484500065853,3246.179954998297,13.0
1778236875,40,,Aggregated,26.000000,0.000000,390,490,540,580,670,770,1000,1300,2000,3200,3200,22936,0,390.0,361.53277284927594,65.36484500065853,3246.179954998297,13.0
1778236876,40,,Aggregated,26.100000,0.000000,390,490,540,580,670,770,1000,1300,2000,3200,3200,22960,0,390.0,361.6444476747818,65.36484500065853,3246.179954998297,13.0
1778236877,40,,Aggregated,26.100000,0.000000,400,490,540,580,670,770,1000,1300,2000,3200,3200,22987,0,400.0,361.87920762800667,65.36484500065853,3246.179954998297,13.0
1778236878,40,,Aggregated,26.300000,0.000000,400,490,540,580,670,770,1000,1300,2000,3200,3200,23014,0,400.0,362.0478593598674,65.36484500065853,3246.179954998297,13.0
1778236879,40,,Aggregated,25.700000,0.000000,400,490,540,580,670,770,1000,1300,2000,3200,3200,23041,0,400.0,362.23338023154304,65.36484500065853,3246.179954998297,13.0
1778236880,40,,Aggregated,26.400000,0.000000,400,490,540,580,670,770,1000,1300,2000,3200,3200,23066,0,400.0,362.4022285952044,65.36484500065853,3246.179954998297,13.0
1778236881,40,,Aggregated,26.400000,0.000000,400,490,540,580,670,770,1000,1300,2000,3200,3200,23093,0,400.0,362.548891088511,65.36484500065853,3246.179954998297,13.0
1778236882,40,,Aggregated,26.300000,0.000000,400,490,540,580,670,770,1000,1300,2000,3200,3200,23117,0,400.0,362.75095186442826,65.36484500065853,3246.179954998297,13.0
1778236883,40,,Aggregated,26.300000,0.000000,400,490,540,580,670,770,1000,1300,2000,3200,3200,23145,0,400.0,362.96939952676536,65.36484500065853,3246.179954998297,13.0
1778236884,40,,Aggregated,26.400000,0.000000,400,490,540,580,670,770,990,1300,2000,3200,3200,23170,0,400.0,363.14654666870894,65.36484500065853,3246.179954998297,13.0
1778236885,40,,Aggregated,26.400000,0.000000,400,490,540,580,670,770,990,1300,2000,3200,3200,23199,0,400.0,363.38651608987436,65.36484500065853,3246.179954998297,13.0
1778236886,40,,Aggregated,26.300000,0.000000,400,490,550,580,670,770,990,1300,2000,3200,3200,23224,0,400.0,363.54331461048906,65.36484500065853,3246.179954998297,13.0
1778236887,40,,Aggregated,26.000000,0.000000,400,490,550,580,670,770,990,1300,2000,3200,3200,23249,0,400.0,363.75946026723705,65.36484500065853,3246.179954998297,13.0
1778236888,40,,Aggregated,26.000000,0.000000,400,490,550,580,670,770,990,1300,2000,3200,3200,23274,0,400.0,363.9567667577983,65.36484500065853,3246.179954998297,13.0
1778236889,40,,Aggregated,26.300000,0.000000,400,490,550,580,670,770,990,1300,2000,3200,3200,23303,0,400.0,364.1766303880616,65.36484500065853,3246.179954998297,13.0
1778236890,40,,Aggregated,25.800000,0.000000,400,490,550,580,670,770,990,1300,2000,3200,3200,23327,0,400.0,364.3303168087196,65.36484500065853,3246.179954998297,13.0
1778236891,40,,Aggregated,25.800000,0.000000,400,490,550,580,670,770,990,1300,2000,3200,3200,23353,0,400.0,364.5605206097723,65.36484500065853,3246.179954998297,13.0
1778236892,40,,Aggregated,25.900000,0.000000,400,490,550,580,670,770,990,1300,2000,3200,3200,23378,0,400.0,364.7325294672773,65.36484500065853,3246.179954998297,13.0
1778236893,40,,Aggregated,26.000000,0.000000,400,490,550,580,670,770,990,1300,2000,3200,3200,23406,0,400.0,364.9303738223965,65.36484500065853,3246.179954998297,13.0
1778236894,40,,Aggregated,25.800000,0.000000,400,490,550,580,670,770,990,1300,2000,3200,3200,23429,0,400.0,365.1047559737515,65.36484500065853,3246.179954998297,13.0
1778236895,40,,Aggregated,25.900000,0.000000,400,490,550,580,670,770,990,1300,2000,3200,3200,23457,0,400.0,365.3548484466479,65.36484500065853,3246.179954998297,13.0
1778236896,40,,Aggregated,25.800000,0.000000,400,490,550,580,670,770,990,1300,2000,3200,3200,23482,0,400.0,365.4849432948652,65.36484500065853,3246.179954998297,13.0
1778236897,40,,Aggregated,25.800000,0.000000,400,490,550,580,670,770,990,1300,2000,3200,3200,23512,0,400.0,365.72730101982063,65.36484500065853,3246.179954998297,13.0
1778236898,40,,Aggregated,26.100000,0.000000,400,490,550,580,670,770,990,1300,2000,3200,3200,23535,0,400.0,365.8516875797329,65.36484500065853,3246.179954998297,13.0
1778236899,40,,Aggregated,25.900000,0.000000,400,490,550,580,670,770,990,1300,2000,3200,3200,23563,0,400.0,366.1056575975051,65.36484500065853,3246.179954998297,13.0
1778236900,40,,Aggregated,26.000000,0.000000,400,490,550,580,670,770,990,1300,2000,3200,3200,23590,0,400.0,366.2637730488348,65.36484500065853,3246.179954998297,13.0
1778236901,40,,Aggregated,26.100000,0.000000,400,490,550,580,670,770,990,1300,2000,3200,3200,23615,0,400.0,366.43919902100424,65.36484500065853,3246.179954998297,13.0
1778236902,40,,Aggregated,25.900000,0.000000,400,490,550,580,670,770,990,1300,2000,3200,3200,23642,0,400.0,366.64589760764807,65.36484500065853,3246.179954998297,13.0
1778236903,40,,Aggregated,25.900000,0.000000,400,490,550,580,670,770,990,1300,2000,3200,3200,23665,0,400.0,366.73948180312743,65.36484500065853,3246.179954998297,13.0
1778236904,40,,Aggregated,26.100000,0.000000,400,490,550,580,670,770,990,1300,2000,3200,3200,23694,0,400.0,366.9810696437502,65.36484500065853,3246.179954998297,13.0
1778236905,40,,Aggregated,26.100000,0.000000,400,490,550,580,670,770,990,1300,2000,3200,3200,23719,0,400.0,367.1690411643837,65.36484500065853,3246.179954998297,13.0
1778236906,40,,Aggregated,26.100000,0.000000,400,500,550,580,670,770,990,1300,2000,3200,3200,23746,0,400.0,367.3536736208208,65.36484500065853,3246.179954998297,13.0
1778236907,40,,Aggregated,26.500000,0.000000,400,500,550,580,670,770,990,1300,2000,3200,3200,23772,0,400.0,367.5388806044089,65.36484500065853,3246.179954998297,13.0
1778236908,40,,Aggregated,26.100000,0.000000,400,500,550,580,670,770,990,1300,2000,3200,3200,23796,0,400.0,367.7119275966133,65.36484500065853,3246.179954998297,13.0
1778236909,40,,Aggregated,26.100000,0.000000,400,500,550,580,670,760,990,1300,2000,3200,3200,23823,0,400.0,367.90568453973043,65.36484500065853,3246.179954998297,13.0
1778236910,40,,Aggregated,26.200000,0.000000,400,500,550,580,670,760,990,1300,2000,3200,3200,23850,0,400.0,368.07041451006245,65.36484500065853,3246.179954998297,13.0
1778236911,40,,Aggregated,26.100000,0.000000,400,500,550,580,670,760,990,1300,2000,3200,3200,23874,0,400.0,368.2727194693803,65.36484500065853,3246.179954998297,13.0
1778236912,40,,Aggregated,26.000000,0.000000,400,500,550,580,670,760,980,1300,2000,3200,3200,23904,0,400.0,368.4912585619138,65.36484500065853,3246.179954998297,13.0
1778236913,40,,Aggregated,26.100000,0.000000,400,500,550,580,670,760,980,1300,2000,3200,3200,23928,0,400.0,368.55811773370084,65.36484500065853,3246.179954998297,13.0
1778236914,40,,Aggregated,26.100000,0.000000,400,500,550,580,670,770,980,1300,2000,3200,3200,23955,0,400.0,368.7901877791691,65.36484500065853,3246.179954998297,13.0
1778236915,40,,Aggregated,26.100000,0.000000,400,500,550,580,670,770,990,1300,2000,3200,3200,23982,0,400.0,368.95123613301587,65.36484500065853,3246.179954998297,13.0
1778236916,40,,Aggregated,26.100000,0.000000,400,500,550,580,670,770,980,1300,2000,3200,3200,24006,0,400.0,369.1195174742975,65.36484500065853,3246.179954998297,13.0
1778236917,40,,Aggregated,26.000000,0.000000,410,500,550,580,670,760,980,1300,2000,3200,3200,24032,0,410.0,369.3456852394298,65.36484500065853,3246.179954998297,13.0
1778236918,40,,Aggregated,26.200000,0.000000,410,500,550,580,670,760,980,1300,2000,3200,3200,24061,0,410.0,369.573997066206,65.36484500065853,3246.179954998297,13.0
1778236919,40,,Aggregated,26.000000,0.000000,410,500,550,580,670,760,980,1300,2000,3200,3200,24085,0,410.0,369.6969486856125,65.36484500065853,3246.179954998297,13.0
1778236920,40,,Aggregated,26.100000,0.000000,410,500,550,580,670,760,980,1300,2000,3200,3200,24109,0,410.0,369.8704719016954,65.36484500065853,3246.179954998297,13.0
1778236921,40,,Aggregated,26.000000,0.000000,410,500,550,580,670,760,980,1300,2000,3200,3200,24139,0,410.0,370.100184302373,65.36484500065853,3246.179954998297,13.0
1778236922,40,,Aggregated,26.100000,0.000000,410,500,550,580,670,760,980,1300,2000,3200,3200,24166,0,410.0,370.22539445183236,65.36484500065853,3246.179954998297,13.0
1778236923,40,,Aggregated,26.300000,0.000000,410,500,550,580,670,760,980,1300,2000,3200,3200,24190,0,410.0,370.3895293575025,65.36484500065853,3246.179954998297,13.0
1778236924,40,,Aggregated,26.100000,0.000000,410,500,550,580,670,760,980,1300,2000,3200,3200,24216,0,410.0,370.59095157148124,65.36484500065853,3246.179954998297,13.0
1778236925,40,,Aggregated,25.800000,0.000000,410,500,550,580,670,760,980,1300,2000,3200,3200,24242,0,410.0,370.7594025498717,65.36484500065853,3246.179954998297,13.0
1778236926,40,,Aggregated,26.200000,0.000000,410,500,550,580,670,760,980,1300,2000,3200,3200,24268,0,410.0,370.93736641412534,65.36484500065853,3246.179954998297,13.0
1778236927,40,,Aggregated,26.000000,0.000000,410,500,550,580,670,760,980,1300,2000,3200,3200,24294,0,410.0,371.10217462072904,65.36484500065853,3246.179954998297,13.0
1778236928,40,,Aggregated,25.900000,0.000000,410,500,550,580,670,770,980,1300,2000,3200,3200,24320,0,410.0,371.2747723474505,65.36484500065853,3246.179954998297,13.0
1778236929,40,,Aggregated,26.200000,0.000000,410,500,550,580,670,770,980,1300,2000,3200,3200,24345,0,410.0,371.4241010212774,65.36484500065853,3246.179954998297,13.0
1778236930,40,,Aggregated,26.000000,0.000000,410,500,550,580,670,770,980,1300,2000,3200,3200,24375,0,410.0,371.6776613995076,65.36484500065853,3246.179954998297,13.0
1778236931,40,,Aggregated,26.200000,0.000000,410,500,550,580,670,760,980,1300,2000,3200,3200,24400,0,410.0,371.8161961594258,65.36484500065853,3246.179954998297,13.0
1778236932,40,,Aggregated,26.100000,0.000000,410,500,550,580,670,760,980,1300,2000,3200,3200,24423,0,410.0,371.9739710938042,65.36484500065853,3246.179954998297,13.0
1778236933,40,,Aggregated,26.000000,0.000000,410,500,550,580,670,760,980,1300,2000,3200,3200,24453,0,410.0,372.19862474506124,65.36484500065853,3246.179954998297,13.0
1778236934,40,,Aggregated,25.800000,0.000000,410,500,550,580,670,760,980,1300,2000,3200,3200,24478,0,410.0,372.32677670193584,65.36484500065853,3246.179954998297,13.0
1778236935,40,,Aggregated,26.000000,0.000000,410,500,550,580,670,760,980,1300,2000,3200,3200,24502,0,410.0,372.4267286072559,65.36484500065853,3246.179954998297,13.0
1778236936,40,,Aggregated,25.800000,0.000000,410,500,550,580,670,770,980,1300,2000,3200,3200,24530,0,410.0,372.7171417737053,65.36484500065853,3246.179954998297,13.0
1778236937,40,,Aggregated,26.000000,0.000000,410,500,550,580,670,770,980,1300,2000,3200,3200,24556,0,410.0,372.9186540815683,65.36484500065853,3246.179954998297,13.0
1778236938,40,,Aggregated,26.000000,0.000000,410,500,550,580,670,770,980,1300,2000,3200,3200,24581,0,410.0,373.0641273337938,65.36484500065853,3246.179954998297,13.0
1778236939,40,,Aggregated,25.800000,0.000000,410,500,550,580,670,770,980,1300,2000,3200,3200,24606,0,410.0,373.2266396578473,65.36484500065853,3246.179954998297,13.0
1778236940,40,,Aggregated,26.200000,0.000000,410,500,550,580,670,770,980,1300,2000,3200,3200,24632,0,410.0,373.4154616419691,65.36484500065853,3246.179954998297,13.0
1778236941,40,,Aggregated,25.800000,0.000000,410,500,550,580,670,770,980,1300,2000,3200,3200,24660,0,410.0,373.62108821650355,65.36484500065853,3246.179954998297,13.0
1778236942,40,,Aggregated,26.100000,0.000000,410,500,550,580,670,770,980,1300,2000,3200,3200,24686,0,410.0,373.7857270458955,65.36484500065853,3246.179954998297,13.0
1778236943,40,,Aggregated,25.800000,0.000000,410,500,550,580,670,770,980,1300,2000,3200,3200,24713,0,410.0,373.93593785157515,65.36484500065853,3246.179954998297,13.0
1778236944,40,,Aggregated,26.000000,0.000000,410,500,550,580,670,770,980,1300,2000,3200,3200,24739,0,410.0,374.1150719770798,65.36484500065853,3246.179954998297,13.0
1778236945,40,,Aggregated,26.000000,0.000000,410,500,550,580,670,770,980,1300,2000,3200,3200,24760,0,410.0,374.2565850106212,65.36484500065853,3246.179954998297,13.0
1778236946,40,,Aggregated,26.000000,0.000000,410,500,550,580,670,770,980,1300,2000,3200,3200,24790,0,410.0,374.48015012028986,65.36484500065853,3246.179954998297,13.0
1778236947,40,,Aggregated,25.800000,0.000000,410,500,550,580,670,770,980,1300,2000,3200,3200,24814,0,410.0,374.6089003850644,65.36484500065853,3246.179954998297,13.0
1778236948,40,,Aggregated,25.800000,0.000000,410,500,550,580,670,770,980,1300,2000,3200,3200,24840,0,410.0,374.830865304428,65.36484500065853,3246.179954998297,13.0
1778236949,40,,Aggregated,25.900000,0.000000,410,500,550,580,670,770,980,1300,2000,3200,3200,24868,0,410.0,374.9722354550827,65.36484500065853,3246.179954998297,13.0
1778236950,40,,Aggregated,25.700000,0.000000,410,500,550,580,670,770,980,1300,2000,3200,3200,24896,0,410.0,375.13984286479723,65.36484500065853,3246.179954998297,13.0
1778236951,40,,Aggregated,26.100000,0.000000,410,500,550,580,670,770,980,1300,2000,3200,3200,24919,0,410.0,375.2991116876678,65.36484500065853,3246.179954998297,13.0
1778236952,40,,Aggregated,26.100000,0.000000,410,500,550,580,670,770,980,1300,2000,3200,3200,24947,0,410.0,375.5269408280752,65.36484500065853,3246.179954998297,13.0
1778236953,40,,Aggregated,26.200000,0.000000,410,500,550,580,670,770,980,1300,2000,3200,3200,24971,0,410.0,375.6584021118495,65.36484500065853,3246.179954998297,13.0
1778236954,40,,Aggregated,25.900000,0.000000,410,500,550,580,670,770,980,1300,2000,3200,3200,24997,0,410.0,375.80981206080713,65.36484500065853,3246.179954998297,13.0
1778236955,40,,Aggregated,25.900000,0.000000,410,500,550,580,670,770,980,1300,2000,3200,3200,25024,0,410.0,376.0428021375479,65.36484500065853,3246.179954998297,13.0
1778236956,40,,Aggregated,25.900000,0.000000,410,500,550,580,670,770,980,1300,2000,3200,3200,25050,0,410.0,376.11824502411145,65.36484500065853,3246.179954998297,13.0
1778236957,40,,Aggregated,25.900000,0.000000,410,500,550,580,670,770,980,1300,2000,3200,3200,25077,0,410.0,376.3576140722572,65.36484500065853,3246.179954998297,13.0
1778236958,40,,Aggregated,26.000000,0.000000,410,500,550,580,670,770,980,1300,2000,3200,3200,25103,0,410.0,376.53788244855156,65.36484500065853,3246.179954998297,13.0
1778236959,40,,Aggregated,26.100000,0.000000,410,500,550,580,670,770,980,1300,2000,3200,3200,25128,0,410.0,376.642888301854,65.36484500065853,3246.179954998297,13.0
1778236960,40,,Aggregated,25.700000,0.000000,410,500,550,580,670,770,980,1300,2000,3200,3200,25155,0,410.0,376.8573371720128,65.36484500065853,3246.179954998297,13.0
1778236961,40,,Aggregated,26.100000,0.000000,410,500,550,580,670,770,980,1300,2000,3200,3200,25181,0,410.0,377.02813579135,65.36484500065853,3246.179954998297,13.0
1778236962,40,,Aggregated,25.700000,0.000000,410,500,550,580,670,770,980,1300,2000,3200,3200,25207,0,410.0,377.1376085762681,65.36484500065853,3246.179954998297,13.0
1778236963,40,,Aggregated,25.500000,0.000000,410,500,550,580,670,770,980,1300,2000,3200,3200,25235,0,410.0,377.3283541382205,65.36484500065853,3246.179954998297,13.0
1778236964,40,,Aggregated,26.300000,0.000000,410,500,550,580,670,770,980,1300,2000,3200,3200,25260,0,410.0,377.49431026377636,65.36484500065853,3246.179954998297,13.0
1778236965,40,,Aggregated,26.400000,0.000000,410,500,550,580,670,770,980,1300,2000,3200,3200,25285,0,410.0,377.647094874431,65.36484500065853,3246.179954998297,13.0
1778236966,40,,Aggregated,26.200000,0.000000,420,500,550,580,670,770,980,1300,2000,3200,3200,25313,0,420.0,377.8116039247813,65.36484500065853,3246.179954998297,13.0
1778236967,40,,Aggregated,26.300000,0.000000,420,500,550,580,670,770,980,1300,2000,3200,3200,25338,0,420.0,377.93813696424314,65.36484500065853,3246.179954998297,13.0
1778236968,40,,Aggregated,26.200000,0.000000,420,500,550,580,670,770,980,1300,2000,3200,3200,25364,0,420.0,378.10302023351977,65.36484500065853,3246.179954998297,13.0
1778236969,40,,Aggregated,26.300000,0.000000,420,500,550,580,670,770,980,1300,2000,3200,3200,25392,0,420.0,378.2328081788354,65.36484500065853,3246.179954998297,13.0
1778236970,40,,Aggregated,26.300000,0.000000,420,500,550,580,670,770,980,1300,2000,3200,3200,25418,0,420.0,378.37876237776334,65.36484500065853,3246.179954998297,13.0
1778236971,40,,Aggregated,26.000000,0.000000,420,500,550,580,670,770,980,1300,2000,3200,3200,25443,0,420.0,378.56608222796007,65.36484500065853,3246.179954998297,13.0
1778236972,40,,Aggregated,26.300000,0.000000,420,500,550,580,670,770,980,1300,2000,3200,3200,25470,0,420.0,378.674862472634,65.36484500065853,3246.179954998297,13.0
1778236973,40,,Aggregated,26.500000,0.000000,420,500,550,580,670,770,980,1300,2000,3200,3200,25496,0,420.0,378.84941868661707,65.36484500065853,3246.179954998297,13.0
1778236974,40,,Aggregated,26.000000,0.000000,420,500,550,580,670,770,980,1300,2000,3200,3200,25521,0,420.0,378.98071357364483,65.36484500065853,3246.179954998297,13.0
1778236975,40,,Aggregated,26.000000,0.000000,420,500,550,580,670,770,980,1300,2000,3200,3200,25548,0,420.0,379.12259459761964,65.36484500065853,3246.179954998297,13.0
1778236976,40,,Aggregated,26.300000,0.000000,420,500,550,590,670,770,980,1300,2000,3200,3200,25576,0,420.0,379.3185218303871,65.36484500065853,3246.179954998297,13.0
1778236977,40,,Aggregated,26.200000,0.000000,420,500,550,590,670,770,980,1300,2000,3200,3200,25601,0,420.0,379.42928147107494,65.36484500065853,3246.179954998297,13.0
1778236978,40,,Aggregated,26.200000,0.000000,420,500,550,590,670,770,980,1300,2000,3200,3200,25630,0,420.0,379.64724098427575,65.36484500065853,3246.179954998297,13.0
1778236979,40,,Aggregated,26.200000,0.000000,420,500,550,590,670,770,980,1300,2000,3200,3200,25653,0,420.0,379.72786706997204,65.36484500065853,3246.179954998297,13.0
1778236980,40,,Aggregated,26.300000,0.000000,420,500,550,590,670,770,980,1300,2000,3200,3200,25680,0,420.0,379.9156839573985,65.36484500065853,3246.179954998297,13.0
1778236981,40,,Aggregated,26.000000,0.000000,420,500,550,590,670,770,980,1300,2000,3200,3200,25708,0,420.0,380.06068938766106,65.36484500065853,3246.179954998297,13.0
1778236982,40,,Aggregated,26.000000,0.000000,420,500,550,590,670,770,980,1300,2000,3200,3200,25732,0,420.0,380.214115151212,65.36484500065853,3246.179954998297,13.0
1778236983,40,,Aggregated,26.200000,0.000000,420,500,550,590,670,770,980,1300,2000,3200,3200,25759,0,420.0,380.4020529759301,65.36484500065853,3246.179954998297,13.0
1778236984,40,,Aggregated,26.100000,0.000000,420,500,550,590,670,770,980,1300,2000,3200,3200,25784,0,420.0,380.552414431003,65.36484500065853,3246.179954998297,13.0
1778236985,40,,Aggregated,26.100000,0.000000,420,500,550,590,670,770,980,1300,2000,3200,3200,25811,0,420.0,380.7011529642782,65.36484500065853,3246.179954998297,13.0
1778236986,40,,Aggregated,25.900000,0.000000,420,500,550,590,670,770,980,1300,2000,3200,3200,25837,0,420.0,380.83491061377055,65.36484500065853,3246.179954998297,13.0
1778236987,40,,Aggregated,26.100000,0.000000,420,500,550,590,670,770,980,1300,2000,3200,3200,25863,0,420.0,381.01069961984285,65.36484500065853,3246.179954998297,13.0
1778236988,40,,Aggregated,26.200000,0.000000,420,500,550,590,670,770,980,1300,2000,3200,3200,25890,0,420.0,381.17581501722634,65.36484500065853,3246.179954998297,13.0
1778236989,40,,Aggregated,26.000000,0.000000,420,500,550,590,670,770,980,1300,2000,3200,3200,25915,0,420.0,381.3088327864552,65.36484500065853,3246.179954998297,13.0
1778236990,40,,Aggregated,26.000000,0.000000,420,500,550,590,670,770,980,1300,2000,3200,3200,25940,0,420.0,381.4518412524282,65.36484500065853,3246.179954998297,13.0
1778236991,40,,Aggregated,26.300000,0.000000,420,500,550,590,670,770,980,1300,2000,3200,3200,25968,0,420.0,381.6267984568311,65.36484500065853,3246.179954998297,13.0
1778236992,40,,Aggregated,26.300000,0.000000,420,500,550,590,670,770,980,1300,2000,3200,3200,25993,0,420.0,381.78442896402856,65.36484500065853,3246.179954998297,13.0
1778236993,40,,Aggregated,26.100000,0.000000,420,500,550,590,670,770,980,1300,2000,3200,3200,26019,0,420.0,381.92442677362686,65.36484500065853,3246.179954998297,13.0
1778236994,40,,Aggregated,26.100000,0.000000,420,500,550,590,670,770,980,1300,2000,3200,3200,26047,0,420.0,382.12897698418254,65.36484500065853,3246.179954998297,13.0
1778236995,40,,Aggregated,26.100000,0.000000,420,500,550,590,670,770,980,1300,2000,3200,3200,26074,0,420.0,382.27347609300466,65.36484500065853,3246.179954998297,13.0
1778236996,40,,Aggregated,26.200000,0.000000,420,500,550,590,670,770,980,1300,2000,3200,3200,26097,0,420.0,382.3150019568918,65.36484500065853,3246.179954998297,13.0
1778236997,40,,Aggregated,26.000000,0.000000,420,500,550,590,670,770,980,1300,2000,3200,3200,26126,0,420.0,382.5656866752659,65.36484500065853,3246.179954998297,13.0
1778236998,40,,Aggregated,25.900000,0.000000,420,500,550,590,670,770,980,1300,2000,3200,3200,26151,0,420.0,382.6553707634124,65.36484500065853,3246.179954998297,13.0
1778236999,40,,Aggregated,26.000000,0.000000,420,500,550,590,670,770,980,1300,2000,3200,3200,26179,0,420.0,382.84770648103444,65.36484500065853,3246.179954998297,13.0
1778237000,40,,Aggregated,26.200000,0.000000,420,500,550,590,670,770,980,1300,2000,3200,3200,26206,0,420.0,382.95323149122316,65.36484500065853,3246.179954998297,13.0
1778237001,40,,Aggregated,25.800000,0.000000,420,500,550,590,670,770,980,1300,2000,3200,3200,26229,0,420.0,383.0868281288647,65.36484500065853,3246.179954998297,13.0
1778237002,40,,Aggregated,26.200000,0.000000,420,500,550,590,670,770,980,1300,2000,3200,3200,26257,0,420.0,383.2596341932813,65.36484500065853,3246.179954998297,13.0
1778237003,40,,Aggregated,26.000000,0.000000,420,500,550,590,670,770,980,1300,2000,3200,3200,26282,0,420.0,383.3406482368915,65.36484500065853,3246.179954998297,13.0
1778237004,40,,Aggregated,26.100000,0.000000,420,500,560,590,670,770,980,1300,2000,3200,3200,26308,0,420.0,383.5365780347798,65.36484500065853,3246.179954998297,13.0
1778237005,40,,Aggregated,26.100000,0.000000,420,500,560,590,670,770,980,1300,2000,3200,3200,26336,0,420.0,383.67723974654405,65.36484500065853,3246.179954998297,13.0
1778237006,40,,Aggregated,26.000000,0.000000,420,500,560,590,670,770,980,1300,2000,3200,3200,26362,0,420.0,383.8515347843101,65.36484500065853,3246.179954998297,13.0
1778237007,40,,Aggregated,26.100000,0.000000,420,500,560,590,670,770,980,1300,2000,3200,3200,26387,0,420.0,383.9685491266527,65.36484500065853,3246.179954998297,13.0
1778237008,40,,Aggregated,26.100000,0.000000,420,500,560,590,670,770,980,1300,2000,3200,3200,26412,0,420.0,384.1201033140612,65.36484500065853,3246.179954998297,13.0
1778237009,40,,Aggregated,26.200000,0.000000,420,500,560,590,670,770,980,1300,2000,3200,3200,26438,0,420.0,384.27257569176885,65.36484500065853,3246.179954998297,13.0
1778237010,40,,Aggregated,26.100000,0.000000,420,500,560,590,670,770,980,1300,2000,3200,3200,26465,0,420.0,384.4324238992624,65.36484500065853,3246.179954998297,13.0
1778237011,40,,Aggregated,26.300000,0.000000,420,510,560,590,670,770,980,1300,2000,3200,3200,26491,0,420.0,384.5592445297263,65.36484500065853,3246.179954998297,13.0
1778237012,40,,Aggregated,26.000000,0.000000,420,510,560,590,670,770,980,1300,2000,3200,3200,26518,0,420.0,384.72845456282465,65.36484500065853,3246.179954998297,13.0
1778237013,40,,Aggregated,26.300000,0.000000,420,510,560,590,670,770,980,1300,2000,3200,3200,26545,0,420.0,384.8796466306266,65.36484500065853,3246.179954998297,13.0
1778237014,40,,Aggregated,26.100000,0.000000,420,510,560,590,670,770,980,1300,2000,3200,3200,26571,0,420.0,385.0216558580024,65.36484500065853,3246.179954998297,13.0
1778237015,40,,Aggregated,25.800000,0.000000,420,510,560,590,670,770,980,1300,2000,3200,3200,26598,0,420.0,385.20785881378237,65.36484500065853,3246.179954998297,13.0
1778237016,40,,Aggregated,26.200000,0.000000,420,510,560,590,670,770,980,1300,2000,3200,3200,26623,0,420.0,385.32336967588105,65.36484500065853,3246.179954998297,13.0
1778237017,40,,Aggregated,26.100000,0.000000,420,510,560,590,670,770,980,1300,2000,3200,3200,26647,0,420.0,385.4723944985921,65.36484500065853,3246.179954998297,13.0
1778237018,40,,Aggregated,26.000000,0.000000,420,510,560,590,670,770,980,1300,2000,3200,3200,26673,0,420.0,385.62027752299997,65.36484500065853,3246.179954998297,13.0
1778237019,40,,Aggregated,26.000000,0.000000,420,510,560,590,670,770,980,1300,2000,3200,3200,26700,0,420.0,385.7624376283512,65.36484500065853,3246.179954998297,13.0
1778237020,40,,Aggregated,26.000000,0.000000,420,510,560,590,670,770,980,1200,2000,3200,3200,26727,0,420.0,385.969670356081,65.36484500065853,3246.179954998297,13.0
1778237021,40,,Aggregated,26.100000,0.000000,420,510,560,590,670,770,980,1200,2000,3200,3200,26751,0,420.0,386.06336882056655,65.36484500065853,3246.179954998297,13.0
1778237022,40,,Aggregated,26.000000,0.000000,420,510,560,590,670,770,980,1200,2000,3200,3200,26777,0,420.0,386.2741566986582,65.36484500065853,3246.179954998297,13.0
1778237023,40,,Aggregated,25.800000,0.000000,420,510,560,590,670,770,980,1200,2000,3200,3200,26806,0,420.0,386.4224944740718,65.36484500065853,3246.179954998297,13.0
1778237024,40,,Aggregated,25.800000,0.000000,420,510,560,590,670,770,980,1200,2000,3200,3200,26830,0,420.0,386.57287539418417,65.36484500065853,3246.179954998297,13.0
1778237025,40,,Aggregated,26.400000,0.000000,420,510,560,590,670,770,980,1200,2000,3200,3200,26855,0,420.0,386.73087954667534,65.36484500065853,3246.179954998297,13.0
1778237026,40,,Aggregated,25.800000,0.000000,420,510,560,590,670,770,980,1200,2000,3200,3200,26885,0,420.0,386.86381270872096,65.36484500065853,3246.179954998297,13.0
1778237027,40,,Aggregated,25.900000,0.000000,420,510,560,590,670,770,980,1200,2000,3200,3200,26909,0,420.0,386.95359640038504,65.36484500065853,3246.179954998297,13.0
1778237028,40,,Aggregated,26.100000,0.000000,420,510,560,590,670,770,980,1200,2000,3200,3200,26933,0,420.0,387.14239363034073,65.36484500065853,3246.179954998297,13.0
1778237029,40,,Aggregated,26.000000,0.000000,430,510,560,590,670,770,980,1200,2000,3200,3200,26962,0,430.0,387.3096989923953,65.36484500065853,3246.179954998297,13.0
1778237030,40,,Aggregated,25.800000,0.000000,430,510,560,590,670,770,980,1200,2000,3200,3200,26988,0,430.0,387.4373785586543,65.36484500065853,3246.179954998297,13.0
1778237031,40,,Aggregated,26.000000,0.000000,430,510,560,590,670,770,980,1200,2000,3200,3200,27013,0,430.0,387.6020107237244,65.36484500065853,3246.179954998297,13.0
1778237032,40,,Aggregated,25.900000,0.000000,430,510,560,590,670,770,980,1200,2000,3200,3200,27039,0,430.0,387.7328387284652,65.36484500065853,3246.179954998297,13.0
1778237033,40,,Aggregated,25.800000,0.000000,430,510,560,590,670,770,970,1200,2000,3200,3200,27064,0,430.0,387.8804809218874,65.36484500065853,3246.179954998297,13.0
1778237034,40,,Aggregated,26.100000,0.000000,430,510,560,590,670,770,970,1200,2000,3200,3200,27089,0,430.0,388.04786805227076,65.36484500065853,3246.179954998297,13.0
1778237035,40,,Aggregated,25.700000,0.000000,430,510,560,590,670,770,970,1200,2000,3200,3200,27116,0,430.0,388.2069528008909,65.36484500065853,3246.179954998297,13.0
1778237036,40,,Aggregated,26.100000,0.000000,430,510,560,590,670,770,970,1200,2000,3200,3200,27143,0,430.0,388.3108690759295,65.36484500065853,3246.179954998297,13.0
1778237037,40,,Aggregated,26.100000,0.000000,430,510,560,590,670,770,970,1200,2000,3200,3200,27170,0,430.0,388.4180813397478,65.36484500065853,3246.179954998297,13.0
1778237038,40,,Aggregated,25.700000,0.000000,430,510,560,590,670,770,970,1200,2000,3200,3200,27194,0,430.0,388.58218513385134,65.36484500065853,3246.179954998297,13.0
1778237039,40,,Aggregated,26.000000,0.000000,430,510,560,590,670,770,970,1200,2000,3200,3200,27222,0,430.0,388.71673200260653,65.36484500065853,3246.179954998297,13.0
1778237040,40,,Aggregated,26.000000,0.000000,430,510,560,590,670,770,970,1200,2000,3200,3200,27246,0,430.0,388.8353090592361,65.36484500065853,3246.179954998297,13.0
1778237041,40,,Aggregated,25.800000,0.000000,430,510,560,590,670,770,970,1200,2000,3200,3200,27277,0,430.0,389.0143115393538,65.36484500065853,3246.179954998297,13.0
1778237042,40,,Aggregated,26.100000,0.000000,430,510,560,590,670,770,970,1200,2000,3200,3200,27301,0,430.0,389.09652668440543,65.36484500065853,3246.179954998297,13.0
1778237043,40,,Aggregated,26.100000,0.000000,430,510,560,590,670,770,970,1200,2000,3200,3200,27325,0,430.0,389.2209116019381,65.36484500065853,3246.179954998297,13.0
1778237044,40,,Aggregated,26.100000,0.000000,430,510,560,590,670,770,970,1200,2000,3200,3200,27352,0,430.0,389.39566840823215,65.36484500065853,3246.179954998297,13.0
1778237045,40,,Aggregated,26.100000,0.000000,430,510,560,590,670,770,970,1200,2000,3200,3200,27380,0,430.0,389.5383969462368,65.36484500065853,3246.179954998297,13.0
1778237046,40,,Aggregated,26.000000,0.000000,430,510,560,590,670,770,970,1200,2000,3200,3200,27406,0,430.0,389.6608836263579,65.36484500065853,3246.179954998297,13.0
1778237047,40,,Aggregated,26.200000,0.000000,430,510,560,590,670,770,970,1200,2000,3200,3200,27430,0,430.0,389.8010714308042,65.36484500065853,3246.179954998297,13.0
1778237048,40,,Aggregated,26.500000,0.000000,430,510,560,590,670,770,970,1200,2000,3200,3200,27458,0,430.0,389.94156409323205,65.36484500065853,3246.179954998297,13.0
1778237049,40,,Aggregated,26.100000,0.000000,430,510,560,590,670,770,970,1200,2000,3200,3200,27483,0,430.0,390.0579178734843,65.36484500065853,3246.179954998297,13.0
1778237050,40,,Aggregated,26.300000,0.000000,430,510,560,590,670,770,970,1200,2000,3200,3200,27509,0,430.0,390.2229258401967,65.36484500065853,3246.179954998297,13.0
1778237051,40,,Aggregated,26.200000,0.000000,430,510,560,590,670,770,970,1200,2000,3200,3200,27537,0,430.0,390.3805202125497,65.36484500065853,3246.179954998297,13.0
1778237052,40,,Aggregated,25.900000,0.000000,430,510,560,590,670,770,970,1200,2000,3200,3200,27563,0,430.0,390.44729372045805,65.36484500065853,3246.179954998297,13.0
1778237053,40,,Aggregated,26.200000,0.000000,430,510,560,590,670,770,970,1200,2000,3200,3200,27588,0,430.0,390.59071859471476,65.36484500065853,3246.179954998297,13.0
1778237054,40,,Aggregated,26.000000,0.000000,430,510,560,590,670,770,970,1200,2000,3200,3200,27614,0,430.0,390.72185807959687,65.36484500065853,3246.179954998297,13.0
1778237055,40,,Aggregated,26.100000,0.000000,430,510,560,590,670,770,970,1200,2000,3200,3200,27641,0,430.0,390.87937452574033,65.36484500065853,3246.179954998297,13.0
1778237056,40,,Aggregated,26.100000,0.000000,430,510,560,590,670,770,970,1200,2000,3200,3200,27667,0,430.0,391.0514238009538,65.36484500065853,3246.179954998297,13.0
1778237057,40,,Aggregated,26.000000,0.000000,430,510,560,590,670,770,970,1200,2000,3200,3200,27692,0,430.0,391.1235477911308,65.36484500065853,3246.179954998297,13.0
1778237058,40,,Aggregated,26.000000,0.000000,430,510,560,590,670,770,970,1200,2000,3200,3200,27719,0,430.0,391.2922683660666,65.36484500065853,3246.179954998297,13.0
1778237059,40,,Aggregated,26.000000,0.000000,430,510,560,590,670,770,970,1200,2000,3200,3200,27745,0,430.0,391.4118597298252,65.36484500065853,3246.179954998297,13.0
1778237060,40,,Aggregated,25.900000,0.000000,430,510,560,590,670,770,970,1200,2000,3200,3200,27771,0,430.0,391.54470153743137,65.36484500065853,3246.179954998297,13.0
1778237061,40,,Aggregated,26.000000,0.000000,430,510,560,590,670,770,970,1200,2000,3200,3200,27799,0,430.0,391.7149259830933,65.36484500065853,3246.179954998297,13.0
1778237062,40,,Aggregated,26.000000,0.000000,430,510,560,590,670,770,970,1200,2000,3200,3200,27825,0,430.0,391.8151162333155,65.36484500065853,3246.179954998297,13.0
1778237063,40,,Aggregated,26.100000,0.000000,430,510,560,590,670,770,970,1200,2000,3200,3200,27851,0,430.0,391.9229146494919,65.36484500065853,3246.179954998297,13.0
1778237064,40,,Aggregated,26.200000,0.000000,430,510,560,590,670,770,970,1200,2000,3200,3200,27878,0,430.0,392.105114424349,65.36484500065853,3246.179954998297,13.0
1778237065,40,,Aggregated,26.000000,0.000000,430,510,560,590,670,770,970,1200,2000,3200,3200,27901,0,430.0,392.2027938927998,65.36484500065853,3246.179954998297,13.0
1778237066,40,,Aggregated,26.200000,0.000000,430,510,560,590,670,770,970,1200,2000,3200,3200,27928,0,430.0,392.35313452105385,65.36484500065853,3246.179954998297,13.0
1778237067,40,,Aggregated,26.000000,0.000000,430,510,560,590,670,770,970,1200,2000,3200,3200,27954,0,430.0,392.5035660370249,65.36484500065853,3246.179954998297,13.0
1778237068,40,,Aggregated,25.900000,0.000000,430,510,560,590,670,770,970,1200,2000,3200,3200,27983,0,430.0,392.63417232480407,65.36484500065853,3246.179954998297,13.0
1778237069,40,,Aggregated,26.000000,0.000000,430,510,560,590,670,770,970,1200,2000,3200,3200,28007,0,430.0,392.73193923315597,65.36484500065853,3246.179954998297,13.0
1778237070,40,,Aggregated,26.100000,0.000000,430,510,560,590,670,770,970,1200,2000,3200,3200,28032,0,430.0,392.8977311728381,65.36484500065853,3246.179954998297,13.0
1778237071,40,,Aggregated,26.300000,0.000000,430,510,560,590,670,770,970,1200,2000,3200,3200,28060,0,430.0,393.0232137476121,65.36484500065853,3246.179954998297,13.0
1778237072,40,,Aggregated,26.200000,0.000000,430,510,560,590,670,770,970,1200,2000,3200,3200,28085,0,430.0,393.14706306419765,65.36484500065853,3246.179954998297,13.0
1778237073,40,,Aggregated,26.000000,0.000000,430,510,560,590,670,770,970,1200,2000,3200,3200,28111,0,430.0,393.2742115855356,65.36484500065853,3246.179954998297,13.0
1778237074,40,,Aggregated,26.100000,0.000000,430,510,560,590,670,770,970,1200,2000,3200,3200,28138,0,430.0,393.40493809851404,65.36484500065853,3246.179954998297,13.0
1778237075,40,,Aggregated,26.000000,0.000000,430,510,560,590,680,770,970,1200,2000,3200,3200,28164,0,430.0,393.55146584678994,65.36484500065853,3246.179954998297,13.0
1778237076,40,,Aggregated,26.000000,0.000000,430,510,560,590,680,770,970,1200,2000,3200,3200,28188,0,430.0,393.64773062551404,65.36484500065853,3246.179954998297,13.0
1778237077,40,,Aggregated,26.000000,0.000000,430,510,560,590,680,770,970,1200,2000,3200,3200,28214,0,430.0,393.8184610045008,65.36484500065853,3246.179954998297,13.0
1778237078,40,,Aggregated,26.300000,0.000000,430,510,560,590,680,770,970,1200,2000,3200,3200,28243,0,430.0,393.93911649424615,65.36484500065853,3246.179954998297,13.0
1778237079,40,,Aggregated,26.000000,0.000000,430,510,560,590,680,770,970,1200,2000,3200,3200,28266,0,430.0,394.0639733971203,65.36484500065853,3246.179954998297,13.0
1778237080,40,,Aggregated,26.100000,0.000000,430,510,560,590,680,770,970,1200,2000,3200,3200,28294,0,430.0,394.2351435810417,65.36484500065853,3246.179954998297,13.0
1778237081,40,,Aggregated,25.900000,0.000000,430,510,560,590,680,770,970,1200,2000,3200,3200,28320,0,430.0,394.3246500483403,65.36484500065853,3246.179954998297,13.0
1778237082,40,,Aggregated,25.900000,0.000000,430,510,560,590,680,770,970,1200,2000,3200,3200,28346,0,430.0,394.4685051350103,65.36484500065853,3246.179954998297,13.0
1778237084,40,,Aggregated,26.100000,0.000000,430,510,560,590,680,770,970,1200,2000,3200,3200,28372,0,430.0,394.6113475953759,65.36484500065853,3246.179954998297,13.0
1778237085,40,,Aggregated,25.900000,0.000000,430,510,560,590,680,770,970,1200,2000,3200,3200,28398,0,430.0,394.7111973572788,65.36484500065853,3246.179954998297,13.0
1778237086,40,,Aggregated,26.000000,0.000000,430,510,560,590,680,770,970,1200,2000,3200,3200,28424,0,430.0,394.83774126752076,65.36484500065853,3246.179954998297,13.0
1778237087,40,,Aggregated,26.000000,0.000000,430,510,560,590,680,770,970,1200,2000,3200,3200,28451,0,430.0,394.9423868064396,65.36484500065853,3246.179954998297,13.0
1778237088,40,,Aggregated,26.000000,0.000000,430,510,560,590,680,770,970,1200,2000,3200,3200,28477,0,430.0,395.1069274918358,65.36484500065853,3246.179954998297,13.0
1778237089,40,,Aggregated,26.100000,0.000000,430,510,560,590,680,770,970,1200,2000,3200,3200,28503,0,430.0,395.2327364439185,65.36484500065853,3246.179954998297,13.0
1778237090,40,,Aggregated,26.100000,0.000000,430,510,560,590,680,770,970,1200,2000,3200,3200,28527,0,430.0,395.2297793870024,65.36484500065853,3246.179954998297,13.0
1778237091,40,,Aggregated,25.900000,0.000000,430,510,560,590,680,770,970,1200,2000,3200,3200,28554,0,430.0,395.4432691438337,65.36484500065853,3246.179954998297,13.0
1778237092,40,,Aggregated,25.900000,0.000000,430,510,560,590,680,770,980,1200,2000,3200,3200,28578,0,430.0,395.6006295932545,65.36484500065853,3246.179954998297,13.0
1778237093,40,,Aggregated,25.800000,0.000000,430,510,560,590,680,770,980,1200,2000,3200,3200,28609,0,430.0,395.8008049590698,65.36484500065853,3246.179954998297,13.0
1778237094,40,,Aggregated,25.800000,0.000000,430,510,560,590,680,770,980,1300,2000,3200,3200,28632,0,430.0,395.8460133129724,65.36484500065853,3246.179954998297,13.0
1778237095,40,,Aggregated,26.200000,0.000000,430,510,560,590,680,770,980,1300,2000,3200,3200,28657,0,430.0,395.8706699863567,65.36484500065853,3246.179954998297,13.0
1778237096,40,,Aggregated,26.200000,0.000000,430,510,560,590,680,780,980,1300,2000,3200,3200,28684,0,430.0,396.084651860376,65.36484500065853,3246.179954998297,13.0
1778237097,40,,Aggregated,25.800000,0.000000,430,510,560,590,680,780,980,1300,2000,3200,3200,28709,0,430.0,396.28057146337477,65.36484500065853,3246.179954998297,13.0
1778237098,40,,Aggregated,26.100000,0.000000,430,510,560,590,680,780,980,1300,2000,3200,3200,28736,0,430.0,396.3492478889205,65.36484500065853,3246.179954998297,13.0
1778237099,40,,Aggregated,25.800000,0.000000,430,510,560,590,680,780,990,1300,2000,3200,3200,28763,0,430.0,396.5076283543102,65.36484500065853,3246.179954998297,13.0
1778237100,40,,Aggregated,25.700000,0.000000,430,510,560,590,680,780,990,1300,2000,3200,3200,28790,0,430.0,396.69022089090026,65.36484500065853,3246.179954998297,13.0
1778237101,40,,Aggregated,26.000000,0.000000,430,510,560,590,680,780,990,1300,2000,3200,3200,28812,0,430.0,396.72599592444203,65.36484500065853,3246.179954998297,13.0
1778237102,40,,Aggregated,26.000000,0.000000,430,510,560,590,680,780,990,1300,2000,3200,3200,28841,0,430.0,396.978889503,65.36484500065853,3246.179954998297,13.0
1778237103,40,,Aggregated,25.800000,0.000000,430,510,560,590,680,780,990,1300,2000,3200,3200,28869,0,430.0,397.0394685380519,65.36484500065853,3246.179954998297,13.0
1778237104,40,,Aggregated,26.200000,0.000000,430,510,560,590,680,780,990,1300,2000,3200,3200,28894,0,430.0,397.1892984086669,65.36484500065853,3246.179954998297,13.0
1778237105,40,,Aggregated,25.800000,0.000000,430,510,560,590,680,780,990,1300,2000,3200,3200,28920,0,430.0,397.33107374007665,65.36484500065853,3246.179954998297,13.0
1778237106,40,,Aggregated,25.900000,0.000000,430,510,560,590,680,780,990,1300,2000,3200,3200,28947,0,430.0,397.433202169759,65.36484500065853,3246.179954998297,13.0
1778237107,40,,Aggregated,26.200000,0.000000,430,510,560,590,680,780,990,1300,2000,3200,3200,28972,0,430.0,397.55811493859676,65.36484500065853,3246.179954998297,13.0
1778237108,40,,Aggregated,25.900000,0.000000,430,510,560,590,680,780,990,1300,2000,3200,3200,29001,0,430.0,397.69359922851015,65.36484500065853,3246.179954998297,13.0
1778237109,40,,Aggregated,26.100000,0.000000,430,510,560,590,680,780,990,1300,2000,3200,3200,29023,0,430.0,397.78365520976536,65.36484500065853,3246.179954998297,13.0
1778237110,40,,Aggregated,26.400000,0.000000,430,510,560,590,680,780,990,1300,2000,3200,3200,29051,0,430.0,397.9232549189018,65.36484500065853,3246.179954998297,13.0
1778237111,40,,Aggregated,26.000000,0.000000,430,510,560,590,680,780,990,1300,2000,3200,3200,29077,0,430.0,397.9987300142729,65.36484500065853,3246.179954998297,13.0
1778237112,40,,Aggregated,26.100000,0.000000,430,510,560,590,680,780,990,1300,2000,3200,3200,29102,0,430.0,398.1216532183018,65.36484500065853,3246.179954998297,13.0
1778237113,40,,Aggregated,26.300000,0.000000,430,510,560,590,680,780,990,1300,2000,3200,3200,29130,0,430.0,398.24183667624544,65.36484500065853,3246.179954998297,13.0
1778237114,40,,Aggregated,26.000000,0.000000,430,510,560,590,680,780,990,1300,2000,3200,3200,29155,0,430.0,398.3582574945646,65.36484500065853,3246.179954998297,13.0
1778237115,40,,Aggregated,26.200000,0.000000,430,510,560,590,680,780,990,1300,2000,3200,3200,29181,0,430.0,398.5098855981643,65.36484500065853,3246.179954998297,13.0
1778237116,40,,Aggregated,26.200000,0.000000,430,510,560,590,680,780,990,1300,2000,3200,3200,29207,0,430.0,398.5988698124433,65.36484500065853,3246.179954998297,13.0
1778237117,40,,Aggregated,26.200000,0.000000,430,510,560,590,680,780,990,1300,2000,3200,3200,29234,0,430.0,398.7550666868041,65.36484500065853,3246.179954998297,13.0
1778237118,40,,Aggregated,26.000000,0.000000,430,510,560,590,680,780,990,1300,2000,3200,3200,29261,0,430.0,398.8643244392203,65.36484500065853,3246.179954998297,13.0
1778237119,40,,Aggregated,26.300000,0.000000,430,510,560,590,680,780,990,1300,2000,3200,3200,29288,0,430.0,398.9676348937459,65.36484500065853,3246.179954998297,13.0
1778237120,40,,Aggregated,26.000000,0.000000,430,510,560,590,680,780,990,1300,2000,3200,3200,29311,0,430.0,399.04586553103036,65.36484500065853,3246.179954998297,13.0
1778237121,40,,Aggregated,26.400000,0.000000,430,510,560,590,680,780,990,1300,2000,3200,3200,29340,0,430.0,399.2266000502054,65.36484500065853,3246.179954998297,13.0
1778237122,40,,Aggregated,26.000000,0.000000,430,510,560,590,680,780,990,1300,2000,3200,3200,29367,0,430.0,399.3298071080473,65.36484500065853,3246.179954998297,13.0
1778237123,40,,Aggregated,26.000000,0.000000,430,510,560,590,680,780,990,1300,2000,3200,3200,29391,0,430.0,399.45552256241785,65.36484500065853,3246.179954998297,13.0
1778237124,40,,Aggregated,26.400000,0.000000,430,510,560,590,680,780,990,1300,2000,3200,3200,29417,0,430.0,399.55612782428597,65.36484500065853,3246.179954998297,13.0
1778237125,40,,Aggregated,26.100000,0.000000,430,510,560,590,680,780,990,1300,2000,3200,3200,29441,0,430.0,399.62269403080796,65.36484500065853,3246.179954998297,13.0
1778237126,40,,Aggregated,26.100000,0.000000,430,510,560,590,680,780,990,1300,2000,3200,3200,29468,0,430.0,399.74778944061416,65.36484500065853,3246.179954998297,13.0
1778237127,40,,Aggregated,25.900000,0.000000,430,510,560,590,680,780,990,1300,2000,3200,3200,29495,0,430.0,399.88680225214523,65.36484500065853,3246.179954998297,13.0
1778237128,40,,Aggregated,26.200000,0.000000,430,510,560,590,680,780,990,1300,2000,3200,3200,29521,0,430.0,400.1335808323236,65.36484500065853,3246.179954998297,13.0
1778237129,40,,Aggregated,25.600000,0.000000,430,510,560,590,680,780,990,1300,2000,3200,3200,29544,0,430.0,400.146428987714,65.36484500065853,3246.179954998297,13.0
1778237130,40,,Aggregated,25.900000,0.000000,430,510,560,590,680,780,990,1300,2000,3200,3200,29572,0,430.0,400.34182037356345,65.36484500065853,3246.179954998297,13.0
1778237131,40,,Aggregated,25.600000,0.000000,430,510,560,590,680,780,1000,1300,2000,3200,3200,29596,0,430.0,400.424410176376,65.36484500065853,3246.179954998297,13.0
1778237132,40,,Aggregated,25.900000,0.000000,430,510,560,590,680,780,1000,1300,2000,3200,3200,29623,0,430.0,400.58885214026367,65.36484500065853,3246.179954998297,13.0
1778237133,40,,Aggregated,25.800000,0.000000,430,510,560,590,680,780,1000,1300,2000,3200,3200,29650,0,430.0,400.83936852934363,65.36484500065853,3246.179954998297,13.0
1778237134,40,,Aggregated,25.200000,0.000000,430,510,560,590,680,780,1000,1300,2000,3200,3200,29675,0,430.0,400.92261694891437,65.36484500065853,3246.179954998297,13.0
1778237135,40,,Aggregated,25.400000,0.000000,430,510,560,590,680,780,1000,1300,2000,3200,3200,29699,0,430.0,400.93451522452045,65.36484500065853,3246.179954998297,13.0
1778237136,40,,Aggregated,25.700000,0.000000,430,510,560,590,680,780,1000,1300,2000,3200,3200,29729,0,430.0,401.2374073142397,65.36484500065853,3246.179954998297,13.0
1778237137,40,,Aggregated,25.600000,0.000000,430,510,560,590,680,780,1000,1300,2000,3200,3200,29754,0,430.0,401.2385602921297,65.36484500065853,3246.179954998297,13.0
1778237138,40,,Aggregated,25.700000,0.000000,430,510,560,590,680,780,1000,1300,2000,3200,3200,29780,0,430.0,401.3659768247156,65.36484500065853,3246.179954998297,13.0
1778237139,40,,Aggregated,26.300000,0.000000,430,510,560,590,680,780,1000,1300,2000,3200,3200,29808,0,430.0,401.5371142749609,65.36484500065853,3246.179954998297,13.0
1778237140,40,,Aggregated,25.600000,0.000000,430,510,560,590,680,780,1000,1300,2000,3200,3200,29832,0,430.0,401.6141199666141,65.36484500065853,3246.179954998297,13.0
1778237141,40,,Aggregated,25.800000,0.000000,430,510,560,590,680,780,1000,1300,2000,3200,3200,29857,0,430.0,401.7556769726373,65.36484500065853,3246.179954998297,13.0
1778237142,40,,Aggregated,26.000000,0.000000,430,510,560,590,680,780,1000,1300,2000,3200,3200,29883,0,430.0,401.8400594457062,65.36484500065853,3246.179954998297,13.0
1778237143,40,,Aggregated,26.200000,0.000000,430,510,560,590,680,780,1000,1300,2000,3200,3200,29912,0,430.0,401.9929726043071,65.36484500065853,3246.179954998297,13.0
1778237144,40,,Aggregated,26.200000,0.000000,430,510,560,590,680,780,1000,1300,2000,3200,3200,29936,0,430.0,402.07490215339504,65.36484500065853,3246.179954998297,13.0
1778237145,40,,Aggregated,26.300000,0.000000,430,510,560,590,680,780,1000,1300,2000,3200,3200,29963,0,430.0,402.23818827517374,65.36484500065853,3246.179954998297,13.0
1778237146,40,,Aggregated,26.000000,0.000000,430,510,560,590,680,780,1000,1300,2000,3200,3200,29992,0,430.0,402.33618722679495,65.36484500065853,3246.179954998297,13.0
1778237147,40,,Aggregated,26.200000,0.000000,430,510,560,590,680,780,1000,1300,2000,3200,3200,30014,0,430.0,402.4446950675694,65.36484500065853,3246.179954998297,13.0
1778237148,40,,Aggregated,26.200000,0.000000,430,510,560,590,680,780,1000,1300,2000,3200,3200,30040,0,430.0,402.591020641246,65.36484500065853,3246.179954998297,13.0
1778237149,40,,Aggregated,25.700000,0.000000,430,510,560,590,680,780,1000,1300,2000,3200,3200,30068,0,430.0,402.67971845028046,65.36484500065853,3246.179954998297,13.0
1778237150,40,,Aggregated,26.000000,0.000000,430,510,560,590,680,780,1000,1300,2000,3200,3200,30095,0,430.0,402.79558711593415,65.36484500065853,3246.179954998297,13.0
1778237151,40,,Aggregated,26.200000,0.000000,430,510,560,590,680,780,1000,1300,2000,3200,3200,30120,0,430.0,402.89914461148857,65.36484500065853,3246.179954998297,13.0
1778237152,40,,Aggregated,26.100000,0.000000,430,510,560,590,680,780,1000,1300,2000,3200,3200,30148,0,430.0,403.0168525348624,65.36484500065853,3246.179954998297,13.0
1778237153,40,,Aggregated,26.000000,0.000000,430,510,560,590,680,780,1000,1300,2000,3200,3200,30173,0,430.0,403.0941875063477,65.36484500065853,3246.179954998297,13.0
1778237154,40,,Aggregated,26.100000,0.000000,430,510,560,590,680,780,1000,1300,2000,3200,3200,30199,0,430.0,403.23705698764974,65.36484500065853,3246.179954998297,13.0
1778237155,40,,Aggregated,26.100000,0.000000,430,510,560,590,680,780,1000,1300,2000,3200,3200,30224,0,430.0,403.38066692135527,65.36484500065853,3246.179954998297,13.0
1778237156,40,,Aggregated,26.100000,0.000000,430,510,560,590,680,780,1000,1300,2000,3200,3200,30249,0,430.0,403.4900248196981,65.36484500065853,3246.179954998297,13.0
1778237157,40,,Aggregated,26.200000,0.000000,430,510,560,590,680,780,1000,1300,2000,3200,3200,30277,0,430.0,403.6153089271079,65.36484500065853,3246.179954998297,13.0
1778237158,40,,Aggregated,25.900000,0.000000,430,510,560,590,680,780,1000,1300,2000,3200,3200,30302,0,430.0,403.7429361423355,65.36484500065853,3246.179954998297,13.0
1778237159,40,,Aggregated,26.100000,0.000000,430,510,560,590,680,780,1000,1300,2000,3200,3200,30327,0,430.0,403.7899846745823,65.36484500065853,3246.179954998297,13.0
1778237160,40,,Aggregated,26.000000,0.000000,430,510,560,590,680,780,1000,1300,2000,3200,3200,30355,0,430.0,403.99826881601234,65.36484500065853,3246.179954998297,13.0
1778237161,40,,Aggregated,26.000000,0.000000,430,510,560,590,680,780,1000,1300,2000,3200,3200,30378,0,430.0,404.1370559683998,65.36484500065853,3246.179954998297,13.0
1778237162,40,,Aggregated,25.700000,0.000000,430,510,560,590,680,780,1000,1300,2000,3200,3200,30405,0,430.0,404.1971431275791,65.36484500065853,3246.179954998297,13.0
1778237163,40,,Aggregated,25.700000,0.000000,430,510,560,590,680,780,1000,1300,2000,3200,3200,30429,0,430.0,404.37269862259836,65.36484500065853,3246.179954998297,13.0
1778237164,40,,Aggregated,25.700000,0.000000,430,510,560,590,680,780,1000,1300,2000,3200,3200,30457,0,430.0,404.4800826992168,65.36484500065853,3246.179954998297,13.0
1778237165,40,,Aggregated,25.600000,0.000000,430,510,560,590,680,780,1000,1300,2000,3200,3200,30481,0,430.0,404.57224555264065,65.36484500065853,3246.179954998297,13.0
1778237166,40,,Aggregated,25.900000,0.000000,430,510,560,590,680,790,1000,1300,2000,3200,3200,30508,0,430.0,404.6608736768075,65.36484500065853,3246.179954998297,13.0
1778237167,40,,Aggregated,25.400000,0.000000,430,510,560,590,680,790,1000,1300,2000,3200,3200,30535,0,430.0,404.84777586428845,65.36484500065853,3246.179954998297,13.0
1778237168,40,,Aggregated,25.600000,0.000000,430,510,560,590,680,790,1000,1300,2000,3200,3200,30560,0,430.0,404.8755713935224,65.36484500065853,3246.179954998297,13.0
1778237169,40,,Aggregated,25.800000,0.000000,430,510,560,590,680,790,1000,1300,2000,3200,3200,30590,0,430.0,405.1336321555099,65.36484500065853,3246.179954998297,13.0
1778237170,40,,Aggregated,25.800000,0.000000,430,510,560,590,680,790,1000,1300,2000,3200,3200,30612,0,430.0,405.1385295544899,65.36484500065853,3246.179954998297,13.0
1778237171,40,,Aggregated,25.700000,0.000000,430,510,560,590,680,790,1000,1300,2000,3200,3200,30640,0,430.0,405.28212354083075,65.36484500065853,3246.179954998297,13.0
1778237172,40,,Aggregated,26.200000,0.000000,430,510,560,590,680,790,1000,1300,2000,3200,3200,30664,0,430.0,405.3954215114158,65.36484500065853,3246.179954998297,13.0
1778237173,40,,Aggregated,26.000000,0.000000,430,510,560,590,680,790,1000,1300,2000,3200,3200,30693,0,430.0,405.50727718994716,65.36484500065853,3246.179954998297,13.0
1778237174,40,,Aggregated,26.100000,0.000000,430,510,560,590,680,790,1000,1300,2000,3200,3200,30717,0,430.0,405.5646539564754,65.36484500065853,3246.179954998297,13.0
1778237175,40,,Aggregated,26.100000,0.000000,430,510,560,590,680,790,1000,1300,2000,3200,3200,30745,0,430.0,405.7164606091413,65.36484500065853,3246.179954998297,13.0
1778237176,40,,Aggregated,25.800000,0.000000,430,510,560,590,680,790,1000,1300,2000,3200,3200,30770,0,430.0,405.81347106561753,65.36484500065853,3246.179954998297,13.0
1778237177,40,,Aggregated,26.200000,0.000000,430,510,560,590,680,790,1000,1300,2000,3200,3200,30795,0,430.0,405.9477510037035,65.36484500065853,3246.179954998297,13.0
1778237178,40,,Aggregated,26.400000,0.000000,430,510,560,590,680,790,1000,1300,2000,3200,3200,30825,0,430.0,406.07512524175365,65.36484500065853,3246.179954998297,13.0
1778237179,40,,Aggregated,26.000000,0.000000,430,510,560,590,680,790,1000,1300,2000,3200,3200,30847,0,430.0,406.17502934671313,65.36484500065853,3246.179954998297,13.0
1778237180,40,,Aggregated,26.200000,0.000000,430,510,560,590,680,790,1000,1300,2000,3200,3200,30873,0,430.0,406.3307157524067,65.36484500065853,3246.179954998297,13.0
1778237181,40,,Aggregated,25.800000,0.000000,430,510,560,590,680,790,1000,1300,2000,3200,3200,30899,0,430.0,406.4252361026589,65.36484500065853,3246.179954998297,13.0
1778237182,40,,Aggregated,25.700000,0.000000,430,510,560,590,680,790,1000,1300,2000,3200,3200,30925,0,430.0,406.5577947061296,65.36484500065853,3246.179954998297,13.0
1778237183,40,,Aggregated,26.000000,0.000000,430,510,560,590,680,790,1000,1300,2000,3200,3200,30953,0,430.0,406.69512359141464,65.36484500065853,3246.179954998297,13.0
1778237184,40,,Aggregated,25.800000,0.000000,430,510,560,590,680,790,1000,1300,2000,3200,3200,30978,0,430.0,406.81764472580744,65.36484500065853,3246.179954998297,13.0
1778237185,40,,Aggregated,25.600000,0.000000,440,510,560,590,680,790,1000,1300,2000,3200,3200,31005,0,440.0,406.9086612516064,65.36484500065853,3246.179954998297,13.0
1778237186,40,,Aggregated,25.800000,0.000000,440,510,560,590,680,790,1000,1300,2000,3200,3200,31029,0,440.0,406.9936273332062,65.36484500065853,3246.179954998297,13.0
1778237187,40,,Aggregated,25.900000,0.000000,440,510,560,590,680,790,1000,1300,2000,3200,3200,31058,0,440.0,407.1337073173111,65.36484500065853,3246.179954998297,13.0
1778237188,40,,Aggregated,25.500000,0.000000,440,510,560,590,680,790,1000,1300,2000,3200,3200,31084,0,440.0,407.20132439396633,65.36484500065853,3246.179954998297,13.0
