Timestamp,User Count,Type,Name,Requests/s,Failures/s,50%,66%,75%,80%,90%,95%,98%,99%,99.9%,99.99%,100%,Total Request Count,Total Failure Count,Total Median Response Time,Total Average Response Time,Total Min Response Time,Total Max Response Time,Total Average Content Size
1778232745,0,,Aggregated,0.000000,0.000000,N/A,N/A,N/A,N/A,N/A,N/A,N/A,N/A,N/A,N/A,N/A,0,0,0,0.0,0,0,0
1778232746,1,,Aggregated,0.000000,0.000000,72,72,72,72,72,72,72,72,72,72,72,1,0,71.54009099940595,71.54009099940595,71.54009099940595,71.54009099940595,13.0
1778232747,2,,Aggregated,0.000000,0.000000,71,71,72,72,72,72,72,72,72,72,72,3,0,71.31287299853284,71.44257833230465,71.31287299853284,71.54009099940595,13.0
1778232748,3,,Aggregated,0.000000,0.000000,71,71,71,71,72,72,72,72,72,72,72,6,0,71,69.63687533273817,66.18164099927526,71.54009099940595,13.0
1778232749,4,,Aggregated,1.000000,0.000000,70,71,71,71,72,72,72,72,72,72,72,10,0,67,68.68490619963268,65.60166900089826,71.54009099940595,13.0
1778232750,5,,Aggregated,2.000000,0.000000,67,70,71,71,71,72,72,72,72,72,72,15,0,67,68.19010959976974,65.60166900089826,71.54009099940595,13.0
1778232751,6,,Aggregated,2.500000,0.000000,68,69,70,70,71,71,72,72,72,72,72,21,0,68,68.20196847599748,65.60166900089826,71.54009099940595,13.0
1778232752,7,,Aggregated,2.800000,0.000000,68,69,70,70,71,72,72,72,72,72,72,28,0,68,68.2723305356246,65.60166900089826,71.54009099940595,13.0
1778232753,8,,Aggregated,3.166667,0.000000,68,69,70,70,71,72,72,72,72,72,72,36,0,68,68.31374088879885,65.60166900089826,72.19641300071089,13.0
1778232754,9,,Aggregated,3.571429,0.000000,68,68,69,70,71,72,120,120,120,120,120,45,0,68,69.3613267776123,65.60166900089826,122.18260999907216,13.0
1778232755,10,,Aggregated,4.000000,0.000000,68,68,69,70,71,72,72,120,120,120,120,55,0,68,69.03559194533128,65.60166900089826,122.18260999907216,13.0
1778232756,11,,Aggregated,4.444444,0.000000,68,68,69,69,71,72,75,120,120,120,120,66,0,68,68.95448037867578,65.60166900089826,122.18260999907216,13.0
1778232757,12,,Aggregated,4.900000,0.000000,68,68,69,69,71,72,88,120,120,120,120,78,0,68,68.99154644857984,65.60166900089826,122.18260999907216,13.0
1778232758,13,,Aggregated,5.700000,0.000000,68,68,69,69,71,72,88,120,120,120,120,91,0,68,68.85236981303264,65.60166900089826,122.18260999907216,13.0
1778232759,14,,Aggregated,6.700000,0.000000,68,68,69,69,71,72,88,110,120,120,120,105,0,68,69.02772917130191,65.3401980016497,122.18260999907216,13.0
1778232760,15,,Aggregated,7.600000,0.000000,68,68,69,69,71,72,88,110,120,120,120,120,0,68,68.77815050822089,65.3401980016497,122.18260999907216,13.0
1778232761,16,,Aggregated,8.500000,0.000000,67,68,68,69,70,72,88,110,120,120,120,135,0,67,68.58740357766456,65.3401980016497,122.18260999907216,13.0
1778232762,17,,Aggregated,9.500000,0.000000,68,68,68,69,70,72,76,110,120,120,120,151,0,68,68.54465585422908,65.3401980016497,122.18260999907216,13.0
1778232763,18,,Aggregated,10.500000,0.000000,68,68,69,69,71,75,110,130,180,180,180,168,0,68,69.71953863685918,65.3401980016497,176.3289470000018,13.0
1778232764,19,,Aggregated,11.500000,0.000000,68,68,69,69,70,75,110,130,180,180,180,185,0,68,69.60943318915048,65.3401980016497,176.3289470000018,13.0
1778232765,20,,Aggregated,12.400000,0.000000,68,68,68,69,70,72,97,120,180,180,180,204,0,68,69.43281927447863,65.3401980016497,176.3289470000018,13.0
1778232766,21,,Aggregated,13.400000,0.000000,68,68,68,69,70,75,97,120,180,180,180,224,0,68,69.48793660710147,65.3401980016497,176.3289470000018,13.0
1778232767,22,,Aggregated,14.400000,0.000000,68,68,69,69,71,81,120,130,180,180,180,245,0,68,70.38058436323344,65.3401980016497,176.3289470000018,13.0
1778232768,23,,Aggregated,15.300000,0.000000,68,68,69,69,75,97,130,150,210,210,210,268,0,68,71.81182550742852,65.3401980016497,213.5914109985606,13.0
1778232769,24,,Aggregated,16.200000,0.000000,68,68,69,70,84,110,150,180,210,210,210,288,0,68,73.59858413189437,65.3401980016497,213.5914109985606,13.0
1778232770,25,,Aggregated,17.000000,0.000000,68,69,70,71,100,130,160,210,1100,1100,1100,311,0,68,81.76944111892519,65.3401980016497,1056.5583539992076,13.0
1778232771,26,,Aggregated,17.700000,0.000000,68,69,71,81,120,160,240,270,1100,1100,1100,335,0,68,87.56107115218786,65.3401980016497,1056.5583539992076,13.0
1778232772,27,,Aggregated,18.500000,0.000000,68,70,76,90,140,190,250,400,1100,1100,1100,352,0,68,91.92075217323877,65.3401980016497,1056.5583539992076,13.0
1778232773,28,,Aggregated,19.100000,0.000000,68,70,87,110,160,250,770,920,1100,1100,1100,367,0,68,111.20578827788076,65.3401980016497,1056.5583539992076,13.0
1778232774,29,,Aggregated,20.000000,0.000000,68,72,110,130,270,610,910,930,1100,1100,1100,393,0,68,141.30316725185583,65.3401980016497,1056.5583539992076,13.0
1778232775,30,,Aggregated,19.900000,0.000000,68,76,110,130,250,570,880,920,1100,1100,1100,418,0,68,139.20960005018503,65.3401980016497,1056.5583539992076,13.0
1778232776,31,,Aggregated,20.100000,0.000000,69,81,120,130,240,550,880,920,1100,1100,1100,447,0,69,137.5823058970534,65.3401980016497,1056.5583539992076,13.0
1778232777,32,,Aggregated,20.700000,0.000000,69,76,110,130,240,530,880,920,1100,1100,1100,478,0,69,133.72021894347998,65.3401980016497,1056.5583539992076,13.0
1778232778,33,,Aggregated,21.800000,0.000000,68,75,110,130,220,500,860,920,1100,1100,1100,510,0,68,129.88842762938563,65.3401980016497,1056.5583539992076,13.0
1778232779,34,,Aggregated,22.400000,0.000000,68,72,100,120,210,470,860,920,1100,1100,1100,543,0,68,126.1731648102953,65.3401980016497,1056.5583539992076,13.0
1778232780,35,,Aggregated,23.400000,0.000000,68,71,94,110,200,430,860,920,1100,1100,1100,577,0,68,122.82918728941502,65.3401980016497,1056.5583539992076,13.0
1778232781,36,,Aggregated,24.500000,0.000000,68,70,89,110,190,420,850,910,1100,1100,1100,610,0,68,120.92893387704609,65.3401980016497,1056.5583539992076,13.0
1778232782,37,,Aggregated,25.600000,0.000000,68,70,83,110,190,400,850,910,1100,1100,1100,646,0,68,118.29046174922047,65.3401980016497,1056.5583539992076,13.0
1778232783,38,,Aggregated,26.900000,0.000000,68,70,81,110,170,380,840,910,1100,1100,1100,680,0,68,115.97711956322415,65.3401980016497,1056.5583539992076,13.0
1778232784,39,,Aggregated,27.900000,0.000000,68,70,79,100,170,360,820,910,1100,1100,1100,716,0,68,113.99128268295351,65.3401980016497,1056.5583539992076,13.0
1778232785,40,,Aggregated,29.900000,0.000000,68,70,75,99,160,320,770,910,1100,1100,1100,753,0,68,111.95499343956524,65.3401980016497,1056.5583539992076,13.0
1778232786,40,,Aggregated,31.500000,0.000000,68,70,73,93,160,310,770,910,1100,1100,1100,791,0,68,110.39023095448098,65.3401980016497,1056.5583539992076,13.0
1778232787,40,,Aggregated,32.800000,0.000000,68,69,72,89,150,290,760,880,1100,1100,1100,829,0,68,109.23339972255339,65.3401980016497,1056.5583539992076,13.0
1778232788,40,,Aggregated,33.600000,0.000000,68,69,71,84,150,270,710,880,1100,1100,1100,866,0,68,107.55860393879634,65.3401980016497,1056.5583539992076,13.0
1778232789,40,,Aggregated,34.400000,0.000000,68,69,71,81,140,250,660,880,1100,1100,1100,903,0,68,106.19586129789225,65.3401980016497,1056.5583539992076,13.0
1778232790,40,,Aggregated,34.900000,0.000000,68,69,71,79,140,250,660,880,1100,1100,1100,940,0,68,104.81842763297306,65.3401980016497,1056.5583539992076,13.0
1778232791,40,,Aggregated,35.600000,0.000000,68,69,71,76,140,240,610,880,1100,1100,1100,977,0,68,103.45633501842391,65.3401980016497,1056.5583539992076,13.0
1778232792,40,,Aggregated,36.200000,0.000000,68,69,71,74,140,240,610,860,1000,1100,1100,1016,0,68,102.2063535639747,65.3401980016497,1056.5583539992076,13.0
1778232793,40,,Aggregated,36.500000,0.000000,68,69,70,73,130,240,570,860,1000,1100,1100,1055,0,68,101.17470283127197,65.3401980016497,1056.5583539992076,13.0
1778232794,40,,Aggregated,36.600000,0.000000,68,69,70,72,130,230,570,860,1000,1100,1100,1093,0,68,100.07014431747102,65.3401980016497,1056.5583539992076,13.0
1778232795,40,,Aggregated,36.900000,0.000000,68,69,70,72,130,220,560,860,1000,1100,1100,1132,0,68,99.02298787102401,65.3401980016497,1056.5583539992076,13.0
1778232796,40,,Aggregated,37.000000,0.000000,68,69,70,72,130,210,550,860,1000,1100,1100,1167,0,68,98.43648904198794,65.3401980016497,1056.5583539992076,13.0
1778232797,40,,Aggregated,36.900000,0.000000,68,69,70,72,130,210,530,850,1000,1100,1100,1204,0,68,97.90160576495053,65.3401980016497,1056.5583539992076,13.0
1778232798,40,,Aggregated,37.100000,0.000000,68,69,71,73,130,210,530,850,1000,1100,1100,1233,0,68,97.79610914030584,65.3401980016497,1056.5583539992076,13.0
1778232799,40,,Aggregated,37.500000,0.000000,69,70,71,78,140,240,570,860,1000,1100,1100,1267,0,69,102.0762421941555,65.3401980016497,1056.5583539992076,13.0
1778232800,40,,Aggregated,37.700000,0.000000,69,70,72,84,150,310,630,870,1000,1100,1100,1295,0,69,107.70572920695042,65.3401980016497,1056.5583539992076,13.0
1778232801,40,,Aggregated,36.400000,0.000000,69,70,72,94,170,360,610,870,1000,1100,1100,1331,0,69,110.34197537942009,65.3401980016497,1056.5583539992076,13.0
1778232802,40,,Aggregated,36.000000,0.000000,69,70,73,95,170,360,610,870,1000,1100,1100,1370,0,69,109.71481075110094,65.3401980016497,1056.5583539992076,13.0
1778232803,40,,Aggregated,35.400000,0.000000,69,70,73,93,160,340,570,860,1000,1100,1100,1407,0,69,108.7901427619096,65.3401980016497,1056.5583539992076,13.0
1778232804,40,,Aggregated,35.400000,0.000000,69,70,76,97,160,330,570,860,1000,1100,1100,1436,0,69,108.98100364206105,65.3401980016497,1056.5583539992076,13.0
1778232805,40,,Aggregated,35.200000,0.000000,69,70,78,100,180,390,710,870,1000,1100,1100,1452,0,69,114.82792474517792,65.3401980016497,1056.5583539992076,13.0
1778232806,40,,Aggregated,35.200000,0.000000,69,70,81,110,210,480,910,1000,1300,1300,1300,1472,0,69,128.20886812703776,65.3401980016497,1341.400409999551,13.0
1778232807,40,,Aggregated,34.100000,0.000000,69,71,88,110,250,580,950,1000,1400,1400,1400,1511,0,69,138.33978545797075,65.3401980016497,1418.2645799992315,13.0
1778232808,40,,Aggregated,32.000000,0.000000,69,71,94,120,250,570,950,1000,1400,1400,1400,1550,0,69,137.96744327032008,65.3401980016497,1418.2645799992315,13.0
1778232809,40,,Aggregated,30.300000,0.000000,69,71,94,120,240,550,940,1000,1400,1400,1400,1587,0,69,136.73242281411225,65.3401980016497,1418.2645799992315,13.0
1778232810,40,,Aggregated,30.500000,0.000000,69,71,90,110,240,550,940,1000,1400,1400,1400,1627,0,69,135.09165573939728,65.3401980016497,1418.2645799992315,13.0
1778232811,40,,Aggregated,31.500000,0.000000,69,71,88,110,230,530,930,1000,1400,1400,1400,1661,0,69,133.77212598254044,65.3401980016497,1418.2645799992315,13.0
1778232812,40,,Aggregated,31.900000,0.000000,69,71,87,110,220,530,930,1000,1400,1400,1400,1697,0,69,132.44111509133913,65.3401980016497,1418.2645799992315,13.0
1778232813,40,,Aggregated,32.600000,0.000000,69,71,84,110,220,520,930,1000,1400,1400,1400,1733,0,69,131.1244540998311,65.3401980016497,1418.2645799992315,13.0
1778232814,40,,Aggregated,32.900000,0.000000,69,70,82,110,210,500,920,1000,1400,1400,1400,1770,0,69,129.82657071130785,65.3401980016497,1418.2645799992315,13.0
1778232815,40,,Aggregated,33.200000,0.000000,69,70,81,100,210,490,920,1000,1400,1400,1400,1808,0,69,128.72420143971834,65.3401980016497,1418.2645799992315,13.0
1778232816,40,,Aggregated,32.900000,0.000000,69,70,80,100,200,480,920,1000,1400,1400,1400,1847,0,69,127.48114522090582,65.3401980016497,1418.2645799992315,13.0
1778232817,40,,Aggregated,34.000000,0.000000,69,70,77,100,190,470,920,1000,1400,1400,1400,1884,0,69,126.34597461731171,65.3401980016497,1418.2645799992315,13.0
1778232818,40,,Aggregated,35.700000,0.000000,69,70,76,99,190,440,910,1000,1400,1400,1400,1921,0,69,125.26200518220655,65.3401980016497,1418.2645799992315,13.0
1778232819,40,,Aggregated,37.200000,0.000000,69,70,76,98,190,440,910,1000,1400,1400,1400,1957,0,69,124.646845736853,65.3401980016497,1418.2645799992315,13.0
1778232820,40,,Aggregated,37.100000,0.000000,69,70,76,97,190,430,910,1000,1400,1400,1400,1996,0,69,123.85310787175632,65.3401980016497,1418.2645799992315,13.0
1778232821,40,,Aggregated,37.500000,0.000000,69,70,74,97,190,430,910,1000,1300,1400,1400,2033,0,69,122.88674896066419,65.3401980016497,1418.2645799992315,13.0
1778232822,40,,Aggregated,37.100000,0.000000,69,70,73,95,180,420,900,1000,1300,1400,1400,2070,0,69,121.9931769251332,65.3401980016497,1418.2645799992315,13.0
1778232823,40,,Aggregated,37.200000,0.000000,69,70,73,93,180,410,880,1000,1300,1400,1400,2108,0,69,121.05675003416641,65.3401980016497,1418.2645799992315,13.0
1778232824,40,,Aggregated,36.900000,0.000000,69,70,73,91,170,410,880,1000,1300,1400,1400,2146,0,69,120.23229648556593,65.3401980016497,1418.2645799992315,13.0
1778232825,40,,Aggregated,36.900000,0.000000,69,70,73,89,170,400,880,1000,1300,1400,1400,2183,0,69,119.36493125195628,65.3401980016497,1418.2645799992315,13.0
1778232826,40,,Aggregated,37.000000,0.000000,69,70,72,88,170,400,870,1000,1300,1400,1400,2216,0,69,118.64747718186656,65.3401980016497,1418.2645799992315,13.0
1778232827,40,,Aggregated,37.200000,0.000000,69,70,72,86,170,390,870,1000,1300,1400,1400,2256,0,69,117.80855636836131,65.3401980016497,1418.2645799992315,13.0
1778232828,40,,Aggregated,37.500000,0.000000,69,70,72,85,160,380,870,1000,1300,1400,1400,2294,0,69,117.02566084700084,65.3401980016497,1418.2645799992315,13.0
1778232829,40,,Aggregated,37.400000,0.000000,69,70,72,84,160,380,860,990,1300,1400,1400,2330,0,69,116.36028364335847,65.3401980016497,1418.2645799992315,13.0
1778232830,40,,Aggregated,37.300000,0.000000,69,70,72,82,160,370,860,990,1300,1400,1400,2369,0,69,115.59648485606783,65.3401980016497,1418.2645799992315,13.0
1778232831,40,,Aggregated,36.800000,0.000000,69,70,72,81,150,360,850,970,1300,1400,1400,2407,0,69,114.86208417657984,65.3401980016497,1418.2645799992315,13.0
1778232832,40,,Aggregated,37.300000,0.000000,69,70,72,81,150,360,850,970,1300,1400,1400,2444,0,69,114.23690451515225,65.3401980016497,1418.2645799992315,13.0
1778232833,40,,Aggregated,37.100000,0.000000,69,70,72,80,150,360,850,970,1300,1400,1400,2482,0,69,113.57802486705278,65.3401980016497,1418.2645799992315,13.0
1778232834,40,,Aggregated,37.200000,0.000000,69,70,72,78,150,360,840,970,1300,1400,1400,2520,0,69,112.9174778162818,65.3401980016497,1418.2645799992315,13.0
1778232835,40,,Aggregated,37.100000,0.000000,69,70,72,77,140,360,820,970,1300,1400,1400,2557,0,69,112.37079716817901,65.3401980016497,1418.2645799992315,13.0
1778232836,40,,Aggregated,37.600000,0.000000,69,70,72,77,140,330,820,970,1300,1400,1400,2594,0,69,111.79584185622113,65.3401980016497,1418.2645799992315,13.0
1778232837,40,,Aggregated,37.200000,0.000000,69,70,72,78,140,320,820,950,1300,1400,1400,2630,0,69,111.53755744640176,65.3401980016497,1418.2645799992315,13.0
1778232838,40,,Aggregated,37.200000,0.000000,69,70,72,80,140,320,810,950,1300,1400,1400,2657,0,69,111.28123453068677,65.3401980016497,1418.2645799992315,13.0
1778232839,40,,Aggregated,37.300000,0.000000,69,70,72,82,150,360,860,1000,1300,1400,1400,2677,0,69,114.6984109111078,65.3401980016497,1418.2645799992315,13.0
1778232840,40,,Aggregated,37.300000,0.000000,69,70,73,85,170,410,940,1100,1400,1400,1400,2704,0,69,121.72488470895922,65.3401980016497,1418.2645799992315,13.0
1778232841,40,,Aggregated,36.400000,0.000000,69,70,73,86,170,410,950,1100,1400,1400,1400,2705,0,69,122.1378877811558,65.3401980016497,1418.2645799992315,13.0
1778232842,40,,Aggregated,36.400000,0.000000,69,70,73,86,170,410,950,1100,1400,1400,1400,2705,0,69,122.1378877811558,65.3401980016497,1418.2645799992315,13.0
1778232843,40,,Aggregated,36.400000,0.000000,69,70,73,86,170,410,950,1100,1400,1400,1400,2705,0,69,122.1378877811558,65.3401980016497,1418.2645799992315,13.0
1778232844,40,,Aggregated,29.600000,0.000000,69,70,73,86,170,410,950,1100,1400,4200,4200,2706,0,69,123.6576977926925,65.3401980016497,4234.743778999473,13.0
1778232845,40,,Aggregated,29.600000,0.000000,69,70,73,86,170,410,950,1100,1400,4200,4200,2706,0,69,123.6576977926925,65.3401980016497,4234.743778999473,13.0
1778232846,40,,Aggregated,21.800000,0.000000,69,70,73,86,170,410,950,1100,1400,6300,6300,2707,0,69,125.92453896417673,65.3401980016497,6259.996749000493,13.0
1778232847,40,,Aggregated,21.800000,0.000000,69,70,73,86,170,410,950,1100,1400,6300,6300,2707,0,69,125.92453896417673,65.3401980016497,6259.996749000493,13.0
1778232848,40,,Aggregated,14.600000,0.000000,69,70,73,86,170,420,950,1100,4200,7700,7700,2708,0,69,128.7181964771144,65.3401980016497,7691.149083999335,13.0
1778232849,40,,Aggregated,11.000000,0.000000,69,70,73,86,170,420,950,1100,6300,9000,9000,2709,0,69,132.0103783780084,65.3401980016497,9047.238965998986,13.0
1778232850,40,,Aggregated,11.000000,0.000000,69,70,73,86,170,420,950,1100,6300,9000,9000,2709,0,69,132.0103783780084,65.3401980016497,9047.238965998986,13.0
1778232851,40,,Aggregated,7.300000,0.000000,69,70,73,86,180,420,970,1100,7700,10000,10000,2710,0,69,135.72232019078427,65.3401980016497,10191.372691000652,13.0
1778232852,40,,Aggregated,2.600000,0.000000,69,70,73,86,180,430,970,1100,9000,11000,11000,2711,0,69,139.79432293287547,65.3401980016497,11174.921754000025,13.0
1778232853,40,,Aggregated,0.600000,0.000000,69,70,73,87,180,430,980,1100,11000,13000,13000,2713,0,69,148.98886240546463,65.3401980016497,13058.890117999908,13.0
1778232854,40,,Aggregated,0.500000,0.000000,69,70,73,87,180,430,990,1100,12000,14000,14000,2714,0,69,154.03536022292764,65.3401980016497,13845.18393899998,13.0
1778232855,40,,Aggregated,0.600000,0.000000,69,70,73,87,180,430,1000,1100,13000,15000,15000,2715,0,69,159.35723049503753,65.3401980016497,14602.913149001324,13.0
1778232856,40,,Aggregated,0.800000,0.000000,69,70,73,87,180,430,1000,1200,14000,15000,15000,2716,0,69,164.92942343962687,65.3401980016497,15293.433267999717,13.0
1778232857,40,,Aggregated,0.800000,0.000000,69,70,73,88,180,440,1000,1200,15000,17000,17000,2719,0,69,176.88950347702337,65.3401980016497,16767.06993500011,13.0
1778232858,40,,Aggregated,0.900000,0.000000,69,70,73,88,180,440,1000,1200,16000,17000,17000,2722,0,69,183.15732875313174,65.3401980016497,17454.55481299905,13.0
1778232859,40,,Aggregated,0.900000,0.000000,69,70,73,88,180,470,1000,1300,17000,19000,19000,2727,0,69,196.38396184085977,65.3401980016497,18641.71955600068,13.0
1778232860,40,,Aggregated,1.200000,0.000000,69,70,73,88,180,480,1000,1300,19000,20000,20000,2734,0,69,210.3155289411204,65.3401980016497,19827.342290998786,13.0
1778232861,40,,Aggregated,1.400000,0.000000,69,70,73,88,180,480,1000,1300,19000,20000,20000,2741,0,69,217.36641271799334,65.3401980016497,20393.987268000274,13.0
1778232862,40,,Aggregated,1.800000,0.000000,69,70,73,88,190,490,1000,1300,20000,21000,21000,2750,0,69,232.22871396400683,65.3401980016497,21392.90267099932,13.0
1778232863,40,,Aggregated,2.400000,0.000000,69,70,73,88,190,500,1100,1400,21000,22000,22000,2760,0,69,247.67855425362941,65.3401980016497,22427.07504700047,13.0
1778232864,40,,Aggregated,3.100000,0.000000,69,70,73,88,190,510,1100,1400,22000,23000,23000,2773,0,69,263.4608841168478,65.3401980016497,23369.905150000704,13.0
1778232865,40,,Aggregated,3.900000,0.000000,69,70,73,88,190,520,1100,1400,23000,24000,24000,2787,0,69,279.7148404736361,65.3401980016497,24275.10660400003,13.0
1778232867,40,,Aggregated,4.700000,0.000000,69,70,73,87,190,520,1100,4200,24000,25000,25000,2804,0,69,296.1403375453013,65.3401980016497,25062.9772960001,13.0
1778232868,40,,Aggregated,5.900000,0.000000,69,70,73,87,190,530,1100,9000,25000,26000,26000,2822,0,69,322.18684755174485,65.3401980016497,26331.374884999605,13.0
1778232869,40,,Aggregated,7.200000,0.000000,69,70,73,87,190,530,1100,11000,26000,27000,27000,2843,0,69,339.22558181182626,65.3401980016497,27115.472936000515,13.0
1778232870,40,,Aggregated,10.300000,0.000000,69,70,72,86,190,550,1100,14000,28000,28000,28000,2865,0,69,366.37187038639473,65.3401980016497,28386.35477400021,13.0
1778232871,40,,Aggregated,10.300000,0.000000,69,70,72,86,190,550,1100,15000,28000,29000,29000,2887,0,69,384.09722080984585,65.3401980016497,29090.715012000146,13.0
1778232872,40,,Aggregated,12.100000,0.000000,69,70,72,86,190,560,1200,17000,29000,29000,29000,2914,0,69,407.992335984222,65.3401980016497,29090.715012000146,13.0
1778232873,40,,Aggregated,15.300000,0.000000,69,70,72,85,190,570,1200,19000,29000,29000,29000,2945,0,69,426.69308224584654,65.3401980016497,29090.715012000146,13.0
1778232874,40,,Aggregated,15.300000,0.000000,69,70,72,84,190,570,1300,20000,29000,29000,29000,2973,0,69,436.7653899875605,65.3401980016497,29090.715012000146,13.0
1778232875,40,,Aggregated,17.300000,0.000000,69,70,72,83,190,580,1300,19000,28000,29000,29000,3007,0,69,451.2292162850046,65.3401980016497,29090.715012000146,13.0
1778232876,40,,Aggregated,19.400000,0.000000,69,70,72,83,190,580,1300,19000,28000,29000,29000,3042,0,69,459.42145332610517,65.3401980016497,29090.715012000146,13.0
1778232877,40,,Aggregated,23.400000,0.000000,69,70,72,82,190,590,1300,19000,28000,29000,29000,3081,0,69,456.936226037005,65.3401980016497,29090.715012000146,13.0
1778232878,40,,Aggregated,25.500000,0.000000,69,70,72,81,180,580,1300,19000,28000,29000,29000,3116,0,69,452.57735088158216,65.3401980016497,29090.715012000146,13.0
1778232879,40,,Aggregated,27.600000,0.000000,69,70,72,81,180,570,1300,19000,28000,29000,29000,3153,0,69,448.21021677386943,65.3401980016497,29090.715012000146,13.0
1778232880,40,,Aggregated,27.600000,0.000000,69,70,72,83,180,560,1300,19000,28000,29000,29000,3188,0,69,444.45679929423125,65.3401980016497,29090.715012000146,13.0
1778232881,40,,Aggregated,29.300000,0.000000,69,70,72,82,180,550,1300,19000,28000,29000,29000,3228,0,69,439.9337904597287,65.3401980016497,29090.715012000146,13.0
1778232882,40,,Aggregated,32.400000,0.000000,69,70,72,81,170,530,1300,19000,28000,29000,29000,3268,0,69,435.3928477656074,65.3401980016497,29090.715012000146,13.0
1778232883,40,,Aggregated,34.100000,0.000000,69,70,72,80,170,530,1300,19000,28000,29000,29000,3306,0,69,431.18106596370467,65.3401980016497,29090.715012000146,13.0
1778232884,40,,Aggregated,35.200000,0.000000,69,70,72,79,170,520,1300,19000,28000,29000,29000,3341,0,69,427.3885264899737,65.3401980016497,29090.715012000146,13.0
1778232885,40,,Aggregated,35.900000,0.000000,69,70,71,78,170,520,1300,19000,28000,29000,29000,3380,0,69,423.2536542834318,65.3401980016497,29090.715012000146,13.0
1778232886,40,,Aggregated,36.700000,0.000000,69,70,71,77,160,500,1300,18000,28000,29000,29000,3415,0,69,419.62398689253223,65.3401980016497,29090.715012000146,13.0
1778232887,40,,Aggregated,37.200000,0.000000,69,70,71,76,160,490,1200,18000,28000,29000,29000,3452,0,69,415.8680166089239,65.3401980016497,29090.715012000146,13.0
1778232888,40,,Aggregated,37.000000,0.000000,69,70,71,76,160,480,1200,18000,28000,29000,29000,3490,0,69,412.0979858922655,65.3401980016497,29090.715012000146,13.0
1778232889,40,,Aggregated,37.000000,0.000000,69,70,71,76,150,470,1200,18000,28000,29000,29000,3526,0,69,408.6042203488403,65.3401980016497,29090.715012000146,13.0
1778232890,40,,Aggregated,37.100000,0.000000,69,70,71,76,160,440,1200,18000,28000,29000,29000,3564,0,69,405.41236900589774,65.3401980016497,29090.715012000146,13.0
1778232891,40,,Aggregated,37.400000,0.000000,69,70,71,76,150,430,1200,17000,28000,29000,29000,3602,0,69,401.8984960780175,65.3401980016497,29090.715012000146,13.0
1778232892,40,,Aggregated,37.500000,0.000000,69,70,72,76,150,430,1200,17000,28000,29000,29000,3640,0,69,398.4558074642904,65.3401980016497,29090.715012000146,13.0
1778232893,40,,Aggregated,37.200000,0.000000,69,70,72,76,150,430,1100,17000,28000,29000,29000,3675,0,69,395.3482921545602,65.3401980016497,29090.715012000146,13.0
1778232894,40,,Aggregated,36.900000,0.000000,69,70,72,76,150,430,1100,17000,28000,29000,29000,3714,0,69,391.97409804900593,65.3401980016497,29090.715012000146,13.0
1778232895,40,,Aggregated,37.100000,0.000000,69,70,72,76,150,420,1100,17000,28000,29000,29000,3751,0,69,388.8244671482292,65.3401980016497,29090.715012000146,13.0
1778232896,40,,Aggregated,37.100000,0.000000,69,70,72,76,140,410,1100,17000,28000,29000,29000,3788,0,69,385.7255706982605,65.3401980016497,29090.715012000146,13.0
1778232897,40,,Aggregated,36.900000,0.000000,69,70,72,76,140,410,1100,17000,28000,29000,29000,3827,0,69,382.5167280671576,65.3401980016497,29090.715012000146,13.0
1778232898,40,,Aggregated,37.500000,0.000000,69,70,72,76,140,410,1100,17000,28000,29000,29000,3859,0,69,379.93525514952273,65.3401980016497,29090.715012000146,13.0
1778232899,40,,Aggregated,36.900000,0.000000,69,70,72,75,140,400,1100,17000,28000,29000,29000,3898,0,69,376.8538964430491,65.3401980016497,29090.715012000146,13.0
1778232900,40,,Aggregated,37.100000,0.000000,69,70,72,75,140,400,1100,16000,28000,29000,29000,3934,0,69,374.0564539509413,65.3401980016497,29090.715012000146,13.0
1778232901,40,,Aggregated,37.000000,0.000000,69,70,72,75,140,390,1100,16000,28000,29000,29000,3974,0,69,371.0029314038761,65.3401980016497,29090.715012000146,13.0
1778232902,40,,Aggregated,37.000000,0.000000,69,70,72,75,140,390,1100,15000,28000,29000,29000,4012,0,69,368.15315230384135,65.3401980016497,29090.715012000146,13.0
1778232903,40,,Aggregated,37.200000,0.000000,69,70,72,75,140,380,1100,15000,28000,29000,29000,4051,0,69,365.3174607114295,65.3401980016497,29090.715012000146,13.0
1778232904,40,,Aggregated,37.300000,0.000000,69,70,72,75,130,370,1100,15000,28000,29000,29000,4088,0,69,362.6625477299432,65.3401980016497,29090.715012000146,13.0
1778232905,40,,Aggregated,37.200000,0.000000,69,70,72,75,130,370,1100,15000,28000,29000,29000,4126,0,69,359.972299528116,65.3401980016497,29090.715012000146,13.0
1778232906,40,,Aggregated,37.400000,0.000000,69,70,72,75,130,370,1100,15000,28000,29000,29000,4164,0,69,357.3241515252156,65.3401980016497,29090.715012000146,13.0
1778232907,40,,Aggregated,37.500000,0.000000,69,70,72,74,130,360,1100,14000,28000,29000,29000,4201,0,69,354.798399964531,65.3401980016497,29090.715012000146,13.0
1778232908,40,,Aggregated,37.300000,0.000000,69,70,72,74,130,360,1100,14000,28000,29000,29000,4237,0,69,352.37865311163364,65.3401980016497,29090.715012000146,13.0
1778232909,40,,Aggregated,37.600000,0.000000,69,70,72,74,130,360,1100,14000,28000,29000,29000,4275,0,69,349.8718075967234,65.3401980016497,29090.715012000146,13.0
1778232910,40,,Aggregated,37.700000,0.000000,69,70,72,74,130,360,1100,14000,28000,29000,29000,4314,0,69,347.3392472665704,65.3401980016497,29090.715012000146,13.0
1778232911,40,,Aggregated,37.700000,0.000000,69,70,72,74,130,340,1100,14000,28000,29000,29000,4351,0,69,344.9763491360557,65.3401980016497,29090.715012000146,13.0
1778232912,40,,Aggregated,37.500000,0.000000,69,70,72,74,130,330,1100,14000,28000,29000,29000,4387,0,69,342.7168303827165,65.3401980016497,29090.715012000146,13.0
1778232913,40,,Aggregated,36.900000,0.000000,69,70,72,74,130,330,1100,13000,28000,29000,29000,4419,0,69,340.79352887258995,65.3401980016497,29090.715012000146,13.0
1778232914,40,,Aggregated,37.100000,0.000000,69,70,72,74,130,320,1000,13000,28000,29000,29000,4458,0,69,339.0714577207213,65.3401980016497,29090.715012000146,13.0
1778232915,40,,Aggregated,37.100000,0.000000,69,70,72,74,130,320,1000,13000,28000,29000,29000,4497,0,69,336.7268880131138,65.3401980016497,29090.715012000146,13.0
1778232916,40,,Aggregated,36.900000,0.000000,69,70,72,74,130,300,1000,12000,28000,29000,29000,4534,0,69,334.5424347445917,65.3401980016497,29090.715012000146,13.0
1778232917,40,,Aggregated,37.100000,0.000000,69,70,72,74,130,300,1000,12000,28000,29000,29000,4574,0,69,332.21746612570547,65.3401980016497,29090.715012000146,13.0
1778232918,40,,Aggregated,37.200000,0.000000,69,70,72,74,130,290,1000,11000,28000,29000,29000,4612,0,69,330.04662710732345,65.3401980016497,29090.715012000146,13.0
1778232919,40,,Aggregated,37.500000,0.000000,69,70,72,74,130,290,1000,11000,28000,29000,29000,4650,0,69,327.96088492257513,65.3401980016497,29090.715012000146,13.0
1778232920,40,,Aggregated,37.400000,0.000000,69,70,72,74,120,290,1000,11000,28000,29000,29000,4688,0,69,325.8652972930846,65.3401980016497,29090.715012000146,13.0
1778232921,40,,Aggregated,37.400000,0.000000,69,70,72,74,120,280,1000,10000,28000,29000,29000,4726,0,69,323.81532048899254,65.3401980016497,29090.715012000146,13.0
1778232922,40,,Aggregated,36.800000,0.000000,69,70,72,73,120,280,1000,10000,28000,29000,29000,4756,0,69,322.2056977630313,65.3401980016497,29090.715012000146,13.0
1778232923,40,,Aggregated,37.200000,0.000000,69,70,72,73,120,280,1000,10000,28000,29000,29000,4794,0,69,320.21543218084645,65.3401980016497,29090.715012000146,13.0
1778232924,40,,Aggregated,37.200000,0.000000,69,70,72,73,120,280,1000,9000,28000,29000,29000,4831,0,69,318.30368617925524,65.3401980016497,29090.715012000146,13.0
1778232925,40,,Aggregated,36.900000,0.000000,69,70,72,73,120,280,1000,9000,28000,29000,29000,4868,0,69,316.4177133025844,65.3401980016497,29090.715012000146,13.0
1778232926,40,,Aggregated,37.000000,0.000000,69,70,72,73,120,280,1000,8100,28000,29000,29000,4906,0,69,314.51510966999166,65.3401980016497,29090.715012000146,13.0
1778232927,40,,Aggregated,36.900000,0.000000,69,70,72,73,120,270,1000,8100,28000,29000,29000,4943,0,69,312.69094045154344,65.3401980016497,29090.715012000146,13.0
1778232928,40,,Aggregated,36.900000,0.000000,69,70,72,73,120,270,1000,8100,28000,29000,29000,4982,0,69,310.80094991488875,65.3401980016497,29090.715012000146,13.0
1778232929,40,,Aggregated,36.900000,0.000000,69,70,72,74,120,270,1000,7700,28000,29000,29000,5020,0,69,308.98718633146876,65.3401980016497,29090.715012000146,13.0
1778232930,40,,Aggregated,37.000000,0.000000,69,70,72,73,120,270,990,7700,28000,29000,29000,5059,0,69,307.14534910554806,65.3401980016497,29090.715012000146,13.0
1778232931,40,,Aggregated,37.000000,0.000000,69,70,72,73,120,260,990,7700,28000,29000,29000,5097,0,69,305.38128426583694,65.3401980016497,29090.715012000146,13.0
1778232932,40,,Aggregated,37.800000,0.000000,69,70,72,73,120,260,980,6300,28000,29000,29000,5134,0,69,303.68905071230427,65.3401980016497,29090.715012000146,13.0
1778232933,40,,Aggregated,38.000000,0.000000,69,70,72,73,120,250,970,6300,28000,29000,29000,5174,0,69,301.9015145751782,65.3401980016497,29090.715012000146,13.0
1778232934,40,,Aggregated,37.900000,0.000000,69,70,72,73,120,250,970,4200,28000,29000,29000,5213,0,69,300.1652827966565,65.3401980016497,29090.715012000146,13.0
1778232935,40,,Aggregated,38.000000,0.000000,69,70,72,73,110,250,970,4200,28000,29000,29000,5250,0,69,298.5391808870426,65.3401980016497,29090.715012000146,13.0
1778232936,40,,Aggregated,37.200000,0.000000,69,70,72,73,110,250,970,4200,28000,29000,29000,5284,0,69,297.0667474087757,65.3401980016497,29090.715012000146,13.0
1778232937,40,,Aggregated,37.300000,0.000000,69,70,72,73,110,240,950,3500,28000,29000,29000,5316,0,69,295.7065654189187,65.3401980016497,29090.715012000146,13.0
1778232938,40,,Aggregated,37.300000,0.000000,69,70,72,73,110,240,950,3500,28000,29000,29000,5356,0,69,294.03567643502026,65.3401980016497,29090.715012000146,13.0
1778232939,40,,Aggregated,37.200000,0.000000,69,70,72,73,110,240,950,3500,28000,29000,29000,5394,0,69,292.4800719308445,65.3401980016497,29090.715012000146,13.0
1778232940,40,,Aggregated,36.900000,0.000000,69,70,72,73,110,240,950,3000,28000,29000,29000,5431,0,69,290.9656361425101,65.3401980016497,29090.715012000146,13.0
1778232941,40,,Aggregated,36.900000,0.000000,69,70,72,73,110,240,950,3000,28000,29000,29000,5468,0,69,289.46798136905187,65.3401980016497,29090.715012000146,13.0
1778232942,40,,Aggregated,36.900000,0.000000,69,70,72,73,110,230,950,1400,28000,29000,29000,5506,0,69,287.95184684089793,65.3401980016497,29090.715012000146,13.0
1778232943,40,,Aggregated,36.900000,0.000000,69,70,72,73,110,230,950,1400,28000,29000,29000,5544,0,69,286.45657873123906,65.3401980016497,29090.715012000146,13.0
1778232944,40,,Aggregated,37.000000,0.000000,69,70,72,73,110,230,940,1400,28000,29000,29000,5583,0,69,284.95327236754224,65.3401980016497,29090.715012000146,13.0
1778232945,40,,Aggregated,37.200000,0.000000,69,70,72,73,110,230,940,1400,28000,29000,29000,5621,0,69,283.5138742373226,65.3401980016497,29090.715012000146,13.0
1778232946,40,,Aggregated,37.900000,0.000000,69,70,72,73,110,230,930,1400,28000,29000,29000,5659,0,69,282.0824520664411,65.3401980016497,29090.715012000146,13.0
1778232947,40,,Aggregated,37.800000,0.000000,69,70,72,73,110,220,930,1400,28000,29000,29000,5695,0,69,280.7448088500408,65.3401980016497,29090.715012000146,13.0
1778232948,40,,Aggregated,37.800000,0.000000,69,70,72,73,110,220,930,1400,28000,29000,29000,5735,0,69,279.2744890463795,65.3401980016497,29090.715012000146,13.0
1778232949,40,,Aggregated,37.600000,0.000000,69,70,72,73,110,220,920,1400,28000,29000,29000,5774,0,69,277.8667946376832,65.3401980016497,29090.715012000146,13.0
1778232950,40,,Aggregated,37.400000,0.000000,69,70,72,73,110,220,920,1400,28000,29000,29000,5807,0,69,276.68195649870455,65.3401980016497,29090.715012000146,13.0
1778232951,40,,Aggregated,37.300000,0.000000,69,70,72,73,100,220,920,1400,28000,29000,29000,5844,0,69,275.3724501579363,65.3401980016497,29090.715012000146,13.0
1778232952,40,,Aggregated,37.300000,0.000000,69,70,72,73,100,220,920,1400,28000,29000,29000,5880,0,69,274.1154489426827,65.3401980016497,29090.715012000146,13.0
1778232953,40,,Aggregated,37.200000,0.000000,69,70,72,73,100,220,910,1400,28000,29000,29000,5916,0,69,272.87503021618943,65.3401980016497,29090.715012000146,13.0
1778232954,40,,Aggregated,37.100000,0.000000,69,70,72,73,100,210,910,1400,28000,29000,29000,5956,0,69,271.5174625731989,65.3401980016497,29090.715012000146,13.0
1778232955,40,,Aggregated,37.000000,0.000000,69,70,72,73,100,210,910,1400,28000,29000,29000,5991,0,69,270.3475635898809,65.3401980016497,29090.715012000146,13.0
1778232956,40,,Aggregated,37.100000,0.000000,69,70,72,73,100,210,910,1300,27000,29000,29000,6031,0,69,269.02640488624957,65.3401980016497,29090.715012000146,13.0
1778232957,40,,Aggregated,37.000000,0.000000,69,70,72,73,100,210,900,1300,27000,29000,29000,6068,0,69,267.8157882577395,65.3401980016497,29090.715012000146,13.0
1778232958,40,,Aggregated,37.100000,0.000000,69,70,72,73,100,210,880,1300,27000,29000,29000,6106,0,69,266.5892521693356,65.3401980016497,29090.715012000146,13.0
1778232959,40,,Aggregated,37.400000,0.000000,69,70,72,73,99,200,880,1300,27000,29000,29000,6144,0,69,265.3757953872014,65.3401980016497,29090.715012000146,13.0
1778232960,40,,Aggregated,37.800000,0.000000,69,70,72,73,99,200,880,1300,27000,29000,29000,6183,0,69,264.1476781591399,65.3401980016497,29090.715012000146,13.0
1778232961,40,,Aggregated,37.800000,0.000000,69,70,72,73,98,200,870,1300,27000,29000,29000,6221,0,69,262.96527140282274,65.3401980016497,29090.715012000146,13.0
1778232962,40,,Aggregated,37.900000,0.000000,69,70,72,73,97,200,870,1300,27000,29000,29000,6259,0,69,261.79827047051555,65.3401980016497,29090.715012000146,13.0
1778232963,40,,Aggregated,37.400000,0.000000,69,70,72,73,97,200,870,1300,27000,29000,29000,6295,0,69,260.716131826522,65.3401980016497,29090.715012000146,13.0
1778232964,40,,Aggregated,37.600000,0.000000,69,70,72,73,97,190,860,1300,27000,29000,29000,6335,0,69,259.52715762872225,65.3401980016497,29090.715012000146,13.0
1778232965,40,,Aggregated,37.400000,0.000000,69,70,72,73,99,190,860,1300,27000,29000,29000,6363,0,69,258.9078408109312,65.3401980016497,29090.715012000146,13.0
1778232966,40,,Aggregated,37.100000,0.000000,69,70,72,73,99,190,860,1300,27000,29000,29000,6400,0,69,257.9040358746795,65.3401980016497,29090.715012000146,13.0
1778232967,40,,Aggregated,37.100000,0.000000,69,70,72,73,99,190,850,1300,27000,29000,29000,6438,0,69,256.7985820455036,65.3401980016497,29090.715012000146,13.0
1778232968,40,,Aggregated,36.800000,0.000000,69,70,72,73,98,190,850,1300,27000,29000,29000,6476,0,69,255.71627558245098,65.3401980016497,29090.715012000146,13.0
1778232969,40,,Aggregated,36.800000,0.000000,69,70,72,73,98,190,840,1300,27000,29000,29000,6515,0,69,254.62261551296135,65.3401980016497,29090.715012000146,13.0
1778232970,40,,Aggregated,36.900000,0.000000,69,70,72,73,98,190,820,1300,27000,29000,29000,6551,0,69,253.63327532620076,65.3401980016497,29090.715012000146,13.0
1778232971,40,,Aggregated,36.900000,0.000000,69,70,72,73,99,190,820,1300,27000,29000,29000,6591,0,69,252.7226111894917,65.3401980016497,29090.715012000146,13.0
1778232972,40,,Aggregated,36.900000,0.000000,69,70,72,73,100,190,820,1300,27000,29000,29000,6611,0,69,252.48170181393763,65.3401980016497,29090.715012000146,13.0
1778232973,40,,Aggregated,37.500000,0.000000,69,70,72,73,100,210,860,1300,27000,29000,29000,6637,0,69,253.67026794936504,65.3401980016497,29090.715012000146,13.0
1778232974,40,,Aggregated,35.700000,0.000000,69,70,72,74,110,220,910,1300,27000,29000,29000,6663,0,69,255.12742148865848,65.3401980016497,29090.715012000146,13.0
1778232975,40,,Aggregated,34.800000,0.000000,69,70,72,74,110,240,910,1300,27000,29000,29000,6679,0,69,256.3463454145724,65.3401980016497,29090.715012000146,13.0
1778232976,40,,Aggregated,34.100000,0.000000,69,71,72,74,110,250,950,1300,27000,29000,29000,6701,0,69,258.4012007524143,65.3401980016497,29090.715012000146,13.0
1778232977,40,,Aggregated,31.900000,0.000000,69,71,72,74,110,270,1000,1600,27000,29000,29000,6737,0,69,260.9001916652712,65.3401980016497,29090.715012000146,13.0
1778232978,40,,Aggregated,30.000000,0.000000,69,71,72,74,110,270,1000,1600,27000,29000,29000,6773,0,69,260.25201060725317,65.3401980016497,29090.715012000146,13.0
1778232979,40,,Aggregated,29.400000,0.000000,69,71,72,74,110,270,1000,1600,27000,29000,29000,6811,0,69,259.21482230170756,65.3401980016497,29090.715012000146,13.0
1778232980,40,,Aggregated,29.100000,0.000000,69,71,72,74,110,260,1000,1600,27000,29000,29000,6848,0,69,258.1975555562103,65.3401980016497,29090.715012000146,13.0
1778232981,40,,Aggregated,29.300000,0.000000,69,71,72,74,110,260,1000,1600,27000,29000,29000,6885,0,69,257.17725163237947,65.3401980016497,29090.715012000146,13.0
1778232982,40,,Aggregated,28.900000,0.000000,69,71,72,74,110,260,1000,1600,27000,29000,29000,6922,0,69,256.1663322556973,65.3401980016497,29090.715012000146,13.0
1778232983,40,,Aggregated,28.900000,0.000000,69,71,72,74,110,260,1000,1600,27000,29000,29000,6959,0,69,255.16788345537248,65.3401980016497,29090.715012000146,13.0
1778232984,40,,Aggregated,30.700000,0.000000,69,70,72,74,110,250,1000,1600,27000,29000,29000,6998,0,69,254.13061909930633,65.3401980016497,29090.715012000146,13.0
1778232985,40,,Aggregated,31.800000,0.000000,69,70,72,74,110,250,1000,1600,27000,29000,29000,7035,0,69,253.15251827277046,65.3401980016497,29090.715012000146,13.0
1778232986,40,,Aggregated,32.900000,0.000000,69,70,72,74,110,250,1000,1600,27000,29000,29000,7072,0,69,252.1871210500469,65.3401980016497,29090.715012000146,13.0
1778232987,40,,Aggregated,35.100000,0.000000,69,70,72,74,110,240,990,1600,27000,29000,29000,7111,0,69,251.17922301630313,65.3401980016497,29090.715012000146,13.0
1778232988,40,,Aggregated,37.000000,0.000000,69,70,72,74,110,240,990,1600,27000,29000,29000,7149,0,69,250.20794885955175,65.3401980016497,29090.715012000146,13.0
1778232989,40,,Aggregated,37.600000,0.000000,69,70,72,74,110,240,980,1600,27000,29000,29000,7187,0,69,249.24853927827027,65.3401980016497,29090.715012000146,13.0
1778232990,40,,Aggregated,37.500000,0.000000,69,70,72,74,110,240,980,1600,27000,29000,29000,7225,0,69,248.2978967570827,65.3401980016497,29090.715012000146,13.0
1778232991,40,,Aggregated,37.400000,0.000000,69,70,72,73,110,240,970,1600,27000,29000,29000,7262,0,69,247.38242006828978,65.3401980016497,29090.715012000146,13.0
1778232992,40,,Aggregated,37.500000,0.000000,69,70,72,73,110,240,970,1600,27000,29000,29000,7300,0,69,246.45335787615275,65.3401980016497,29090.715012000146,13.0
1778232993,40,,Aggregated,37.400000,0.000000,69,70,72,73,110,230,970,1500,27000,29000,29000,7336,0,69,245.5805562014603,65.3401980016497,29090.715012000146,13.0
1778232994,40,,Aggregated,37.200000,0.000000,69,70,72,73,110,230,970,1500,27000,29000,29000,7374,0,69,244.67140148656296,65.3401980016497,29090.715012000146,13.0
1778232995,40,,Aggregated,37.100000,0.000000,69,70,72,73,110,230,970,1500,27000,29000,29000,7411,0,69,243.79333503061767,65.3401980016497,29090.715012000146,13.0
1778232996,40,,Aggregated,37.200000,0.000000,69,70,72,73,110,230,970,1500,27000,29000,29000,7448,0,69,242.92563061599154,65.3401980016497,29090.715012000146,13.0
1778232997,40,,Aggregated,37.000000,0.000000,69,70,72,73,110,230,950,1500,27000,29000,29000,7485,0,69,242.06774869190468,65.3401980016497,29090.715012000146,13.0
1778232998,40,,Aggregated,37.200000,0.000000,69,70,72,73,100,220,950,1400,27000,29000,29000,7522,0,69,241.2170624224814,65.3401980016497,29090.715012000146,13.0
1778232999,40,,Aggregated,37.200000,0.000000,69,70,72,73,100,220,950,1400,27000,29000,29000,7559,0,69,240.37196145414845,65.3401980016497,29090.715012000146,13.0
1778233000,40,,Aggregated,37.600000,0.000000,69,70,72,73,100,220,950,1400,27000,29000,29000,7598,0,69,239.490871863767,65.3401980016497,29090.715012000146,13.0
1778233001,40,,Aggregated,37.600000,0.000000,69,70,72,73,100,220,950,1400,27000,29000,29000,7635,0,69,238.66333122107457,65.3401980016497,29090.715012000146,13.0
1778233002,40,,Aggregated,37.700000,0.000000,69,70,72,73,100,220,950,1400,27000,29000,29000,7673,0,69,237.8222298288685,65.3401980016497,29090.715012000146,13.0
1778233003,40,,Aggregated,37.600000,0.000000,69,70,72,73,100,220,950,1400,27000,29000,29000,7711,0,69,236.99025596406491,65.3401980016497,29090.715012000146,13.0
1778233004,40,,Aggregated,37.600000,0.000000,69,70,72,73,100,220,950,1400,27000,29000,29000,7750,0,69,236.14535315043955,65.3401980016497,29090.715012000146,13.0
1778233005,40,,Aggregated,37.700000,0.000000,69,70,72,73,100,220,940,1400,27000,29000,29000,7787,0,69,235.35937624167238,65.3401980016497,29090.715012000146,13.0
1778233006,40,,Aggregated,37.500000,0.000000,69,70,72,73,100,210,940,1400,27000,29000,29000,7816,0,69,234.9314535773932,65.3401980016497,29090.715012000146,13.0
1778233007,40,,Aggregated,37.400000,0.000000,69,70,72,73,100,220,950,1400,27000,29000,29000,7827,0,69,235.56978042377725,65.3401980016497,29090.715012000146,13.0
1778233008,40,,Aggregated,36.900000,0.000000,69,70,72,73,110,230,990,1400,27000,29000,29000,7847,0,69,236.90355534164723,65.3401980016497,29090.715012000146,13.0
1778233009,40,,Aggregated,35.000000,0.000000,69,70,72,73,110,260,1000,1600,27000,29000,29000,7880,0,69,240.1583360426277,65.3401980016497,29090.715012000146,13.0
1778233010,40,,Aggregated,33.100000,0.000000,69,70,72,73,110,280,1000,1600,27000,29000,29000,7895,0,69,240.75500145812646,65.3401980016497,29090.715012000146,13.0
1778233011,40,,Aggregated,32.600000,0.000000,69,70,72,74,110,290,1100,1600,27000,29000,29000,7924,0,69,242.1591976562231,65.3401980016497,29090.715012000146,13.0
1778233012,40,,Aggregated,30.300000,0.000000,69,70,72,74,110,300,1100,1600,27000,29000,29000,7961,0,69,243.15301138976292,65.3401980016497,29090.715012000146,13.0
1778233013,40,,Aggregated,29.000000,0.000000,69,70,72,74,110,300,1100,1600,27000,29000,29000,8000,0,69,242.40235378936313,65.3401980016497,29090.715012000146,13.0
1778233014,40,,Aggregated,28.900000,0.000000,69,70,72,74,110,300,1100,1600,26000,29000,29000,8038,0,69,241.60763538801982,65.3401980016497,29090.715012000146,13.0
1778233015,40,,Aggregated,28.900000,0.000000,69,70,72,74,110,290,1100,1600,26000,29000,29000,8076,0,69,240.7934628279971,65.3401980016497,29090.715012000146,13.0
1778233016,40,,Aggregated,28.600000,0.000000,69,70,72,74,110,290,1100,1600,26000,29000,29000,8114,0,69,239.98557362988768,65.3401980016497,29090.715012000146,13.0
1778233017,40,,Aggregated,28.800000,0.000000,69,70,72,74,110,290,1100,1600,26000,29000,29000,8152,0,69,239.18514078862958,65.3401980016497,29090.715012000146,13.0
1778233018,40,,Aggregated,29.200000,0.000000,69,70,72,74,110,290,1100,1600,26000,29000,29000,8189,0,69,238.4152336730859,65.3401980016497,29090.715012000146,13.0
1778233019,40,,Aggregated,31.100000,0.000000,69,70,72,74,110,280,1100,1600,26000,29000,29000,8226,0,69,237.65019687428955,65.3401980016497,29090.715012000146,13.0
1778233020,40,,Aggregated,32.700000,0.000000,69,70,72,74,110,280,1100,1600,26000,29000,29000,8262,0,69,236.91319247372329,65.3401980016497,29090.715012000146,13.0
1778233021,40,,Aggregated,33.400000,0.000000,69,70,72,73,110,280,1100,1600,26000,29000,29000,8299,0,69,236.16274933533012,65.3401980016497,29090.715012000146,13.0
1778233022,40,,Aggregated,35.600000,0.000000,69,70,72,73,110,280,1100,1600,26000,29000,29000,8335,0,69,235.438791820984,65.3401980016497,29090.715012000146,13.0
1778233023,40,,Aggregated,37.000000,0.000000,69,70,72,73,110,280,1100,1600,26000,29000,29000,8372,0,69,234.70206796212395,65.3401980016497,29090.715012000146,13.0
1778233024,40,,Aggregated,37.200000,0.000000,69,70,72,73,110,280,1000,1600,26000,29000,29000,8412,0,69,233.91293686755816,65.3401980016497,29090.715012000146,13.0
1778233025,40,,Aggregated,37.300000,0.000000,69,70,72,73,110,270,1000,1600,26000,29000,29000,8448,0,69,233.20832223637484,65.3401980016497,29090.715012000146,13.0
1778233026,40,,Aggregated,37.600000,0.000000,69,70,72,73,110,270,1000,1600,26000,29000,29000,8487,0,69,232.45138985341092,65.3401980016497,29090.715012000146,13.0
1778233027,40,,Aggregated,37.700000,0.000000,69,70,72,73,110,270,1000,1600,26000,29000,29000,8523,0,69,231.7601576347419,65.3401980016497,29090.715012000146,13.0
1778233028,40,,Aggregated,37.800000,0.000000,69,70,72,73,110,270,1000,1600,26000,29000,29000,8562,0,69,231.01849624081996,65.3401980016497,29090.715012000146,13.0
1778233029,40,,Aggregated,37.600000,0.000000,69,70,72,73,110,270,1000,1600,26000,29000,29000,8600,0,69,230.30104660045285,65.3401980016497,29090.715012000146,13.0
1778233030,40,,Aggregated,37.800000,0.000000,69,70,72,73,110,260,1000,1600,26000,29000,29000,8638,0,69,229.59315728894336,65.3401980016497,29090.715012000146,13.0
1778233031,40,,Aggregated,37.500000,0.000000,69,70,72,73,110,260,1000,1600,26000,29000,29000,8676,0,69,228.88978914233465,65.3401980016497,29090.715012000146,13.0
1778233032,40,,Aggregated,37.500000,0.000000,69,70,72,73,110,260,1000,1600,26000,29000,29000,8714,0,69,228.19285428642374,65.3401980016497,29090.715012000146,13.0
1778233033,40,,Aggregated,37.300000,0.000000,69,70,72,73,110,260,1000,1600,26000,29000,29000,8752,0,69,227.50361112487442,65.3401980016497,29090.715012000146,13.0
1778233034,40,,Aggregated,37.200000,0.000000,69,70,72,73,110,250,1000,1600,26000,29000,29000,8789,0,69,226.83883605505804,65.3401980016497,29090.715012000146,13.0
1778233035,40,,Aggregated,37.300000,0.000000,69,70,72,73,100,250,1000,1600,26000,29000,29000,8826,0,69,226.1797400338667,65.3401980016497,29090.715012000146,13.0
1778233036,40,,Aggregated,37.200000,0.000000,69,70,72,73,100,250,1000,1600,26000,29000,29000,8863,0,69,225.52474694583114,65.3401980016497,29090.715012000146,13.0
1778233037,40,,Aggregated,37.200000,0.000000,69,70,72,73,100,250,1000,1600,26000,29000,29000,8899,0,69,224.8915335110576,65.3401980016497,29090.715012000146,13.0
1778233038,40,,Aggregated,37.100000,0.000000,69,70,72,73,100,240,1000,1600,26000,29000,29000,8935,0,69,224.26413289691067,65.3401980016497,29090.715012000146,13.0
1778233039,40,,Aggregated,37.200000,0.000000,69,70,72,73,100,240,1000,1600,26000,29000,29000,8972,0,69,223.6278051958194,65.3401980016497,29090.715012000146,13.0
1778233040,40,,Aggregated,37.200000,0.000000,69,70,72,73,100,240,1000,1600,26000,29000,29000,9008,0,69,223.1559896594018,65.3401980016497,29090.715012000146,13.0
1778233041,40,,Aggregated,37.400000,0.000000,69,70,72,73,110,240,1000,1600,26000,29000,29000,9025,0,69,223.1416409870241,65.3401980016497,29090.715012000146,13.0
1778233042,40,,Aggregated,37.500000,0.000000,69,70,72,73,110,280,1000,1600,26000,29000,29000,9055,0,69,224.7592782373153,65.3401980016497,29090.715012000146,13.0
1778233043,40,,Aggregated,36.100000,0.000000,69,70,72,73,110,290,1000,1600,26000,29000,29000,9070,0,69,225.45364350064915,65.3401980016497,29090.715012000146,13.0
1778233044,40,,Aggregated,35.500000,0.000000,69,70,72,73,110,320,1000,1600,26000,29000,29000,9092,0,69,227.26526679090315,65.3401980016497,29090.715012000146,13.0
1778233045,40,,Aggregated,33.100000,0.000000,69,70,72,73,110,360,1100,1600,26000,29000,29000,9128,0,69,229.20491451510637,65.3401980016497,29090.715012000146,13.0
1778233046,40,,Aggregated,33.100000,0.000000,69,70,72,73,110,360,1100,1600,26000,29000,29000,9136,0,69,229.42350655723382,65.3401980016497,29090.715012000146,13.0
1778233047,40,,Aggregated,31.000000,0.000000,69,70,72,73,110,360,1100,1600,26000,29000,29000,9139,0,69,229.6921892458571,65.3401980016497,29090.715012000146,13.0
1778233048,40,,Aggregated,29.300000,0.000000,69,70,72,74,110,390,1100,1600,26000,29000,29000,9154,0,69,232.88193759109598,65.3401980016497,29090.715012000146,13.0
1778233049,40,,Aggregated,25.900000,0.000000,69,70,72,74,120,400,1200,1700,26000,29000,29000,9164,0,69,235.9291245039168,65.3401980016497,29090.715012000146,13.0
1778233050,40,,Aggregated,22.200000,0.000000,69,70,72,74,120,420,1300,1800,26000,29000,29000,9176,0,69,239.94223785166713,65.3401980016497,29090.715012000146,13.0
1778233051,40,,Aggregated,19.800000,0.000000,69,70,72,74,120,450,1400,2200,26000,29000,29000,9193,0,69,243.39531145381207,65.3401980016497,29090.715012000146,13.0
1778233052,40,,Aggregated,17.600000,0.000000,69,70,72,74,120,530,1500,2200,26000,29000,29000,9215,0,69,246.2692083663475,65.3401980016497,29090.715012000146,13.0
1778233053,40,,Aggregated,17.000000,0.000000,69,70,72,74,120,570,1500,2200,26000,29000,29000,9233,0,69,247.9076395504051,65.3401980016497,29090.715012000146,13.0
1778233054,40,,Aggregated,15.700000,0.000000,69,70,72,74,130,610,1500,2200,26000,29000,29000,9257,0,69,249.5086377384562,65.3401980016497,29090.715012000146,13.0
1778233055,40,,Aggregated,16.100000,0.000000,69,70,72,74,130,650,1500,2200,26000,29000,29000,9276,0,69,251.0670057010443,65.3401980016497,29090.715012000146,13.0
1778233056,40,,Aggregated,16.500000,0.000000,69,70,72,74,130,700,1500,2200,26000,29000,29000,9297,0,69,252.38254762008077,65.3401980016497,29090.715012000146,13.0
1778233057,40,,Aggregated,16.000000,0.000000,69,70,72,74,140,720,1500,2200,26000,29000,29000,9320,0,69,254.18647107756337,65.3401980016497,29090.715012000146,13.0
1778233058,40,,Aggregated,15.000000,0.000000,69,70,72,74,140,740,1500,2200,26000,29000,29000,9341,0,69,255.3315149998809,65.3401980016497,29090.715012000146,13.0
1778233059,40,,Aggregated,16.800000,0.000000,69,70,72,75,150,750,1500,2200,26000,29000,29000,9359,0,69,256.0931497205779,65.3401980016497,29090.715012000146,13.0
1778233060,40,,Aggregated,18.700000,0.000000,69,70,72,75,150,760,1600,2200,26000,29000,29000,9383,0,69,258.4847483520082,65.3401980016497,29090.715012000146,13.0
1778233061,40,,Aggregated,19.500000,0.000000,69,70,72,75,160,780,1600,2200,26000,29000,29000,9403,0,69,259.9954162044977,65.3401980016497,29090.715012000146,13.0
1778233062,40,,Aggregated,19.800000,0.000000,69,71,72,75,170,790,1600,2200,26000,29000,29000,9424,0,69,261.0293630389317,65.3401980016497,29090.715012000146,13.0
1778233063,40,,Aggregated,20.600000,0.000000,69,71,72,75,180,800,1600,2200,26000,29000,29000,9446,0,69,262.28356746399385,65.3401980016497,29090.715012000146,13.0
1778233064,40,,Aggregated,20.600000,0.000000,69,71,73,75,190,810,1600,2300,26000,29000,29000,9467,0,69,263.44644658042535,65.3401980016497,29090.715012000146,13.0
1778233065,40,,Aggregated,21.100000,0.000000,69,71,73,75,190,810,1600,2300,26000,29000,29000,9487,0,69,264.97939357740916,65.3401980016497,29090.715012000146,13.0
1778233066,40,,Aggregated,21.100000,0.000000,69,71,73,76,200,820,1600,2300,26000,29000,29000,9509,0,69,266.76070413722584,65.3401980016497,29090.715012000146,13.0
1778233067,40,,Aggregated,20.700000,0.000000,69,71,73,76,220,820,1600,2300,26000,29000,29000,9531,0,69,268.1385622427736,65.3401980016497,29090.715012000146,13.0
1778233068,40,,Aggregated,21.100000,0.000000,69,71,73,76,230,830,1600,2300,26000,29000,29000,9553,0,69,269.42409084003737,65.3401980016497,29090.715012000146,13.0
1778233069,40,,Aggregated,20.900000,0.000000,69,71,73,77,260,860,1600,2300,26000,29000,29000,9579,0,69,270.8468761769372,65.3401980016497,29090.715012000146,13.0
1778233070,40,,Aggregated,21.500000,0.000000,69,71,73,77,280,860,1600,2300,26000,29000,29000,9600,0,69,271.92680832561234,65.3401980016497,29090.715012000146,13.0
1778233071,40,,Aggregated,21.500000,0.000000,69,71,73,77,320,870,1600,2300,26000,29000,29000,9625,0,69,273.10131412757113,65.3401980016497,29090.715012000146,13.0
1778233072,40,,Aggregated,21.900000,0.000000,69,71,73,77,360,870,1600,2300,26000,29000,29000,9647,0,69,274.2093425109226,65.3401980016497,29090.715012000146,13.0
1778233073,40,,Aggregated,21.800000,0.000000,69,71,73,78,390,880,1600,2300,26000,29000,29000,9669,0,69,275.35164904807857,65.3401980016497,29090.715012000146,13.0
1778233074,40,,Aggregated,22.100000,0.000000,69,71,73,78,430,880,1600,2300,26000,29000,29000,9692,0,69,276.44379699276476,65.3401980016497,29090.715012000146,13.0
1778233075,40,,Aggregated,21.900000,0.000000,69,71,73,79,460,890,1600,2300,26000,29000,29000,9715,0,69,277.6067624261318,65.3401980016497,29090.715012000146,13.0
1778233076,40,,Aggregated,22.400000,0.000000,69,71,73,80,480,900,1600,2300,26000,29000,29000,9738,0,69,278.7599924948522,65.3401980016497,29090.715012000146,13.0
1778233077,40,,Aggregated,22.600000,0.000000,69,71,74,80,500,900,1600,2300,26000,29000,29000,9761,0,69,279.8649990803069,65.3401980016497,29090.715012000146,13.0
1778233078,40,,Aggregated,22.600000,0.000000,69,71,74,81,520,900,1600,2300,26000,29000,29000,9783,0,69,281.00392961401144,65.3401980016497,29090.715012000146,13.0
1778233079,40,,Aggregated,23.100000,0.000000,69,71,74,82,530,910,1600,2300,26000,29000,29000,9802,0,69,282.1649938168617,65.3401980016497,29090.715012000146,13.0
1778233080,40,,Aggregated,22.600000,0.000000,69,71,74,83,540,910,1600,2300,26000,29000,29000,9823,0,69,283.41584568491186,65.3401980016497,29090.715012000146,13.0
1778233081,40,,Aggregated,22.400000,0.000000,69,71,74,84,560,920,1600,2300,26000,29000,29000,9844,0,69,284.69582184192313,65.3401980016497,29090.715012000146,13.0
1778233082,40,,Aggregated,22.300000,0.000000,69,71,74,86,570,920,1600,2300,26000,29000,29000,9865,0,69,286.01125502259447,65.3401980016497,29090.715012000146,13.0
1778233083,40,,Aggregated,22.100000,0.000000,69,71,74,87,580,930,1600,2300,26000,29000,29000,9888,0,69,287.5877018263443,65.3401980016497,29090.715012000146,13.0
1778233084,40,,Aggregated,22.100000,0.000000,69,71,74,88,590,940,1600,2200,26000,29000,29000,9910,0,69,288.6650524784965,65.3401980016497,29090.715012000146,13.0
1778233085,40,,Aggregated,22.000000,0.000000,69,71,74,89,590,940,1600,2200,26000,29000,29000,9936,0,69,289.8339382346922,65.3401980016497,29090.715012000146,13.0
1778233086,40,,Aggregated,21.700000,0.000000,69,71,74,90,600,940,1600,2200,26000,29000,29000,9957,0,69,290.82381939237797,65.3401980016497,29090.715012000146,13.0
1778233087,40,,Aggregated,21.900000,0.000000,69,71,75,92,610,950,1600,2200,26000,29000,29000,9980,0,69,291.914524878348,65.3401980016497,29090.715012000146,13.0
1778233088,40,,Aggregated,21.900000,0.000000,69,71,75,93,610,950,1600,2200,26000,29000,29000,10002,0,69,292.93491122924587,65.3401980016497,29090.715012000146,13.0
1778233089,40,,Aggregated,21.700000,0.000000,69,71,75,94,620,950,1600,2200,26000,29000,29000,10027,0,69,293.9906630065735,65.3401980016497,29090.715012000146,13.0
1778233090,40,,Aggregated,22.000000,0.000000,69,71,75,96,630,950,1600,2200,26000,29000,29000,10051,0,69,295.02263293362995,65.3401980016497,29090.715012000146,13.0
1778233091,40,,Aggregated,22.200000,0.000000,69,71,75,97,630,950,1600,2200,26000,29000,29000,10073,0,69,296.01798270157036,65.3401980016497,29090.715012000146,13.0
1778233092,40,,Aggregated,22.400000,0.000000,69,71,75,98,640,960,1600,2200,26000,29000,29000,10097,0,69,297.07589569168243,65.3401980016497,29090.715012000146,13.0
1778233093,40,,Aggregated,22.400000,0.000000,69,71,75,100,640,960,1600,2200,26000,29000,29000,10118,0,69,298.0774336124646,65.3401980016497,29090.715012000146,13.0
1778233094,40,,Aggregated,22.500000,0.000000,69,71,76,100,650,960,1600,2200,26000,29000,29000,10141,0,69,299.07774422649754,65.3401980016497,29090.715012000146,13.0
1778233095,40,,Aggregated,22.800000,0.000000,69,71,76,100,650,970,1600,2200,26000,29000,29000,10164,0,69,300.0474575093375,65.3401980016497,29090.715012000146,13.0
1778233096,40,,Aggregated,22.900000,0.000000,69,71,76,100,660,970,1600,2200,26000,29000,29000,10186,0,69,301.08383638090623,65.3401980016497,29090.715012000146,13.0
1778233097,40,,Aggregated,22.900000,0.000000,69,72,76,110,670,970,1600,2200,26000,29000,29000,10209,0,69,302.13045372787855,65.3401980016497,29090.715012000146,13.0
1778233098,40,,Aggregated,22.800000,0.000000,69,72,77,110,670,970,1600,2200,26000,29000,29000,10233,0,69,303.10932225289827,65.3401980016497,29090.715012000146,13.0
1778233099,40,,Aggregated,23.000000,0.000000,69,72,77,110,680,980,1600,2200,26000,29000,29000,10255,0,69,304.060716355622,65.3401980016497,29090.715012000146,13.0
1778233100,40,,Aggregated,22.800000,0.000000,69,72,77,110,680,980,1600,2200,26000,29000,29000,10278,0,69,305.07939490055537,65.3401980016497,29090.715012000146,13.0
1778233101,40,,Aggregated,22.800000,0.000000,69,72,78,110,690,980,1600,2200,26000,29000,29000,10300,0,69,306.0289704083405,65.3401980016497,29090.715012000146,13.0
1778233102,40,,Aggregated,22.700000,0.000000,69,72,78,120,700,980,1600,2200,26000,29000,29000,10324,0,69,307.09342471250596,65.3401980016497,29090.715012000146,13.0
1778233103,40,,Aggregated,23.000000,0.000000,69,72,79,120,700,980,1600,2200,26000,29000,29000,10349,0,69,308.13318797351576,65.3401980016497,29090.715012000146,13.0
1778233104,40,,Aggregated,22.900000,0.000000,69,72,79,120,700,980,1600,2200,26000,29000,29000,10369,0,69,309.02476661480506,65.3401980016497,29090.715012000146,13.0
1778233105,40,,Aggregated,22.800000,0.000000,69,72,80,120,710,990,1600,2200,26000,29000,29000,10395,0,69,310.1012359371736,65.3401980016497,29090.715012000146,13.0
1778233106,40,,Aggregated,22.800000,0.000000,69,72,81,130,710,990,1600,2200,26000,29000,29000,10416,0,69,311.046315484439,65.3401980016497,29090.715012000146,13.0
1778233107,40,,Aggregated,22.800000,0.000000,69,72,81,130,710,990,1600,2200,26000,29000,29000,10440,0,69,312.0856430801646,65.3401980016497,29090.715012000146,13.0
1778233108,40,,Aggregated,22.900000,0.000000,69,72,82,130,720,990,1600,2200,26000,29000,29000,10462,0,69,312.99731464528,65.3401980016497,29090.715012000146,13.0
1778233109,40,,Aggregated,22.700000,0.000000,69,72,83,140,720,990,1600,2200,26000,29000,29000,10485,0,69,313.86162276031655,65.3401980016497,29090.715012000146,13.0
1778233110,40,,Aggregated,22.800000,0.000000,70,72,85,140,720,990,1600,2200,26000,29000,29000,10509,0,70,314.9205696199373,65.3401980016497,29090.715012000146,13.0
1778233111,40,,Aggregated,22.700000,0.000000,70,72,86,150,720,1000,1600,2200,26000,29000,29000,10531,0,70,315.8590626719137,65.3401980016497,29090.715012000146,13.0
1778233112,40,,Aggregated,22.900000,0.000000,70,72,87,150,730,1000,1600,2200,26000,29000,29000,10554,0,70,316.8078301608797,65.3401980016497,29090.715012000146,13.0
1778233113,40,,Aggregated,22.800000,0.000000,70,72,88,160,730,1000,1600,2200,26000,29000,29000,10575,0,70,317.6475054331839,65.3401980016497,29090.715012000146,13.0
1778233114,40,,Aggregated,23.100000,0.000000,70,72,89,170,740,1000,1600,2200,26000,29000,29000,10600,0,70,318.6721365423515,65.3401980016497,29090.715012000146,13.0
1778233115,40,,Aggregated,23.000000,0.000000,70,72,90,170,740,1000,1600,2100,26000,29000,29000,10623,0,70,319.59894245137104,65.3401980016497,29090.715012000146,13.0
1778233116,40,,Aggregated,22.900000,0.000000,70,72,92,190,740,1000,1600,2100,26000,29000,29000,10647,0,70,320.6144440073181,65.3401980016497,29090.715012000146,13.0
1778233117,40,,Aggregated,22.800000,0.000000,70,72,93,190,750,1000,1600,2100,26000,29000,29000,10667,0,70,321.40370461384805,65.3401980016497,29090.715012000146,13.0
1778233118,40,,Aggregated,22.500000,0.000000,70,72,94,200,750,1000,1600,2100,26000,29000,29000,10691,0,70,322.41867890804554,65.3401980016497,29090.715012000146,13.0
1778233119,40,,Aggregated,22.700000,0.000000,70,72,96,210,750,1000,1600,2100,26000,29000,29000,10714,0,70,323.3040831601568,65.3401980016497,29090.715012000146,13.0
1778233120,40,,Aggregated,22.700000,0.000000,70,72,97,220,750,1000,1600,2100,26000,29000,29000,10734,0,70,323.8694213037004,65.3401980016497,29090.715012000146,13.0
1778233121,40,,Aggregated,23.000000,0.000000,70,73,98,240,750,1000,1600,2100,26000,29000,29000,10761,0,70,325.0646150156969,65.3401980016497,29090.715012000146,13.0
1778233122,40,,Aggregated,23.000000,0.000000,70,73,99,270,760,1000,1600,2100,26000,29000,29000,10783,0,70,325.93356625149926,65.3401980016497,29090.715012000146,13.0
1778233123,40,,Aggregated,22.900000,0.000000,70,73,100,290,760,1000,1600,2100,26000,29000,29000,10805,0,70,326.83201251706777,65.3401980016497,29090.715012000146,13.0
1778233124,40,,Aggregated,22.600000,0.000000,70,73,100,320,760,1000,1600,2100,26000,29000,29000,10827,0,70,327.7158149400498,65.3401980016497,29090.715012000146,13.0
1778233125,40,,Aggregated,22.900000,0.000000,70,73,100,360,760,1000,1600,2100,26000,29000,29000,10853,0,70,328.49945122011667,65.3401980016497,29090.715012000146,13.0
1778233126,40,,Aggregated,22.700000,0.000000,70,73,110,390,770,1000,1600,2100,26000,29000,29000,10874,0,70,329.45153415697337,65.3401980016497,29090.715012000146,13.0
1778233127,40,,Aggregated,23.200000,0.000000,70,73,110,420,770,1000,1600,2100,26000,29000,29000,10896,0,70,330.3000555457895,65.3401980016497,29090.715012000146,13.0
1778233128,40,,Aggregated,23.100000,0.000000,70,73,110,430,770,1000,1600,2100,26000,29000,29000,10922,0,70,331.2901928764807,65.3401980016497,29090.715012000146,13.0
1778233129,40,,Aggregated,23.000000,0.000000,70,73,110,450,770,1000,1600,2100,26000,29000,29000,10943,0,70,332.10999263363976,65.3401980016497,29090.715012000146,13.0
1778233130,40,,Aggregated,23.000000,0.000000,70,73,110,460,770,1000,1500,2100,26000,29000,29000,10966,0,70,332.8697722942652,65.3401980016497,29090.715012000146,13.0
1778233131,40,,Aggregated,23.000000,0.000000,70,73,120,470,770,1000,1500,2100,26000,29000,29000,10991,0,70,333.90010969883684,65.3401980016497,29090.715012000146,13.0
1778233132,40,,Aggregated,22.700000,0.000000,70,73,120,480,780,1000,1500,2100,25000,29000,29000,11011,0,70,334.73449151838247,65.3401980016497,29090.715012000146,13.0
1778233133,40,,Aggregated,22.800000,0.000000,70,73,120,490,780,1000,1500,2100,25000,29000,29000,11035,0,70,335.68311042672497,65.3401980016497,29090.715012000146,13.0
1778233134,40,,Aggregated,22.900000,0.000000,70,73,120,490,780,1000,1500,2100,25000,29000,29000,11058,0,70,336.527618707534,65.3401980016497,29090.715012000146,13.0
1778233135,40,,Aggregated,22.600000,0.000000,70,73,120,500,780,1000,1500,2100,25000,29000,29000,11081,0,70,337.41549500044283,65.3401980016497,29090.715012000146,13.0
1778233136,40,,Aggregated,23.100000,0.000000,70,74,130,500,780,1000,1500,2100,25000,29000,29000,11103,0,70,338.25301494036785,65.3401980016497,29090.715012000146,13.0
1778233137,40,,Aggregated,22.300000,0.000000,70,74,130,510,790,1000,1500,2100,25000,29000,29000,11126,0,70,339.15079443294155,65.3401980016497,29090.715012000146,13.0
1778233138,40,,Aggregated,22.800000,0.000000,70,74,130,520,790,1000,1500,2100,25000,29000,29000,11147,0,70,339.8939137574152,65.3401980016497,29090.715012000146,13.0
1778233139,40,,Aggregated,22.700000,0.000000,70,74,130,520,790,1000,1500,2100,25000,29000,29000,11171,0,70,340.731329160586,65.3401980016497,29090.715012000146,13.0
1778233140,40,,Aggregated,22.800000,0.000000,70,74,140,520,790,1000,1500,2100,25000,29000,29000,11194,0,70,341.44069031846607,65.3401980016497,29090.715012000146,13.0
1778233141,40,,Aggregated,22.500000,0.000000,70,74,140,520,790,1000,1500,2100,25000,29000,29000,11217,0,70,342.3237686498983,65.3401980016497,29090.715012000146,13.0
1778233142,40,,Aggregated,22.600000,0.000000,70,74,150,530,790,1000,1500,2100,25000,29000,29000,11241,0,70,343.27108478897867,65.3401980016497,29090.715012000146,13.0
1778233143,40,,Aggregated,22.500000,0.000000,70,74,150,530,790,1000,1500,2100,25000,29000,29000,11263,0,70,344.1281687514788,65.3401980016497,29090.715012000146,13.0
1778233144,40,,Aggregated,22.600000,0.000000,70,74,160,540,800,1000,1500,2100,25000,29000,29000,11286,0,70,344.89435333102097,65.3401980016497,29090.715012000146,13.0
1778233145,40,,Aggregated,22.900000,0.000000,70,74,170,540,800,1000,1500,2100,25000,29000,29000,11311,0,70,345.80979399344903,65.3401980016497,29090.715012000146,13.0
1778233146,40,,Aggregated,22.700000,0.000000,70,75,180,540,800,1000,1500,2100,25000,29000,29000,11332,0,70,346.58532223048815,65.3401980016497,29090.715012000146,13.0
1778233147,40,,Aggregated,23.200000,0.000000,70,75,180,550,800,1000,1500,2100,25000,29000,29000,11354,0,70,347.33256113870806,65.3401980016497,29090.715012000146,13.0
1778233148,40,,Aggregated,23.000000,0.000000,70,75,190,550,800,1000,1500,2100,25000,29000,29000,11378,0,70,348.1664342372907,65.3401980016497,29090.715012000146,13.0
1778233149,40,,Aggregated,22.800000,0.000000,70,75,200,550,810,1000,1500,2100,25000,29000,29000,11400,0,70,348.99466618481523,65.3401980016497,29090.715012000146,13.0
1778233150,40,,Aggregated,22.900000,0.000000,70,75,210,560,810,1000,1500,2000,25000,29000,29000,11423,0,70,349.7413403794882,65.3401980016497,29090.715012000146,13.0
1778233151,40,,Aggregated,22.900000,0.000000,70,75,220,560,810,1000,1500,2000,25000,29000,29000,11447,0,70,350.5194861908704,65.3401980016497,29090.715012000146,13.0
1778233152,40,,Aggregated,23.200000,0.000000,70,75,240,560,810,1000,1500,2000,25000,29000,29000,11469,0,70,351.2043318722552,65.3401980016497,29090.715012000146,13.0
1778233153,40,,Aggregated,23.100000,0.000000,70,75,260,560,810,1000,1500,2000,25000,29000,29000,11491,0,70,352.0863925917581,65.3401980016497,29090.715012000146,13.0
1778233154,40,,Aggregated,23.000000,0.000000,70,76,280,560,810,1000,1500,2000,25000,29000,29000,11516,0,70,352.9373832947112,65.3401980016497,29090.715012000146,13.0
1778233155,40,,Aggregated,22.800000,0.000000,70,76,300,570,810,1000,1500,2000,25000,29000,29000,11538,0,70,353.77739947580966,65.3401980016497,29090.715012000146,13.0
1778233156,40,,Aggregated,23.000000,0.000000,70,76,340,570,810,1000,1500,2000,25000,29000,29000,11561,0,70,354.5369808989606,65.3401980016497,29090.715012000146,13.0
1778233157,40,,Aggregated,22.700000,0.000000,70,76,370,570,810,1000,1500,2000,25000,29000,29000,11584,0,70,355.30970901457937,65.3401980016497,29090.715012000146,13.0
1778233158,40,,Aggregated,22.700000,0.000000,70,76,400,570,820,1000,1500,2000,25000,29000,29000,11605,0,70,356.0657361104598,65.3401980016497,29090.715012000146,13.0
1778233159,40,,Aggregated,23.000000,0.000000,70,77,420,580,820,1000,1500,2000,25000,29000,29000,11630,0,70,356.89513103318,65.3401980016497,29090.715012000146,13.0
1778233160,40,,Aggregated,22.800000,0.000000,70,77,440,580,820,1000,1500,2000,25000,29000,29000,11655,0,70,357.76782671341783,65.3401980016497,29090.715012000146,13.0
1778233161,40,,Aggregated,23.100000,0.000000,70,77,440,580,820,1000,1500,2000,25000,29000,29000,11676,0,70,358.52042829452546,65.3401980016497,29090.715012000146,13.0
1778233162,40,,Aggregated,22.700000,0.000000,70,78,450,590,820,1000,1500,2000,25000,29000,29000,11700,0,70,359.29443357981893,65.3401980016497,29090.715012000146,13.0
1778233163,40,,Aggregated,22.900000,0.000000,70,78,460,590,820,1000,1500,2000,25000,29000,29000,11721,0,70,359.9628504435521,65.3401980016497,29090.715012000146,13.0
1778233164,40,,Aggregated,23.100000,0.000000,70,78,470,590,820,1000,1500,2000,25000,29000,29000,11745,0,70,360.7779093532455,65.3401980016497,29090.715012000146,13.0
1778233165,40,,Aggregated,23.000000,0.000000,70,79,480,590,820,1000,1500,2000,25000,29000,29000,11767,0,70,361.5779439654007,65.3401980016497,29090.715012000146,13.0
1778233166,40,,Aggregated,22.700000,0.000000,70,79,480,600,830,1000,1500,2000,25000,29000,29000,11791,0,70,362.41870458102545,65.3401980016497,29090.715012000146,13.0
1778233167,40,,Aggregated,22.800000,0.000000,70,80,490,600,830,1000,1500,1900,25000,29000,29000,11815,0,70,363.17403909791545,65.3401980016497,29090.715012000146,13.0
1778233168,40,,Aggregated,22.800000,0.000000,70,81,490,600,830,1000,1500,1900,25000,29000,29000,11836,0,70,363.8293381406612,65.3401980016497,29090.715012000146,13.0
1778233169,40,,Aggregated,22.900000,0.000000,70,81,490,600,830,1000,1500,1900,25000,29000,29000,11857,0,70,364.56144578290247,65.3401980016497,29090.715012000146,13.0
1778233170,40,,Aggregated,22.900000,0.000000,70,82,500,600,830,1000,1500,1900,25000,29000,29000,11879,0,70,365.24158817853953,65.3401980016497,29090.715012000146,13.0
1778233171,40,,Aggregated,22.600000,0.000000,70,83,500,600,830,1000,1500,1900,25000,29000,29000,11904,0,70,366.1172942856075,65.3401980016497,29090.715012000146,13.0
1778233172,40,,Aggregated,22.500000,0.000000,70,84,500,600,830,1000,1500,1900,25000,29000,29000,11927,0,70,366.6952658497419,65.3401980016497,29090.715012000146,13.0
1778233173,40,,Aggregated,22.400000,0.000000,70,85,500,610,830,1000,1500,1900,25000,29000,29000,11952,0,70,367.5866333600965,65.3401980016497,29090.715012000146,13.0
1778233175,40,,Aggregated,22.600000,0.000000,70,86,510,610,830,1000,1500,1900,25000,29000,29000,11972,0,70,368.2427559608988,65.3401980016497,29090.715012000146,13.0
1778233176,40,,Aggregated,22.600000,0.000000,70,88,510,610,840,1000,1500,1900,25000,29000,29000,11997,0,70,369.07654544426777,65.3401980016497,29090.715012000146,13.0
1778233177,40,,Aggregated,22.900000,0.000000,70,88,510,610,840,1000,1500,1900,25000,29000,29000,12018,0,70,369.73655668945605,65.3401980016497,29090.715012000146,13.0
1778233178,40,,Aggregated,22.700000,0.000000,70,89,520,610,840,1000,1500,1900,25000,29000,29000,12042,0,70,370.4324054535702,65.3401980016497,29090.715012000146,13.0
1778233179,40,,Aggregated,22.900000,0.000000,70,90,520,610,840,1100,1500,1900,25000,29000,29000,12066,0,70,371.2578420191356,65.3401980016497,29090.715012000146,13.0
1778233180,40,,Aggregated,22.600000,0.000000,70,91,520,610,840,1100,1500,1900,25000,29000,29000,12086,0,70,371.9180989811261,65.3401980016497,29090.715012000146,13.0
1778233181,40,,Aggregated,23.000000,0.000000,70,92,530,620,840,1100,1500,1900,25000,29000,29000,12112,0,70,372.7070410647201,65.3401980016497,29090.715012000146,13.0
1778233182,40,,Aggregated,22.900000,0.000000,70,94,530,620,840,1100,1500,1900,25000,29000,29000,12135,0,70,373.4108109920798,65.3401980016497,29090.715012000146,13.0
1778233183,40,,Aggregated,23.100000,0.000000,70,94,530,620,840,1100,1500,1900,25000,29000,29000,12156,0,70,374.0931016073449,65.3401980016497,29090.715012000146,13.0
1778233184,40,,Aggregated,23.100000,0.000000,70,96,530,620,840,1100,1500,1900,25000,29000,29000,12178,0,70,374.7666746813012,65.3401980016497,29090.715012000146,13.0
1778233185,40,,Aggregated,22.900000,0.000000,70,97,540,620,840,1000,1500,1900,25000,29000,29000,12204,0,70,375.5649851782111,65.3401980016497,29090.715012000146,13.0
1778233186,40,,Aggregated,22.600000,0.000000,70,98,540,630,840,1000,1500,1900,25000,29000,29000,12226,0,70,376.20770617429133,65.3401980016497,29090.715012000146,13.0
1778233187,40,,Aggregated,22.600000,0.000000,70,99,540,630,840,1000,1500,1900,25000,29000,29000,12248,0,70,376.90179966287445,65.3401980016497,29090.715012000146,13.0
1778233188,40,,Aggregated,22.700000,0.000000,70,100,540,630,850,1000,1500,1900,25000,29000,29000,12273,0,70,377.6579741820164,65.3401980016497,29090.715012000146,13.0
1778233189,40,,Aggregated,23.000000,0.000000,70,100,550,630,850,1100,1500,1900,25000,29000,29000,12295,0,70,378.3015653856757,65.3401980016497,29090.715012000146,13.0
1778233190,40,,Aggregated,22.900000,0.000000,70,100,550,630,850,1000,1500,1900,25000,29000,29000,12318,0,70,378.9891683273162,65.3401980016497,29090.715012000146,13.0
1778233191,40,,Aggregated,22.800000,0.000000,70,100,550,630,850,1100,1500,1900,25000,29000,29000,12341,0,70,379.70383469304636,65.3401980016497,29090.715012000146,13.0
1778233192,40,,Aggregated,23.100000,0.000000,70,110,550,640,850,1000,1500,1900,25000,29000,29000,12364,0,70,380.40058950136563,65.3401980016497,29090.715012000146,13.0
1778233193,40,,Aggregated,22.800000,0.000000,70,110,550,640,850,1000,1500,1900,25000,29000,29000,12386,0,70,381.03240057701254,65.3401980016497,29090.715012000146,13.0
1778233194,40,,Aggregated,22.800000,0.000000,70,110,560,640,850,1000,1500,1900,25000,29000,29000,12407,0,70,381.69810694494083,65.3401980016497,29090.715012000146,13.0
1778233195,40,,Aggregated,22.800000,0.000000,71,110,560,640,850,1000,1500,1900,25000,29000,29000,12431,0,71,382.406903154604,65.3401980016497,29090.715012000146,13.0
1778233196,40,,Aggregated,22.700000,0.000000,71,110,560,640,860,1000,1500,1900,25000,29000,29000,12454,0,71,383.13098103829185,65.3401980016497,29090.715012000146,13.0
1778233197,40,,Aggregated,22.500000,0.000000,71,110,560,650,860,1000,1500,1900,25000,29000,29000,12476,0,71,383.80076390156205,65.3401980016497,29090.715012000146,13.0
1778233198,40,,Aggregated,22.500000,0.000000,71,120,560,650,860,1000,1500,1900,25000,29000,29000,12498,0,71,384.3530938681303,65.3401980016497,29090.715012000146,13.0
1778233199,40,,Aggregated,22.700000,0.000000,71,120,570,650,860,1000,1500,1800,25000,29000,29000,12523,0,71,385.1951629669324,65.3401980016497,29090.715012000146,13.0
1778233200,40,,Aggregated,22.700000,0.000000,71,120,570,650,860,1000,1500,1800,25000,29000,29000,12546,0,71,385.68067060640027,65.3401980016497,29090.715012000146,13.0
1778233201,40,,Aggregated,22.700000,0.000000,71,120,570,650,860,1100,1500,1800,25000,29000,29000,12568,0,71,386.3758344842374,65.3401980016497,29090.715012000146,13.0
1778233202,40,,Aggregated,22.700000,0.000000,71,120,570,650,860,1100,1500,1800,25000,29000,29000,12589,0,71,386.9172261795134,65.3401980016497,29090.715012000146,13.0
1778233203,40,,Aggregated,22.900000,0.000000,71,130,570,650,860,1100,1500,1800,25000,29000,29000,12614,0,71,387.7067596602112,65.3401980016497,29090.715012000146,13.0
1778233204,40,,Aggregated,22.700000,0.000000,71,130,570,650,860,1100,1500,1800,25000,29000,29000,12638,0,71,388.2973382101522,65.3401980016497,29090.715012000146,13.0
1778233205,40,,Aggregated,23.100000,0.000000,71,130,570,650,860,1100,1500,1800,25000,29000,29000,12661,0,71,389.0225204118079,65.3401980016497,29090.715012000146,13.0
1778233206,40,,Aggregated,23.100000,0.000000,71,130,570,650,860,1100,1500,1800,25000,29000,29000,12685,0,71,389.71477692155275,65.3401980016497,29090.715012000146,13.0
1778233207,40,,Aggregated,22.900000,0.000000,71,130,580,660,860,1100,1500,1800,25000,29000,29000,12706,0,71,390.29166032834047,65.3401980016497,29090.715012000146,13.0
1778233208,40,,Aggregated,23.200000,0.000000,71,140,580,660,860,1100,1500,1800,25000,29000,29000,12731,0,71,390.9636954957109,65.3401980016497,29090.715012000146,13.0
1778233209,40,,Aggregated,23.000000,0.000000,71,140,580,660,870,1100,1500,1800,25000,29000,29000,12751,0,71,391.54281599559994,65.3401980016497,29090.715012000146,13.0
1778233210,40,,Aggregated,23.000000,0.000000,71,150,580,660,870,1100,1500,1800,25000,29000,29000,12776,0,71,392.2555670221429,65.3401980016497,29090.715012000146,13.0
1778233211,40,,Aggregated,22.900000,0.000000,71,150,580,660,870,1100,1500,1800,25000,29000,29000,12797,0,71,392.82561149682687,65.3401980016497,29090.715012000146,13.0
1778233212,40,,Aggregated,23.000000,0.000000,71,160,580,660,870,1100,1500,1800,25000,29000,29000,12823,0,71,393.55953957887306,65.3401980016497,29090.715012000146,13.0
1778233213,40,,Aggregated,22.900000,0.000000,71,170,580,670,870,1100,1500,1800,25000,29000,29000,12844,0,71,394.1409664725076,65.3401980016497,29090.715012000146,13.0
1778233214,40,,Aggregated,23.100000,0.000000,71,170,590,670,870,1100,1500,1800,25000,29000,29000,12867,0,71,394.80422265049185,65.3401980016497,29090.715012000146,13.0
1778233215,40,,Aggregated,23.000000,0.000000,71,180,590,670,870,1100,1500,1800,25000,29000,29000,12891,0,71,395.4350045875322,65.3401980016497,29090.715012000146,13.0
1778233216,40,,Aggregated,23.000000,0.000000,71,190,590,670,870,1100,1500,1800,25000,29000,29000,12914,0,71,396.03529544748915,65.3401980016497,29090.715012000146,13.0
1778233217,40,,Aggregated,22.900000,0.000000,71,190,590,670,870,1100,1500,1800,25000,29000,29000,12937,0,71,396.6147130998587,65.3401980016497,29090.715012000146,13.0
1778233218,40,,Aggregated,22.600000,0.000000,71,200,590,670,870,1100,1500,1800,25000,29000,29000,12959,0,71,397.25551586664676,65.3401980016497,29090.715012000146,13.0
1778233219,40,,Aggregated,22.800000,0.000000,71,210,590,670,870,1100,1500,1800,25000,29000,29000,12983,0,71,397.936676756595,65.3401980016497,29090.715012000146,13.0
1778233220,40,,Aggregated,22.800000,0.000000,71,220,590,670,870,1100,1500,1800,25000,29000,29000,13005,0,71,398.5365321414742,65.3401980016497,29090.715012000146,13.0
1778233221,40,,Aggregated,23.000000,0.000000,71,230,590,680,870,1100,1500,1800,25000,29000,29000,13027,0,71,399.0895413065078,65.3401980016497,29090.715012000146,13.0
1778233222,40,,Aggregated,22.800000,0.000000,71,250,590,680,870,1100,1500,1800,25000,29000,29000,13049,0,71,399.7955038398245,65.3401980016497,29090.715012000146,13.0
1778233223,40,,Aggregated,23.000000,0.000000,71,270,600,680,880,1100,1500,1800,25000,29000,29000,13073,0,71,400.50792632715286,65.3401980016497,29090.715012000146,13.0
1778233224,40,,Aggregated,22.700000,0.000000,71,280,600,680,880,1100,1500,1800,25000,29000,29000,13095,0,71,400.9926557107195,65.3401980016497,29090.715012000146,13.0
1778233225,40,,Aggregated,22.600000,0.000000,71,300,600,680,880,1100,1500,1800,25000,29000,29000,13117,0,71,401.7199603832335,65.3401980016497,29090.715012000146,13.0
1778233226,40,,Aggregated,22.600000,0.000000,71,340,600,680,880,1100,1500,1800,25000,29000,29000,13139,0,71,402.36812911826445,65.3401980016497,29090.715012000146,13.0
1778233227,40,,Aggregated,22.700000,0.000000,71,360,600,680,880,1100,1500,1800,25000,29000,29000,13162,0,71,403.0502243113416,65.3401980016497,29090.715012000146,13.0
1778233228,40,,Aggregated,22.700000,0.000000,71,390,600,680,880,1100,1500,1800,25000,29000,29000,13186,0,71,403.6364297419139,65.3401980016497,29090.715012000146,13.0
1778233229,40,,Aggregated,22.500000,0.000000,71,410,600,680,880,1100,1500,1800,25000,29000,29000,13207,0,71,404.222013420298,65.3401980016497,29090.715012000146,13.0
1778233230,40,,Aggregated,22.600000,0.000000,71,430,600,680,880,1100,1500,1800,25000,29000,29000,13230,0,71,404.9490502285627,65.3401980016497,29090.715012000146,13.0
1778233231,40,,Aggregated,22.300000,0.000000,71,430,600,680,880,1100,1500,1800,25000,29000,29000,13255,0,71,405.67137834597384,65.3401980016497,29090.715012000146,13.0
1778233232,40,,Aggregated,22.500000,0.000000,71,440,600,680,880,1100,1500,1800,25000,29000,29000,13276,0,71,406.2354221408471,65.3401980016497,29090.715012000146,13.0
1778233233,40,,Aggregated,22.200000,0.000000,71,440,600,680,890,1100,1500,1800,25000,29000,29000,13298,0,71,406.941011532402,65.3401980016497,29090.715012000146,13.0
1778233234,40,,Aggregated,22.400000,0.000000,71,450,600,690,890,1100,1500,1800,25000,29000,29000,13322,0,71,407.6162283278702,65.3401980016497,29090.715012000146,13.0
1778233235,40,,Aggregated,22.300000,0.000000,71,450,610,690,890,1100,1500,1800,25000,29000,29000,13344,0,71,408.2379850610681,65.3401980016497,29090.715012000146,13.0
1778233236,40,,Aggregated,22.400000,0.000000,71,460,610,690,890,1100,1500,1800,25000,29000,29000,13364,0,71,408.81972028605907,65.3401980016497,29090.715012000146,13.0
1778233237,40,,Aggregated,22.200000,0.000000,71,460,610,690,890,1100,1500,1800,25000,29000,29000,13388,0,71,409.46596199073036,65.3401980016497,29090.715012000146,13.0
1778233238,40,,Aggregated,22.400000,0.000000,71,460,610,690,890,1100,1500,1800,25000,29000,29000,13410,0,71,410.053536415801,65.3401980016497,29090.715012000146,13.0
1778233239,40,,Aggregated,22.600000,0.000000,71,470,610,690,890,1100,1500,1800,25000,29000,29000,13434,0,71,410.65740053505243,65.3401980016497,29090.715012000146,13.0
1778233240,40,,Aggregated,22.300000,0.000000,71,470,610,690,890,1100,1500,1800,25000,29000,29000,13457,0,71,411.36683303811384,65.3401980016497,29090.715012000146,13.0
1778233241,40,,Aggregated,22.500000,0.000000,72,480,610,700,890,1100,1500,1800,25000,29000,29000,13479,0,72,411.9590120517031,65.3401980016497,29090.715012000146,13.0
1778233242,40,,Aggregated,22.400000,0.000000,72,480,610,700,890,1100,1500,1800,25000,29000,29000,13501,0,72,412.5878575792094,65.3401980016497,29090.715012000146,13.0
1778233243,40,,Aggregated,22.300000,0.000000,72,480,620,700,890,1100,1500,1800,25000,29000,29000,13523,0,72,413.1856461081789,65.3401980016497,29090.715012000146,13.0
1778233244,40,,Aggregated,22.600000,0.000000,72,480,620,700,890,1100,1500,1800,25000,29000,29000,13547,0,72,413.8606697993575,65.3401980016497,29090.715012000146,13.0
1778233245,40,,Aggregated,22.600000,0.000000,72,490,620,700,890,1100,1500,1800,25000,29000,29000,13570,0,72,414.42818404339727,65.3401980016497,29090.715012000146,13.0
1778233246,40,,Aggregated,22.400000,0.000000,72,490,620,700,890,1100,1500,1800,25000,29000,29000,13591,0,72,414.93185473238896,65.3401980016497,29090.715012000146,13.0
1778233247,40,,Aggregated,22.700000,0.000000,72,490,620,700,900,1100,1500,1800,25000,29000,29000,13612,0,72,415.5837497056932,65.3401980016497,29090.715012000146,13.0
1778233248,40,,Aggregated,22.200000,0.000000,72,490,620,700,900,1100,1500,1800,25000,29000,29000,13635,0,72,416.1098698541178,65.3401980016497,29090.715012000146,13.0
1778233249,40,,Aggregated,22.400000,0.000000,72,490,620,700,900,1100,1500,1800,25000,29000,29000,13657,0,72,416.75080680500076,65.3401980016497,29090.715012000146,13.0
1778233250,40,,Aggregated,22.800000,0.000000,72,490,620,710,900,1100,1500,1800,25000,29000,29000,13681,0,72,417.4021920192156,65.3401980016497,29090.715012000146,13.0
1778233251,40,,Aggregated,22.600000,0.000000,72,500,620,710,900,1100,1500,1800,25000,29000,29000,13701,0,72,417.92991783307,65.3401980016497,29090.715012000146,13.0
1778233252,40,,Aggregated,22.300000,0.000000,72,500,630,710,900,1100,1500,1800,25000,29000,29000,13727,0,72,418.6801007084501,65.3401980016497,29090.715012000146,13.0
1778233253,40,,Aggregated,22.700000,0.000000,72,500,630,710,900,1100,1500,1800,25000,29000,29000,13748,0,72,419.1938465793494,65.3401980016497,29090.715012000146,13.0
1778233254,40,,Aggregated,22.400000,0.000000,72,500,630,710,900,1100,1500,1800,25000,29000,29000,13771,0,72,419.86357067866487,65.3401980016497,29090.715012000146,13.0
1778233255,40,,Aggregated,22.300000,0.000000,72,500,630,710,900,1100,1500,1800,25000,29000,29000,13793,0,72,420.44673226324113,65.3401980016497,29090.715012000146,13.0
1778233256,40,,Aggregated,22.300000,0.000000,72,500,630,710,900,1100,1500,1700,25000,29000,29000,13815,0,72,421.0102196193911,65.3401980016497,29090.715012000146,13.0
1778233257,40,,Aggregated,22.400000,0.000000,72,510,630,710,900,1100,1500,1700,25000,29000,29000,13839,0,72,421.5895684821069,65.3401980016497,29090.715012000146,13.0
1778233258,40,,Aggregated,22.600000,0.000000,72,510,630,710,900,1100,1500,1700,25000,29000,29000,13860,0,72,422.1331201074225,65.3401980016497,29090.715012000146,13.0
1778233259,40,,Aggregated,22.300000,0.000000,72,510,630,710,900,1100,1500,1700,25000,29000,29000,13883,0,72,422.72793524712836,65.3401980016497,29090.715012000146,13.0
1778233260,40,,Aggregated,22.200000,0.000000,72,510,630,720,900,1100,1500,1700,25000,29000,29000,13906,0,72,423.32939990952696,65.3401980016497,29090.715012000146,13.0
1778233261,40,,Aggregated,22.400000,0.000000,72,510,640,720,900,1100,1500,1700,25000,29000,29000,13927,0,72,423.79122965483464,65.3401980016497,29090.715012000146,13.0
1778233262,40,,Aggregated,22.500000,0.000000,72,510,640,720,910,1100,1500,1700,25000,29000,29000,13953,0,72,424.4951554415452,65.3401980016497,29090.715012000146,13.0
1778233263,40,,Aggregated,22.500000,0.000000,72,520,640,720,910,1100,1500,1700,25000,29000,29000,13973,0,72,425.00668710261806,65.3401980016497,29090.715012000146,13.0
1778233264,40,,Aggregated,22.300000,0.000000,72,520,640,720,910,1100,1500,1700,25000,29000,29000,13997,0,72,425.60280440314926,65.3401980016497,29090.715012000146,13.0
1778233265,40,,Aggregated,22.600000,0.000000,72,520,640,720,910,1100,1500,1700,24000,29000,29000,14020,0,72,426.20734091382894,65.3401980016497,29090.715012000146,13.0
1778233266,40,,Aggregated,22.900000,0.000000,72,520,640,720,910,1100,1500,1700,24000,29000,29000,14042,0,72,426.73877694608177,65.3401980016497,29090.715012000146,13.0
1778233267,40,,Aggregated,22.600000,0.000000,72,520,640,720,910,1100,1500,1700,24000,29000,29000,14062,0,72,427.2503742050836,65.3401980016497,29090.715012000146,13.0
1778233268,40,,Aggregated,22.500000,0.000000,72,530,640,720,910,1100,1500,1700,24000,29000,29000,14087,0,72,427.8820942867809,65.3401980016497,29090.715012000146,13.0
1778233269,40,,Aggregated,22.800000,0.000000,72,530,640,720,910,1100,1500,1700,24000,29000,29000,14109,0,72,428.3742041624414,65.3401980016497,29090.715012000146,13.0
1778233270,40,,Aggregated,22.300000,0.000000,72,530,650,720,910,1100,1500,1700,24000,29000,29000,14132,0,72,428.9831227006,65.3401980016497,29090.715012000146,13.0
1778233271,40,,Aggregated,22.300000,0.000000,72,530,650,730,910,1100,1500,1700,24000,29000,29000,14153,0,72,429.50681068592377,65.3401980016497,29090.715012000146,13.0
1778233272,40,,Aggregated,22.700000,0.000000,72,530,650,730,910,1100,1500,1700,24000,29000,29000,14177,0,72,430.06590459990684,65.3401980016497,29090.715012000146,13.0
1778233273,40,,Aggregated,22.300000,0.000000,73,530,650,730,910,1100,1500,1700,24000,29000,29000,14198,0,73,430.5810499073027,65.3401980016497,29090.715012000146,13.0
1778233274,40,,Aggregated,22.600000,0.000000,73,540,650,730,910,1100,1500,1700,24000,29000,29000,14222,0,73,431.2169841437125,65.3401980016497,29090.715012000146,13.0
1778233275,40,,Aggregated,22.400000,0.000000,73,540,650,730,910,1100,1500,1700,24000,29000,29000,14245,0,73,431.77937972923,65.3401980016497,29090.715012000146,13.0
1778233276,40,,Aggregated,22.100000,0.000000,73,540,650,730,910,1100,1500,1700,24000,29000,29000,14268,0,73,432.35559158935246,65.3401980016497,29090.715012000146,13.0
1778233277,40,,Aggregated,22.400000,0.000000,73,540,650,730,910,1100,1500,1700,24000,29000,29000,14289,0,73,432.8745360444319,65.3401980016497,29090.715012000146,13.0
1778233278,40,,Aggregated,22.400000,0.000000,73,540,660,730,910,1100,1500,1700,24000,29000,29000,14312,0,73,433.4329647525776,65.3401980016497,29090.715012000146,13.0
1778233279,40,,Aggregated,22.300000,0.000000,73,540,660,730,910,1100,1500,1700,24000,29000,29000,14334,0,73,433.9352651049873,65.3401980016497,29090.715012000146,13.0
1778233280,40,,Aggregated,22.400000,0.000000,73,540,660,740,910,1100,1500,1700,24000,29000,29000,14357,0,73,434.49879801252973,65.3401980016497,29090.715012000146,13.0
1778233281,40,,Aggregated,22.500000,0.000000,73,540,660,740,910,1100,1500,1700,24000,29000,29000,14378,0,73,434.98566440769855,65.3401980016497,29090.715012000146,13.0
1778233282,40,,Aggregated,22.300000,0.000000,73,550,660,740,910,1100,1500,1700,24000,29000,29000,14403,0,73,435.5778418696721,65.3401980016497,29090.715012000146,13.0
1778233283,40,,Aggregated,22.600000,0.000000,73,550,660,740,910,1100,1500,1700,24000,29000,29000,14423,0,73,436.10014271198,65.3401980016497,29090.715012000146,13.0
1778233284,40,,Aggregated,22.400000,0.000000,73,550,660,740,910,1100,1500,1700,24000,29000,29000,14447,0,73,436.6570108695843,65.3401980016497,29090.715012000146,13.0
1778233285,40,,Aggregated,22.500000,0.000000,73,550,660,740,910,1100,1500,1700,24000,29000,29000,14468,0,73,437.181930717161,65.3401980016497,29090.715012000146,13.0
1778233286,40,,Aggregated,22.500000,0.000000,73,550,670,740,910,1100,1500,1700,24000,29000,29000,14491,0,73,437.70878853963717,65.3401980016497,29090.715012000146,13.0
1778233287,40,,Aggregated,22.300000,0.000000,73,550,670,740,910,1100,1500,1700,24000,29000,29000,14516,0,73,438.31655364121565,65.3401980016497,29090.715012000146,13.0
1778233288,40,,Aggregated,22.600000,0.000000,73,550,670,740,920,1100,1500,1700,24000,29000,29000,14536,0,73,438.77773581156345,65.3401980016497,29090.715012000146,13.0
1778233289,40,,Aggregated,22.300000,0.000000,73,550,670,740,920,1100,1500,1700,24000,29000,29000,14559,0,73,439.32650023551673,65.3401980016497,29090.715012000146,13.0
1778233290,40,,Aggregated,22.900000,0.000000,73,560,670,740,920,1100,1500,1700,24000,29000,29000,14582,0,73,439.8617985536196,65.3401980016497,29090.715012000146,13.0
1778233291,40,,Aggregated,22.600000,0.000000,73,560,670,740,920,1100,1400,1700,24000,29000,29000,14607,0,73,440.42319328595096,65.3401980016497,29090.715012000146,13.0
1778233292,40,,Aggregated,22.400000,0.000000,73,560,670,750,920,1100,1400,1700,24000,29000,29000,14627,0,73,440.86914650399154,65.3401980016497,29090.715012000146,13.0
1778233293,40,,Aggregated,22.300000,0.000000,74,560,670,750,920,1100,1500,1700,24000,29000,29000,14651,0,74,441.44994887119515,65.3401980016497,29090.715012000146,13.0
1778233294,40,,Aggregated,22.400000,0.000000,74,560,680,750,920,1100,1500,1700,24000,29000,29000,14672,0,74,441.9605678116736,65.3401980016497,29090.715012000146,13.0
1778233295,40,,Aggregated,22.400000,0.000000,74,560,680,750,920,1100,1500,1700,24000,29000,29000,14694,0,74,442.4643572896333,65.3401980016497,29090.715012000146,13.0
1778233296,40,,Aggregated,22.400000,0.000000,74,560,680,750,920,1100,1400,1700,24000,29000,29000,14716,0,74,442.92672390791427,65.3401980016497,29090.715012000146,13.0
1778233297,40,,Aggregated,22.500000,0.000000,74,560,680,750,920,1100,1400,1700,24000,29000,29000,14739,0,74,443.48954708832775,65.3401980016497,29090.715012000146,13.0
1778233298,40,,Aggregated,22.200000,0.000000,74,560,680,750,920,1100,1400,1700,24000,29000,29000,14762,0,74,444.0159432521248,65.3401980016497,29090.715012000146,13.0
1778233299,40,,Aggregated,22.500000,0.000000,74,560,680,750,920,1100,1400,1700,24000,29000,29000,14786,0,74,444.51202968110823,65.3401980016497,29090.715012000146,13.0
1778233300,40,,Aggregated,22.200000,0.000000,74,570,680,750,920,1100,1400,1700,24000,29000,29000,14807,0,74,445.07246423562265,65.3401980016497,29090.715012000146,13.0
1778233301,40,,Aggregated,22.200000,0.000000,74,570,680,750,920,1100,1400,1700,24000,29000,29000,14827,0,74,445.52237139669944,65.3401980016497,29090.715012000146,13.0
1778233302,40,,Aggregated,22.500000,0.000000,74,570,680,750,920,1100,1400,1700,24000,29000,29000,14852,0,74,445.9835614507048,65.3401980016497,29090.715012000146,13.0
1778233303,40,,Aggregated,22.700000,0.000000,74,570,680,750,920,1100,1400,1700,24000,29000,29000,14874,0,74,446.5575572295193,65.3401980016497,29090.715012000146,13.0
1778233304,40,,Aggregated,22.400000,0.000000,74,570,680,750,920,1100,1400,1700,24000,29000,29000,14896,0,74,447.0427540764545,65.3401980016497,29090.715012000146,13.0
1778233305,40,,Aggregated,22.500000,0.000000,74,570,680,760,920,1100,1400,1700,24000,29000,29000,14921,0,74,447.6062694299221,65.3401980016497,29090.715012000146,13.0
1778233306,40,,Aggregated,22.700000,0.000000,74,570,680,760,920,1100,1400,1700,24000,29000,29000,14943,0,74,448.1366301680298,65.3401980016497,29090.715012000146,13.0
1778233307,40,,Aggregated,22.400000,0.000000,75,570,680,760,920,1100,1400,1700,24000,29000,29000,14965,0,75,448.52020298983444,65.3401980016497,29090.715012000146,13.0
1778233308,40,,Aggregated,22.500000,0.000000,75,570,680,760,920,1100,1400,1700,24000,29000,29000,14987,0,75,448.9653728618717,65.3401980016497,29090.715012000146,13.0
1778233309,40,,Aggregated,22.300000,0.000000,75,570,680,760,920,1100,1500,1700,24000,29000,29000,15012,0,75,449.50741343790787,65.3401980016497,29090.715012000146,13.0
1778233310,40,,Aggregated,22.500000,0.000000,75,570,680,760,920,1100,1500,1700,24000,29000,29000,15032,0,75,449.93219357862387,65.3401980016497,29090.715012000146,13.0
1778233311,40,,Aggregated,22.600000,0.000000,75,570,680,760,930,1100,1500,1700,24000,29000,29000,15054,0,75,450.27341129273776,65.3401980016497,29090.715012000146,13.0
1778233312,40,,Aggregated,22.300000,0.000000,75,570,680,760,930,1100,1500,1700,24000,29000,29000,15078,0,75,450.95920675659045,65.3401980016497,29090.715012000146,13.0
1778233313,40,,Aggregated,22.300000,0.000000,75,570,680,760,930,1100,1500,1700,24000,29000,29000,15103,0,75,451.52281776473995,65.3401980016497,29090.715012000146,13.0
1778233314,40,,Aggregated,22.500000,0.000000,75,570,680,760,930,1100,1500,1700,24000,29000,29000,15124,0,75,451.9417194734111,65.3401980016497,29090.715012000146,13.0
1778233315,40,,Aggregated,22.400000,0.000000,75,570,680,760,930,1100,1500,1700,24000,29000,29000,15144,0,75,452.32916172252214,65.3401980016497,29090.715012000146,13.0
1778233316,40,,Aggregated,22.400000,0.000000,75,570,680,760,930,1100,1500,1700,24000,29000,29000,15169,0,75,453.0174042324401,65.3401980016497,29090.715012000146,13.0
1778233317,40,,Aggregated,22.700000,0.000000,76,570,690,760,930,1100,1500,1700,24000,29000,29000,15193,0,76,453.48624895720985,65.3401980016497,29090.715012000146,13.0
1778233318,40,,Aggregated,22.600000,0.000000,76,570,690,760,930,1100,1500,1700,24000,29000,29000,15213,0,76,453.8023363209684,65.3401980016497,29090.715012000146,13.0
1778233319,40,,Aggregated,22.700000,0.000000,76,580,690,760,930,1100,1500,1700,24000,29000,29000,15235,0,76,454.38996022565715,65.3401980016497,29090.715012000146,13.0
1778233320,40,,Aggregated,22.500000,0.000000,76,580,690,760,930,1100,1500,1700,24000,29000,29000,15257,0,76,454.7410949438876,65.3401980016497,29090.715012000146,13.0
1778233321,40,,Aggregated,22.300000,0.000000,76,580,690,760,930,1100,1500,1700,24000,29000,29000,15282,0,76,455.3613720321877,65.3401980016497,29090.715012000146,13.0
1778233322,40,,Aggregated,22.700000,0.000000,76,580,690,760,930,1100,1500,1700,24000,29000,29000,15303,0,76,455.83775685662204,65.3401980016497,29090.715012000146,13.0
1778233323,40,,Aggregated,22.400000,0.000000,77,580,690,760,930,1100,1500,1700,24000,29000,29000,15327,0,77,456.3187688246813,65.3401980016497,29090.715012000146,13.0
1778233324,40,,Aggregated,22.700000,0.000000,77,580,690,760,930,1100,1500,1700,24000,29000,29000,15349,0,77,456.8035525043907,65.3401980016497,29090.715012000146,13.0
1778233325,40,,Aggregated,22.500000,0.000000,77,580,690,760,930,1100,1500,1700,24000,29000,29000,15370,0,77,457.2661221956988,65.3401980016497,29090.715012000146,13.0
1778233326,40,,Aggregated,22.300000,0.000000,77,580,690,760,930,1100,1500,1700,24000,29000,29000,15394,0,77,457.7561446087368,65.3401980016497,29090.715012000146,13.0
1778233327,40,,Aggregated,22.300000,0.000000,77,580,690,760,930,1100,1500,1700,24000,29000,29000,15417,0,77,458.2399321128557,65.3401980016497,29090.715012000146,13.0
1778233328,40,,Aggregated,22.200000,0.000000,78,580,690,760,930,1100,1500,1700,24000,29000,29000,15438,0,77,458.7067849731762,65.3401980016497,29090.715012000146,13.0
1778233329,40,,Aggregated,22.500000,0.000000,78,580,690,760,930,1100,1500,1700,24000,29000,29000,15460,0,78,459.166442924314,65.3401980016497,29090.715012000146,13.0
1778233330,40,,Aggregated,22.400000,0.000000,78,580,690,770,930,1100,1500,1700,24000,29000,29000,15483,0,78,459.5753576999221,65.3401980016497,29090.715012000146,13.0
1778233331,40,,Aggregated,22.700000,0.000000,78,590,700,770,930,1100,1500,1700,24000,29000,29000,15507,0,78,460.13261166478935,65.3401980016497,29090.715012000146,13.0
1778233332,40,,Aggregated,22.400000,0.000000,79,590,700,770,930,1100,1500,1700,24000,29000,29000,15527,0,79,460.4689440415327,65.3401980016497,29090.715012000146,13.0
1778233333,40,,Aggregated,22.500000,0.000000,79,590,700,770,930,1100,1500,1700,24000,29000,29000,15550,0,79,460.9430042512464,65.3401980016497,29090.715012000146,13.0
1778233334,40,,Aggregated,22.200000,0.000000,80,590,700,770,930,1100,1500,1700,24000,29000,29000,15573,0,80,461.4694002818905,65.3401980016497,29090.715012000146,13.0
1778233335,40,,Aggregated,22.400000,0.000000,80,590,700,770,940,1100,1500,1700,24000,29000,29000,15596,0,80,461.7990092869889,65.3401980016497,29090.715012000146,13.0
1778233336,40,,Aggregated,22.500000,0.000000,81,590,700,770,940,1100,1500,1700,24000,29000,29000,15619,0,81,462.22919856372874,65.3401980016497,29090.715012000146,13.0
1778233337,40,,Aggregated,22.400000,0.000000,81,590,700,770,940,1100,1500,1700,24000,29000,29000,15642,0,81,462.7929034099143,65.3401980016497,29090.715012000146,13.0
1778233338,40,,Aggregated,22.900000,0.000000,81,590,700,770,940,1100,1500,1700,24000,29000,29000,15666,0,81,463.30632331213354,65.3401980016497,29090.715012000146,13.0
1778233339,40,,Aggregated,22.500000,0.000000,82,590,700,770,940,1100,1500,1700,24000,29000,29000,15685,0,82,463.63219658673114,65.3401980016497,29090.715012000146,13.0
1778233340,40,,Aggregated,22.300000,0.000000,83,590,700,770,940,1100,1500,1700,24000,29000,29000,15710,0,83,464.16292893417426,65.3401980016497,29090.715012000146,13.0
1778233341,40,,Aggregated,22.400000,0.000000,83,590,700,770,940,1100,1500,1700,24000,29000,29000,15732,0,83,464.5940557526616,65.3401980016497,29090.715012000146,13.0
1778233342,40,,Aggregated,22.500000,0.000000,84,590,700,770,940,1100,1500,1700,24000,29000,29000,15755,0,84,465.03911515848114,65.3401980016497,29090.715012000146,13.0
1778233343,40,,Aggregated,22.600000,0.000000,85,590,700,770,940,1100,1500,1700,24000,29000,29000,15777,0,85,465.4570268376036,65.3401980016497,29090.715012000146,13.0
1778233344,40,,Aggregated,22.600000,0.000000,86,590,700,770,940,1100,1500,1700,24000,29000,29000,15801,0,86,466.03451182411743,65.3401980016497,29090.715012000146,13.0
1778233345,40,,Aggregated,22.800000,0.000000,87,590,700,770,940,1100,1500,1700,24000,29000,29000,15823,0,87,466.4612977447307,65.3401980016497,29090.715012000146,13.0
1778233346,40,,Aggregated,22.500000,0.000000,88,590,700,770,940,1100,1500,1700,24000,29000,29000,15843,0,88,466.8104424774899,65.3401980016497,29090.715012000146,13.0
1778233347,40,,Aggregated,22.600000,0.000000,88,590,700,770,940,1100,1500,1700,24000,29000,29000,15865,0,88,467.27588017301474,65.3401980016497,29090.715012000146,13.0
1778233348,40,,Aggregated,22.300000,0.000000,89,590,700,770,940,1100,1500,1700,24000,29000,29000,15890,0,89,467.7898793146549,65.3401980016497,29090.715012000146,13.0
1778233349,40,,Aggregated,22.400000,0.000000,90,590,700,770,940,1100,1500,1700,24000,29000,29000,15912,0,90,468.17179936305064,65.3401980016497,29090.715012000146,13.0
1778233350,40,,Aggregated,22.600000,0.000000,90,600,700,770,940,1100,1500,1700,24000,29000,29000,15935,0,90,468.64796627504677,65.3401980016497,29090.715012000146,13.0
1778233351,40,,Aggregated,22.500000,0.000000,91,600,700,770,940,1100,1500,1700,24000,29000,29000,15956,0,91,469.08906799573,65.3401980016497,29090.715012000146,13.0
1778233352,40,,Aggregated,22.500000,0.000000,92,600,710,770,940,1100,1500,1700,24000,29000,29000,15981,0,92,469.5991276792987,65.3401980016497,29090.715012000146,13.0
1778233353,40,,Aggregated,22.300000,0.000000,93,600,710,770,940,1100,1500,1700,24000,29000,29000,16002,0,93,469.97799144637384,65.3401980016497,29090.715012000146,13.0
1778233354,40,,Aggregated,22.500000,0.000000,94,600,710,770,940,1100,1500,1700,24000,29000,29000,16026,0,94,470.44838842873264,65.3401980016497,29090.715012000146,13.0
1778233355,40,,Aggregated,22.000000,0.000000,94,600,710,770,940,1100,1500,1700,24000,29000,29000,16044,0,94,470.7056303901688,65.3401980016497,29090.715012000146,13.0
1778233356,40,,Aggregated,22.600000,0.000000,95,600,710,770,940,1100,1500,1700,24000,29000,29000,16069,0,95,471.24703981111844,65.3401980016497,29090.715012000146,13.0
1778233357,40,,Aggregated,22.600000,0.000000,97,600,710,770,940,1100,1500,1700,24000,29000,29000,16092,0,96,471.58101282810475,65.3401980016497,29090.715012000146,13.0
1778233358,40,,Aggregated,22.600000,0.000000,97,600,710,770,950,1100,1500,1700,24000,29000,29000,16116,0,97,472.1433362763628,65.3401980016497,29090.715012000146,13.0
1778233359,40,,Aggregated,22.500000,0.000000,98,600,710,770,950,1100,1500,1700,24000,29000,29000,16137,0,98,472.56365774164135,65.3401980016497,29090.715012000146,13.0
1778233360,40,,Aggregated,22.600000,0.000000,99,600,710,780,950,1100,1500,1700,24000,29000,29000,16160,0,98,473.01410516868003,65.3401980016497,29090.715012000146,13.0
1778233361,40,,Aggregated,22.300000,0.000000,99,600,710,780,950,1100,1500,1700,24000,29000,29000,16182,0,99,473.41962411802433,65.3401980016497,29090.715012000146,13.0
1778233362,40,,Aggregated,22.200000,0.000000,100,600,710,780,950,1100,1500,1700,24000,29000,29000,16205,0,100.0,473.9115653830836,65.3401980016497,29090.715012000146,13.0
1778233363,40,,Aggregated,22.400000,0.000000,100,600,710,780,950,1100,1500,1700,24000,29000,29000,16228,0,100.0,474.3126503559206,65.3401980016497,29090.715012000146,13.0
1778233364,40,,Aggregated,22.400000,0.000000,100,600,710,780,950,1100,1500,1700,24000,29000,29000,16250,0,100.0,474.7256018646081,65.3401980016497,29090.715012000146,13.0
1778233365,40,,Aggregated,22.700000,0.000000,100,600,710,780,950,1100,1500,1700,24000,29000,29000,16271,0,100.0,475.13548901363697,65.3401980016497,29090.715012000146,13.0
1778233366,40,,Aggregated,22.400000,0.000000,100,600,710,780,950,1100,1500,1700,24000,29000,29000,16294,0,100.0,475.52468188639267,65.3401980016497,29090.715012000146,13.0
1778233367,40,,Aggregated,22.400000,0.000000,110,600,710,780,950,1100,1500,1700,24000,29000,29000,16318,0,110.0,475.97285327661996,65.3401980016497,29090.715012000146,13.0
1778233368,40,,Aggregated,22.400000,0.000000,110,610,710,780,950,1100,1500,1700,24000,29000,29000,16338,0,110.0,476.2850618767224,65.3401980016497,29090.715012000146,13.0
1778233369,40,,Aggregated,22.600000,0.000000,110,610,710,780,950,1100,1500,1700,24000,29000,29000,16364,0,110.0,476.78222585265763,65.3401980016497,29090.715012000146,13.0
1778233370,40,,Aggregated,22.500000,0.000000,110,610,710,780,950,1100,1500,1700,24000,29000,29000,16386,0,110.0,477.1004920486322,65.3401980016497,29090.715012000146,13.0
1778233371,40,,Aggregated,22.400000,0.000000,110,610,710,780,950,1100,1500,1700,24000,29000,29000,16407,0,110.0,477.5594482789596,65.3401980016497,29090.715012000146,13.0
1778233372,40,,Aggregated,22.600000,0.000000,110,610,710,780,950,1100,1500,1700,24000,29000,29000,16433,0,110.0,478.05713722283787,65.3401980016497,29090.715012000146,13.0
1778233373,40,,Aggregated,22.600000,0.000000,110,610,710,780,950,1100,1500,1700,24000,29000,29000,16453,0,110.0,478.47033914726194,65.3401980016497,29090.715012000146,13.0
1778233374,40,,Aggregated,22.400000,0.000000,110,610,710,780,950,1100,1500,1700,24000,29000,29000,16476,0,110.0,478.9060070867262,65.3401980016497,29090.715012000146,13.0
1778233375,40,,Aggregated,22.200000,0.000000,120,610,710,780,950,1100,1500,1700,24000,29000,29000,16498,0,120.0,479.34330639828494,65.3401980016497,29090.715012000146,13.0
1778233376,40,,Aggregated,22.400000,0.000000,120,610,710,780,950,1100,1500,1700,24000,29000,29000,16521,0,120.0,479.76558295163153,65.3401980016497,29090.715012000146,13.0
1778233377,40,,Aggregated,22.300000,0.000000,120,610,710,780,950,1100,1500,1700,24000,29000,29000,16543,0,120.0,480.1223636879585,65.3401980016497,29090.715012000146,13.0
1778233378,40,,Aggregated,22.500000,0.000000,120,610,720,780,950,1100,1500,1700,24000,29000,29000,16566,0,120.0,480.55198655872834,65.3401980016497,29090.715012000146,13.0
1778233379,40,,Aggregated,22.200000,0.000000,120,610,720,780,950,1100,1500,1700,24000,29000,29000,16589,0,120.0,480.93457794152096,65.3401980016497,29090.715012000146,13.0
1778233380,40,,Aggregated,22.200000,0.000000,120,610,720,780,950,1100,1500,1700,24000,29000,29000,16610,0,120.0,481.25638179011975,65.3401980016497,29090.715012000146,13.0
1778233381,40,,Aggregated,22.600000,0.000000,120,610,720,780,950,1100,1500,1700,24000,29000,29000,16632,0,120.0,481.6789245391951,65.3401980016497,29090.715012000146,13.0
1778233382,40,,Aggregated,22.400000,0.000000,130,610,720,780,950,1100,1500,1700,24000,29000,29000,16656,0,130.0,482.1235674723161,65.3401980016497,29090.715012000146,13.0
1778233383,40,,Aggregated,22.400000,0.000000,130,610,720,780,950,1100,1500,1700,24000,29000,29000,16677,0,130.0,482.4318271901358,65.3401980016497,29090.715012000146,13.0
1778233384,40,,Aggregated,22.500000,0.000000,130,610,720,780,950,1100,1500,1700,24000,29000,29000,16701,0,130.0,482.93146112316,65.3401980016497,29090.715012000146,13.0
1778233385,40,,Aggregated,22.600000,0.000000,130,610,720,780,950,1100,1500,1700,24000,29000,29000,16721,0,130.0,483.3078939493386,65.3401980016497,29090.715012000146,13.0
1778233386,40,,Aggregated,22.600000,0.000000,130,610,720,780,950,1100,1500,1700,24000,29000,29000,16746,0,130.0,483.69381372942144,65.3401980016497,29090.715012000146,13.0
1778233387,40,,Aggregated,22.700000,0.000000,130,610,720,780,950,1100,1500,1700,24000,29000,29000,16769,0,130.0,484.1154289630205,65.3401980016497,29090.715012000146,13.0
1778233388,40,,Aggregated,22.400000,0.000000,140,610,720,790,950,1100,1500,1700,24000,29000,29000,16791,0,140.0,484.5750130694357,65.3401980016497,29090.715012000146,13.0
1778233389,40,,Aggregated,22.500000,0.000000,140,620,720,790,950,1100,1500,1700,24000,29000,29000,16812,0,140.0,484.8767252288779,65.3401980016497,29090.715012000146,13.0
1778233390,40,,Aggregated,22.600000,0.000000,140,620,720,790,950,1100,1500,1700,24000,29000,29000,16837,0,140.0,485.2933824446695,65.3401980016497,29090.715012000146,13.0
1778233391,40,,Aggregated,22.600000,0.000000,150,620,720,790,960,1100,1500,1700,24000,29000,29000,16858,0,150.0,485.70024333840905,65.3401980016497,29090.715012000146,13.0
1778233392,40,,Aggregated,22.600000,0.000000,150,620,720,790,960,1100,1500,1700,24000,29000,29000,16884,0,150.0,486.17449931846113,65.3401980016497,29090.715012000146,13.0
1778233393,40,,Aggregated,22.600000,0.000000,150,620,720,790,960,1100,1500,1700,24000,29000,29000,16904,0,150.0,486.50803547449715,65.3401980016497,29090.715012000146,13.0
1778233394,40,,Aggregated,22.700000,0.000000,160,620,720,790,960,1100,1500,1700,24000,29000,29000,16926,0,160.0,486.8490804507798,65.3401980016497,29090.715012000146,13.0
1778233395,40,,Aggregated,22.700000,0.000000,170,620,720,790,960,1100,1500,1700,24000,29000,29000,16951,0,170.0,487.3652693840421,65.3401980016497,29090.715012000146,13.0
1778233396,40,,Aggregated,22.400000,0.000000,170,620,720,790,960,1100,1500,1700,24000,29000,29000,16971,0,170.0,487.69088242890194,65.3401980016497,29090.715012000146,13.0
1778233397,40,,Aggregated,22.300000,0.000000,170,620,720,790,960,1100,1500,1700,24000,29000,29000,16995,0,170.0,488.1177084844889,65.3401980016497,29090.715012000146,13.0
1778233398,40,,Aggregated,22.400000,0.000000,180,620,720,790,960,1100,1500,1700,23000,29000,29000,17017,0,180.0,488.4900465297573,65.3401980016497,29090.715012000146,13.0
1778233399,40,,Aggregated,22.400000,0.000000,190,620,720,790,960,1100,1500,1700,23000,29000,29000,17041,0,190.0,488.87588711677046,65.3401980016497,29090.715012000146,13.0
1778233400,40,,Aggregated,22.400000,0.000000,190,620,730,790,960,1100,1500,1700,23000,29000,29000,17059,0,190.0,489.2045709648214,65.3401980016497,29090.715012000146,13.0
1778233401,40,,Aggregated,22.100000,0.000000,190,620,730,790,960,1100,1500,1700,23000,29000,29000,17083,0,190.0,489.65126726932533,65.3401980016497,29090.715012000146,13.0
1778233402,40,,Aggregated,22.300000,0.000000,200,620,730,790,960,1100,1500,1700,23000,29000,29000,17106,0,200.0,489.9962814120125,65.3401980016497,29090.715012000146,13.0
1778233403,40,,Aggregated,22.300000,0.000000,210,620,730,790,960,1100,1500,1700,23000,29000,29000,17129,0,210.0,490.41985749955563,65.3401980016497,29090.715012000146,13.0
1778233404,40,,Aggregated,22.300000,0.000000,220,620,730,790,960,1100,1500,1700,23000,29000,29000,17152,0,220.0,490.79548092664896,65.3401980016497,29090.715012000146,13.0
1778233405,40,,Aggregated,22.100000,0.000000,220,630,730,790,960,1100,1500,1700,23000,29000,29000,17173,0,220.0,491.2099768753788,65.3401980016497,29090.715012000146,13.0
1778233406,40,,Aggregated,22.300000,0.000000,230,630,730,790,960,1100,1500,1700,23000,29000,29000,17196,0,230.0,491.61026579564276,65.3401980016497,29090.715012000146,13.0
1778233407,40,,Aggregated,22.400000,0.000000,240,630,730,790,960,1100,1500,1700,23000,29000,29000,17217,0,240.0,491.9857852008407,65.3401980016497,29090.715012000146,13.0
1778233408,40,,Aggregated,22.200000,0.000000,260,630,730,800,960,1100,1500,1700,23000,29000,29000,17241,0,260.0,492.3941690814846,65.3401980016497,29090.715012000146,13.0
1778233409,40,,Aggregated,22.400000,0.000000,270,630,730,800,960,1100,1500,1700,23000,29000,29000,17263,0,270.0,492.7347007855456,65.3401980016497,29090.715012000146,13.0
1778233410,40,,Aggregated,22.300000,0.000000,280,630,730,800,960,1100,1500,1700,23000,29000,29000,17285,0,280.0,493.033284252234,65.3401980016497,29090.715012000146,13.0
1778233411,40,,Aggregated,22.500000,0.000000,300,630,730,800,960,1100,1500,1700,23000,29000,29000,17310,0,300.0,493.5234999371964,65.3401980016497,29090.715012000146,13.0
1778233412,40,,Aggregated,22.500000,0.000000,320,630,730,800,960,1100,1500,1700,23000,29000,29000,17331,0,320.0,493.84170307621423,65.3401980016497,29090.715012000146,13.0
1778233413,40,,Aggregated,22.600000,0.000000,360,630,730,800,960,1100,1500,1700,23000,29000,29000,17354,0,360.0,494.2571080724828,65.3401980016497,29090.715012000146,13.0
1778233414,40,,Aggregated,22.200000,0.000000,370,630,730,800,960,1100,1500,1700,23000,29000,29000,17375,0,370.0,494.4965451669564,65.3401980016497,29090.715012000146,13.0
1778233415,40,,Aggregated,22.600000,0.000000,390,630,730,800,960,1100,1500,1700,23000,29000,29000,17398,0,390.0,494.9270374018779,65.3401980016497,29090.715012000146,13.0
1778233416,40,,Aggregated,22.600000,0.000000,410,630,730,800,960,1100,1500,1700,23000,29000,29000,17423,0,410.0,495.34148473918765,65.3401980016497,29090.715012000146,13.0
1778233417,40,,Aggregated,22.300000,0.000000,420,630,730,800,960,1100,1500,1700,23000,29000,29000,17443,0,420.0,495.6525885129202,65.3401980016497,29090.715012000146,13.0
1778233418,40,,Aggregated,22.500000,0.000000,430,630,730,800,960,1100,1500,1700,23000,29000,29000,17467,0,430.0,495.9961120171101,65.3401980016497,29090.715012000146,13.0
1778233419,40,,Aggregated,22.500000,0.000000,430,630,730,800,960,1100,1500,1700,23000,29000,29000,17490,0,430.0,496.2698744212609,65.3401980016497,29090.715012000146,13.0
1778233420,40,,Aggregated,22.800000,0.000000,430,630,730,800,960,1100,1500,1700,23000,29000,29000,17513,0,430.0,496.5546196030293,65.3401980016497,29090.715012000146,13.0
1778233421,40,,Aggregated,22.600000,0.000000,440,630,730,800,960,1100,1500,1700,23000,29000,29000,17537,0,440.0,496.9541468054887,65.3401980016497,29090.715012000146,13.0
1778233422,40,,Aggregated,22.600000,0.000000,440,630,730,800,960,1100,1500,1700,23000,29000,29000,17560,0,440.0,497.2807648589897,65.3401980016497,29090.715012000146,13.0
1778233423,40,,Aggregated,22.400000,0.000000,440,630,730,800,970,1100,1500,1700,23000,29000,29000,17582,0,440.0,497.5994185464032,65.3401980016497,29090.715012000146,13.0
1778233424,40,,Aggregated,22.800000,0.000000,440,630,730,800,970,1100,1500,1700,23000,29000,29000,17605,0,440.0,497.92067783674287,65.3401980016497,29090.715012000146,13.0
1778233425,40,,Aggregated,22.700000,0.000000,450,630,730,800,970,1100,1500,1700,23000,29000,29000,17628,0,450.0,498.24702831778154,65.3401980016497,29090.715012000146,13.0
1778233426,40,,Aggregated,22.700000,0.000000,450,630,730,800,970,1100,1500,1700,23000,29000,29000,17651,0,450.0,498.56641648211723,65.3401980016497,29090.715012000146,13.0
1778233427,40,,Aggregated,22.800000,0.000000,450,630,730,800,970,1100,1500,1700,23000,29000,29000,17676,0,450.0,498.92237685369145,65.3401980016497,29090.715012000146,13.0
1778233428,40,,Aggregated,22.800000,0.000000,450,630,730,800,970,1100,1500,1700,23000,29000,29000,17699,0,450.0,499.2294660954773,65.3401980016497,29090.715012000146,13.0
1778233429,40,,Aggregated,23.000000,0.000000,450,630,730,800,970,1100,1500,1700,23000,29000,29000,17722,0,450.0,499.51264718343594,65.3401980016497,29090.715012000146,13.0
1778233430,40,,Aggregated,22.800000,0.000000,450,630,730,800,970,1100,1500,1700,23000,29000,29000,17744,0,450.0,499.7564559643176,65.3401980016497,29090.715012000146,13.0
1778233431,40,,Aggregated,23.100000,0.000000,460,630,730,800,970,1200,1500,1700,23000,29000,29000,17766,0,460.0,500.1418507383686,65.3401980016497,29090.715012000146,13.0
1778233432,40,,Aggregated,23.000000,0.000000,460,630,730,800,970,1200,1500,1700,23000,29000,29000,17790,0,460.0,500.46208915024505,65.3401980016497,29090.715012000146,13.0
1778233433,40,,Aggregated,23.000000,0.000000,460,630,730,800,970,1200,1500,1700,23000,29000,29000,17810,0,460.0,500.6252329207669,65.3401980016497,29090.715012000146,13.0
1778233434,40,,Aggregated,22.800000,0.000000,460,630,730,800,970,1200,1500,1700,23000,29000,29000,17835,0,460.0,501.140213121719,65.3401980016497,29090.715012000146,13.0
1778233435,40,,Aggregated,23.000000,0.000000,460,630,730,800,970,1200,1500,1700,23000,29000,29000,17859,0,460.0,501.40481299192845,65.3401980016497,29090.715012000146,13.0
1778233436,40,,Aggregated,22.600000,0.000000,460,630,730,800,970,1200,1500,1700,23000,29000,29000,17882,0,460.0,501.74596096621445,65.3401980016497,29090.715012000146,13.0
1778233437,40,,Aggregated,22.900000,0.000000,460,630,730,800,970,1200,1500,1700,23000,29000,29000,17902,0,460.0,502.0634615275304,65.3401980016497,29090.715012000146,13.0
1778233438,40,,Aggregated,23.200000,0.000000,470,630,730,800,970,1200,1500,1700,23000,29000,29000,17926,0,470.0,502.44651647209906,65.3401980016497,29090.715012000146,13.0
1778233439,40,,Aggregated,22.800000,0.000000,470,630,730,800,970,1200,1500,1700,23000,29000,29000,17950,0,470.0,502.7101550986542,65.3401980016497,29090.715012000146,13.0
1778233440,40,,Aggregated,22.600000,0.000000,470,630,740,800,970,1200,1500,1700,23000,29000,29000,17973,0,470.0,503.11818510520396,65.3401980016497,29090.715012000146,13.0
1778233441,40,,Aggregated,22.600000,0.000000,470,630,740,800,970,1200,1500,1700,23000,29000,29000,17996,0,470.0,503.35586453722084,65.3401980016497,29090.715012000146,13.0
1778233442,40,,Aggregated,22.700000,0.000000,470,630,740,800,970,1200,1500,1700,23000,29000,29000,18019,0,470.0,503.69565860396386,65.3401980016497,29090.715012000146,13.0
1778233443,40,,Aggregated,22.700000,0.000000,470,630,740,800,970,1200,1500,1700,23000,29000,29000,18042,0,470.0,504.054102842358,65.3401980016497,29090.715012000146,13.0
1778233444,40,,Aggregated,22.800000,0.000000,470,630,740,800,970,1200,1500,1700,23000,29000,29000,18064,0,470.0,504.34047499843956,65.3401980016497,29090.715012000146,13.0
1778233445,40,,Aggregated,22.700000,0.000000,470,630,740,800,970,1200,1500,1700,23000,29000,29000,18086,0,470.0,504.6454756155484,65.3401980016497,29090.715012000146,13.0
1778233446,40,,Aggregated,23.000000,0.000000,480,630,740,800,970,1200,1500,1700,23000,29000,29000,18111,0,480.0,504.9961435294468,65.3401980016497,29090.715012000146,13.0
1778233447,40,,Aggregated,22.800000,0.000000,480,630,740,800,970,1200,1500,1700,23000,29000,29000,18134,0,480.0,505.3159923748105,65.3401980016497,29090.715012000146,13.0
1778233448,40,,Aggregated,22.600000,0.000000,480,640,740,800,970,1200,1500,1700,23000,29000,29000,18158,0,480.0,505.6292690426156,65.3401980016497,29090.715012000146,13.0
1778233449,40,,Aggregated,22.800000,0.000000,480,640,740,800,970,1200,1500,1700,23000,29000,29000,18178,0,480.0,505.90155602997095,65.3401980016497,29090.715012000146,13.0
1778233450,40,,Aggregated,23.000000,0.000000,480,640,740,800,970,1200,1500,1700,23000,29000,29000,18200,0,480.0,506.1808360067479,65.3401980016497,29090.715012000146,13.0
1778233451,40,,Aggregated,23.100000,0.000000,480,640,740,800,970,1200,1500,1700,23000,29000,29000,18224,0,480.0,506.5060376230693,65.3401980016497,29090.715012000146,13.0
1778233452,40,,Aggregated,22.700000,0.000000,480,640,740,800,970,1200,1500,1700,23000,29000,29000,18247,0,480.0,506.8077012801453,65.3401980016497,29090.715012000146,13.0
1778233454,40,,Aggregated,22.700000,0.000000,480,640,740,800,970,1200,1500,1700,23000,29000,29000,18273,0,480.0,507.15427508229703,65.3401980016497,29090.715012000146,13.0
1778233455,40,,Aggregated,22.800000,0.000000,480,640,740,800,970,1200,1500,1700,23000,29000,29000,18293,0,480.0,507.4416492882972,65.3401980016497,29090.715012000146,13.0
1778233456,40,,Aggregated,22.800000,0.000000,480,640,740,800,970,1200,1500,1700,23000,29000,29000,18318,0,480.0,507.7847130584572,65.3401980016497,29090.715012000146,13.0
1778233457,40,,Aggregated,23.100000,0.000000,480,640,740,800,970,1200,1500,1700,23000,29000,29000,18340,0,480.0,508.0610256458461,65.3401980016497,29090.715012000146,13.0
1778233458,40,,Aggregated,23.100000,0.000000,480,640,740,800,970,1200,1500,1700,23000,29000,29000,18363,0,480.0,508.353930894615,65.3401980016497,29090.715012000146,13.0
1778233459,40,,Aggregated,23.100000,0.000000,490,640,740,800,970,1200,1500,1700,23000,29000,29000,18384,0,490.0,508.6221037060928,65.3401980016497,29090.715012000146,13.0
1778233460,40,,Aggregated,22.900000,0.000000,490,640,740,800,970,1200,1500,1700,23000,29000,29000,18408,0,490.0,508.8411143961762,65.3401980016497,29090.715012000146,13.0
1778233461,40,,Aggregated,22.800000,0.000000,490,640,740,800,970,1200,1500,1700,23000,29000,29000,18432,0,490.0,509.1366308988068,65.3401980016497,29090.715012000146,13.0
1778233462,40,,Aggregated,22.600000,0.000000,490,640,740,810,980,1200,1500,1700,23000,29000,29000,18454,0,490.0,509.49597957980944,65.3401980016497,29090.715012000146,13.0
1778233463,40,,Aggregated,23.200000,0.000000,490,640,740,810,980,1200,1500,1700,23000,29000,29000,18478,0,490.0,509.762692720143,65.3401980016497,29090.715012000146,13.0
1778233464,40,,Aggregated,23.200000,0.000000,490,640,740,810,980,1200,1500,1700,23000,29000,29000,18500,0,490.0,510.0590523807999,65.3401980016497,29090.715012000146,13.0
1778233465,40,,Aggregated,23.000000,0.000000,490,640,740,810,980,1200,1500,1700,23000,29000,29000,18521,0,490.0,510.3254054359813,65.3401980016497,29090.715012000146,13.0
1778233466,40,,Aggregated,23.000000,0.000000,490,640,740,810,980,1200,1500,1700,23000,29000,29000,18547,0,490.0,510.7050668142996,65.3401980016497,29090.715012000146,13.0
1778233467,40,,Aggregated,22.800000,0.000000,490,640,740,810,980,1200,1500,1700,23000,29000,29000,18569,0,490.0,510.96986522148796,65.3401980016497,29090.715012000146,13.0
1778233468,40,,Aggregated,22.900000,0.000000,490,640,740,810,980,1200,1500,1700,23000,29000,29000,18592,0,490.0,511.25988687590404,65.3401980016497,29090.715012000146,13.0
1778233469,40,,Aggregated,22.800000,0.000000,490,640,740,810,980,1200,1500,1700,23000,29000,29000,18616,0,490.0,511.55959189916257,65.3401980016497,29090.715012000146,13.0
1778233470,40,,Aggregated,22.900000,0.000000,490,640,740,810,980,1200,1500,1700,23000,29000,29000,18636,0,490.0,511.83011760076255,65.3401980016497,29090.715012000146,13.0
1778233471,40,,Aggregated,22.900000,0.000000,490,640,740,810,980,1200,1500,1700,23000,29000,29000,18660,0,490.0,512.1568540343951,65.3401980016497,29090.715012000146,13.0
1778233472,40,,Aggregated,22.700000,0.000000,490,640,740,810,980,1200,1500,1700,23000,29000,29000,18685,0,490.0,512.4851417071884,65.3401980016497,29090.715012000146,13.0
1778233473,40,,Aggregated,22.800000,0.000000,490,640,750,810,980,1200,1500,1700,23000,29000,29000,18707,0,490.0,512.7666059523609,65.3401980016497,29090.715012000146,13.0
1778233474,40,,Aggregated,22.700000,0.000000,500,650,750,810,980,1200,1500,1700,23000,29000,29000,18729,0,500.0,513.0528289592517,65.3401980016497,29090.715012000146,13.0
1778233475,40,,Aggregated,22.900000,0.000000,500,650,750,810,980,1200,1500,1700,23000,29000,29000,18751,0,500.0,513.3647201573157,65.3401980016497,29090.715012000146,13.0
1778233476,40,,Aggregated,22.800000,0.000000,500,650,750,810,980,1200,1500,1700,23000,29000,29000,18777,0,500.0,513.6551264520865,65.3401980016497,29090.715012000146,13.0
1778233477,40,,Aggregated,22.900000,0.000000,500,650,750,810,980,1200,1500,1700,23000,29000,29000,18797,0,500.0,513.9099799739229,65.3401980016497,29090.715012000146,13.0
1778233478,40,,Aggregated,22.900000,0.000000,500,650,750,810,980,1200,1500,1700,23000,29000,29000,18820,0,500.0,514.2416665044011,65.3401980016497,29090.715012000146,13.0
1778233479,40,,Aggregated,22.700000,0.000000,500,650,750,810,980,1200,1500,1700,23000,29000,29000,18844,0,500.0,514.5420629857155,65.3401980016497,29090.715012000146,13.0
1778233480,40,,Aggregated,22.900000,0.000000,500,650,750,810,980,1200,1500,1700,23000,29000,29000,18867,0,500.0,514.8570359520763,65.3401980016497,29090.715012000146,13.0
1778233481,40,,Aggregated,22.600000,0.000000,500,650,750,810,980,1200,1500,1700,23000,29000,29000,18887,0,500.0,515.1204219593278,65.3401980016497,29090.715012000146,13.0
1778233482,40,,Aggregated,22.900000,0.000000,500,650,750,810,980,1200,1500,1700,23000,29000,29000,18911,0,500.0,515.4091928891029,65.3401980016497,29090.715012000146,13.0
1778233483,40,,Aggregated,22.600000,0.000000,500,650,750,810,980,1200,1500,1700,23000,29000,29000,18935,0,500.0,515.7136247297503,65.3401980016497,29090.715012000146,13.0
1778233484,40,,Aggregated,22.800000,0.000000,500,650,750,810,980,1200,1500,1700,23000,29000,29000,18959,0,500.0,516.0205532615022,65.3401980016497,29090.715012000146,13.0
1778233485,40,,Aggregated,22.400000,0.000000,500,650,750,810,980,1200,1500,1700,23000,29000,29000,18980,0,500.0,516.263968819274,65.3401980016497,29090.715012000146,13.0
1778233486,40,,Aggregated,22.900000,0.000000,500,650,750,810,980,1200,1500,1700,23000,29000,29000,19005,0,500.0,516.5894904742339,65.3401980016497,29090.715012000146,13.0
1778233487,40,,Aggregated,22.900000,0.000000,500,650,750,810,980,1200,1500,1700,23000,29000,29000,19025,0,500.0,516.8629117714491,65.3401980016497,29090.715012000146,13.0
1778233488,40,,Aggregated,22.800000,0.000000,500,650,750,810,980,1200,1500,1700,23000,29000,29000,19048,0,500.0,517.1396838994549,65.3401980016497,29090.715012000146,13.0
1778233489,40,,Aggregated,23.000000,0.000000,500,650,750,810,980,1200,1500,1700,23000,29000,29000,19071,0,500.0,517.2976203484778,65.3401980016497,29090.715012000146,13.0
1778233490,40,,Aggregated,22.600000,0.000000,500,650,750,810,980,1200,1500,1700,23000,29000,29000,19096,0,500.0,517.6940793268652,65.3401980016497,29090.715012000146,13.0
1778233491,40,,Aggregated,22.800000,0.000000,500,650,750,810,980,1200,1500,1700,23000,29000,29000,19119,0,500.0,517.9194240806432,65.3401980016497,29090.715012000146,13.0
1778233492,40,,Aggregated,22.700000,0.000000,510,650,750,810,980,1200,1500,1700,23000,29000,29000,19142,0,510.0,518.2428781539973,65.3401980016497,29090.715012000146,13.0
1778233493,40,,Aggregated,23.000000,0.000000,510,650,750,810,980,1200,1500,1700,23000,29000,29000,19165,0,510.0,518.5369401233919,65.3401980016497,29090.715012000146,13.0
1778233494,40,,Aggregated,23.100000,0.000000,510,650,750,810,980,1200,1500,1700,23000,29000,29000,19186,0,510.0,518.7548959424479,65.3401980016497,29090.715012000146,13.0
1778233495,40,,Aggregated,23.000000,0.000000,510,650,750,810,980,1200,1500,1700,23000,29000,29000,19208,0,510.0,519.0915978423996,65.3401980016497,29090.715012000146,13.0
1778233496,40,,Aggregated,22.500000,0.000000,510,650,750,810,980,1200,1500,1700,23000,29000,29000,19232,0,510.0,519.2944697738044,65.3401980016497,29090.715012000146,13.0
1778233497,40,,Aggregated,22.800000,0.000000,510,650,750,810,980,1200,1500,1700,23000,29000,29000,19255,0,510.0,519.6317141580789,65.3401980016497,29090.715012000146,13.0
1778233498,40,,Aggregated,22.600000,0.000000,510,650,750,810,980,1200,1500,1700,23000,29000,29000,19278,0,510.0,519.9243085324105,65.3401980016497,29090.715012000146,13.0
1778233499,40,,Aggregated,22.500000,0.000000,510,650,750,810,980,1200,1500,1700,23000,29000,29000,19300,0,510.0,520.1721879975034,65.3401980016497,29090.715012000146,13.0
1778233500,40,,Aggregated,23.100000,0.000000,510,650,750,810,980,1200,1500,1700,23000,29000,29000,19324,0,510.0,520.435004690997,65.3401980016497,29090.715012000146,13.0
1778233501,40,,Aggregated,22.700000,0.000000,510,650,750,810,980,1200,1500,1700,23000,29000,29000,19346,0,510.0,520.7219156780124,65.3401980016497,29090.715012000146,13.0
1778233502,40,,Aggregated,23.100000,0.000000,510,650,750,810,980,1200,1500,1700,23000,29000,29000,19371,0,510.0,521.0744714197423,65.3401980016497,29090.715012000146,13.0
1778233503,40,,Aggregated,22.600000,0.000000,510,650,750,810,980,1200,1500,1700,23000,29000,29000,19392,0,510.0,521.2268581856863,65.3401980016497,29090.715012000146,13.0
1778233504,40,,Aggregated,22.600000,0.000000,510,650,750,810,980,1200,1500,1700,23000,29000,29000,19416,0,510.0,521.4573450406282,65.3401980016497,29090.715012000146,13.0
1778233505,40,,Aggregated,22.900000,0.000000,510,650,750,810,980,1200,1500,1700,23000,29000,29000,19440,0,510.0,521.752740804364,65.3401980016497,29090.715012000146,13.0
1778233506,40,,Aggregated,23.100000,0.000000,510,650,750,810,980,1200,1500,1700,23000,29000,29000,19461,0,510.0,521.9760470004028,65.3401980016497,29090.715012000146,13.0
1778233507,40,,Aggregated,23.000000,0.000000,510,650,750,810,980,1200,1500,1700,23000,29000,29000,19483,0,510.0,522.1804228164472,65.3401980016497,29090.715012000146,13.0
1778233508,40,,Aggregated,23.100000,0.000000,510,650,750,810,980,1200,1500,1700,23000,29000,29000,19510,0,510.0,522.5589639749273,65.3401980016497,29090.715012000146,13.0
1778233509,40,,Aggregated,23.000000,0.000000,510,650,750,810,980,1200,1500,1700,23000,29000,29000,19531,0,510.0,522.7961958793627,65.3401980016497,29090.715012000146,13.0
1778233510,40,,Aggregated,22.800000,0.000000,510,650,760,810,980,1200,1500,1700,23000,29000,29000,19554,0,510.0,523.071350039267,65.3401980016497,29090.715012000146,13.0
1778233511,40,,Aggregated,23.200000,0.000000,510,650,760,810,980,1200,1500,1700,23000,29000,29000,19576,0,510.0,523.2230573978761,65.3401980016497,29090.715012000146,13.0
1778233512,40,,Aggregated,22.900000,0.000000,510,650,760,810,980,1200,1500,1700,23000,29000,29000,19601,0,510.0,523.6255203259436,65.3401980016497,29090.715012000146,13.0
1778233513,40,,Aggregated,23.100000,0.000000,510,650,760,810,980,1200,1500,1700,23000,29000,29000,19623,0,510.0,523.8013957201662,65.3401980016497,29090.715012000146,13.0
1778233514,40,,Aggregated,22.700000,0.000000,510,650,760,810,980,1200,1500,1700,23000,29000,29000,19646,0,510.0,524.0391505955319,65.3401980016497,29090.715012000146,13.0
1778233515,40,,Aggregated,22.900000,0.000000,510,650,760,810,980,1200,1500,1700,23000,29000,29000,19669,0,510.0,524.3401262499275,65.3401980016497,29090.715012000146,13.0
1778233516,40,,Aggregated,23.000000,0.000000,520,660,760,810,980,1200,1500,1700,23000,29000,29000,19690,0,520.0,524.5993460782034,65.3401980016497,29090.715012000146,13.0
1778233517,40,,Aggregated,23.100000,0.000000,520,660,760,810,980,1200,1500,1700,23000,29000,29000,19714,0,520.0,524.9014372264796,65.3401980016497,29090.715012000146,13.0
1778233518,40,,Aggregated,22.900000,0.000000,520,660,760,810,980,1200,1500,1700,23000,29000,29000,19738,0,520.0,525.1542891444839,65.3401980016497,29090.715012000146,13.0
1778233519,40,,Aggregated,23.100000,0.000000,520,660,760,810,980,1200,1500,1700,23000,29000,29000,19761,0,520.0,525.4281887911452,65.3401980016497,29090.715012000146,13.0
1778233520,40,,Aggregated,22.900000,0.000000,520,660,760,820,980,1200,1500,1700,23000,29000,29000,19785,0,520.0,525.7069984314287,65.3401980016497,29090.715012000146,13.0
1778233521,40,,Aggregated,22.900000,0.000000,520,660,760,820,980,1200,1500,1700,23000,29000,29000,19804,0,520.0,525.9108799391952,65.3401980016497,29090.715012000146,13.0
1778233522,40,,Aggregated,22.700000,0.000000,520,660,760,820,980,1200,1500,1700,23000,29000,29000,19829,0,520.0,526.1569769678161,65.3401980016497,29090.715012000146,13.0
1778233523,40,,Aggregated,23.000000,0.000000,520,660,760,820,980,1200,1500,1700,23000,29000,29000,19852,0,520.0,526.4622706022485,65.3401980016497,29090.715012000146,13.0
1778233524,40,,Aggregated,23.000000,0.000000,520,660,760,820,980,1200,1500,1700,23000,29000,29000,19875,0,520.0,526.6827448250986,65.3401980016497,29090.715012000146,13.0
1778233525,40,,Aggregated,22.800000,0.000000,520,660,760,820,980,1200,1500,1700,23000,29000,29000,19898,0,520.0,526.9588090466801,65.3401980016497,29090.715012000146,13.0
1778233526,40,,Aggregated,22.500000,0.000000,520,660,760,820,980,1200,1500,1700,23000,29000,29000,19922,0,520.0,527.1921944882463,65.3401980016497,29090.715012000146,13.0
1778233527,40,,Aggregated,22.600000,0.000000,520,660,760,820,980,1200,1500,1700,23000,29000,29000,19945,0,520.0,527.4850796587541,65.3401980016497,29090.715012000146,13.0
1778233528,40,,Aggregated,22.800000,0.000000,520,660,760,820,980,1200,1500,1700,23000,29000,29000,19967,0,520.0,527.7607070042496,65.3401980016497,29090.715012000146,13.0
1778233529,40,,Aggregated,22.600000,0.000000,520,660,760,820,980,1200,1500,1700,23000,29000,29000,19989,0,520.0,527.9664519671245,65.3401980016497,29090.715012000146,13.0
1778233530,40,,Aggregated,22.900000,0.000000,520,660,760,820,990,1200,1500,1700,22000,29000,29000,20013,0,520.0,528.2642187933769,65.3401980016497,29090.715012000146,13.0
1778233531,40,,Aggregated,22.700000,0.000000,520,660,760,820,990,1200,1500,1700,22000,29000,29000,20037,0,520.0,528.552365573232,65.3401980016497,29090.715012000146,13.0
1778233532,40,,Aggregated,22.800000,0.000000,520,660,760,820,990,1200,1500,1700,22000,29000,29000,20058,0,520.0,528.770784062162,65.3401980016497,29090.715012000146,13.0
1778233533,40,,Aggregated,22.700000,0.000000,520,660,760,820,990,1200,1500,1700,22000,29000,29000,20080,0,520.0,528.9932768675222,65.3401980016497,29090.715012000146,13.0
1778233534,40,,Aggregated,22.800000,0.000000,520,660,760,820,990,1200,1500,1700,22000,29000,29000,20105,0,520.0,529.2830871292136,65.3401980016497,29090.715012000146,13.0
1778233535,40,,Aggregated,22.900000,0.000000,520,660,760,820,990,1200,1500,1700,22000,29000,29000,20126,0,520.0,529.5138119632236,65.3401980016497,29090.715012000146,13.0
1778233536,40,,Aggregated,23.100000,0.000000,520,660,760,820,990,1200,1500,1700,22000,29000,29000,20149,0,520.0,529.7792492153872,65.3401980016497,29090.715012000146,13.0
1778233537,40,,Aggregated,22.800000,0.000000,520,660,760,820,990,1200,1500,1700,22000,29000,29000,20175,0,520.0,530.0565506022226,65.3401980016497,29090.715012000146,13.0
1778233538,40,,Aggregated,22.700000,0.000000,520,660,760,820,990,1200,1500,1700,22000,29000,29000,20197,0,520.0,530.2754750715372,65.3401980016497,29090.715012000146,13.0
1778233539,40,,Aggregated,22.900000,0.000000,520,660,760,820,990,1200,1500,1700,22000,29000,29000,20221,0,520.0,530.5217682844982,65.3401980016497,29090.715012000146,13.0
1778233540,40,,Aggregated,22.600000,0.000000,520,660,760,820,990,1200,1500,1700,22000,29000,29000,20242,0,520.0,530.6188397235866,65.3401980016497,29090.715012000146,13.0
1778233541,40,,Aggregated,22.800000,0.000000,530,660,760,820,990,1200,1500,1700,22000,29000,29000,20266,0,530.0,530.9938370004852,65.3401980016497,29090.715012000146,13.0
1778233542,40,,Aggregated,22.900000,0.000000,530,660,760,820,990,1200,1500,1700,22000,29000,29000,20288,0,530.0,531.1981658495579,65.3401980016497,29090.715012000146,13.0
1778233543,40,,Aggregated,22.900000,0.000000,530,660,760,820,990,1200,1500,1700,22000,29000,29000,20311,0,530.0,531.4385067337316,65.3401980016497,29090.715012000146,13.0
1778233544,40,,Aggregated,23.000000,0.000000,530,660,760,820,990,1200,1500,1700,22000,29000,29000,20334,0,530.0,531.699956982484,65.3401980016497,29090.715012000146,13.0
1778233545,40,,Aggregated,22.900000,0.000000,530,660,760,820,990,1200,1500,1700,22000,29000,29000,20357,0,530.0,531.9475225463885,65.3401980016497,29090.715012000146,13.0
1778233546,40,,Aggregated,22.800000,0.000000,530,660,760,820,990,1200,1500,1700,22000,29000,29000,20380,0,530.0,532.1405990239365,65.3401980016497,29090.715012000146,13.0
1778233547,40,,Aggregated,22.900000,0.000000,530,660,760,820,990,1200,1500,1600,22000,29000,29000,20404,0,530.0,532.4170002073529,65.3401980016497,29090.715012000146,13.0
1778233548,40,,Aggregated,22.900000,0.000000,530,660,760,820,990,1200,1500,1600,22000,29000,29000,20427,0,530.0,532.6395211075452,65.3401980016497,29090.715012000146,13.0
1778233549,40,,Aggregated,22.800000,0.000000,530,660,760,820,990,1200,1500,1600,22000,29000,29000,20452,0,530.0,532.949363816391,65.3401980016497,29090.715012000146,13.0
1778233550,40,,Aggregated,23.000000,0.000000,530,660,760,820,990,1200,1500,1600,22000,29000,29000,20472,0,530.0,533.1429060666192,65.3401980016497,29090.715012000146,13.0
1778233551,40,,Aggregated,22.700000,0.000000,530,660,760,820,990,1200,1500,1600,22000,29000,29000,20496,0,530.0,533.4329589188537,65.3401980016497,29090.715012000146,13.0
1778233552,40,,Aggregated,23.100000,0.000000,530,660,760,820,990,1200,1500,1600,22000,29000,29000,20517,0,530.0,533.6284488366148,65.3401980016497,29090.715012000146,13.0
1778233553,40,,Aggregated,22.600000,0.000000,530,660,760,820,990,1200,1500,1600,22000,29000,29000,20543,0,530.0,533.8745596910784,65.3401980016497,29090.715012000146,13.0
1778233554,40,,Aggregated,23.000000,0.000000,530,660,760,820,990,1200,1500,1600,22000,29000,29000,20564,0,530.0,534.1692432326798,65.3401980016497,29090.715012000146,13.0
1778233555,40,,Aggregated,22.900000,0.000000,530,670,760,820,990,1200,1500,1600,22000,29000,29000,20586,0,530.0,534.3925611832716,65.3401980016497,29090.715012000146,13.0
1778233556,40,,Aggregated,22.900000,0.000000,530,670,760,820,990,1200,1500,1600,22000,29000,29000,20609,0,530.0,534.5551312559477,65.3401980016497,29090.715012000146,13.0
1778233557,40,,Aggregated,23.000000,0.000000,530,670,760,820,990,1200,1500,1600,22000,29000,29000,20632,0,530.0,534.8612356738965,65.3401980016497,29090.715012000146,13.0
1778233558,40,,Aggregated,22.900000,0.000000,530,670,760,820,990,1200,1500,1600,22000,29000,29000,20657,0,530.0,535.137787522672,65.3401980016497,29090.715012000146,13.0
1778233559,40,,Aggregated,23.000000,0.000000,530,670,760,820,990,1200,1500,1600,22000,29000,29000,20678,0,530.0,535.3263233471242,65.3401980016497,29090.715012000146,13.0
1778233560,40,,Aggregated,22.800000,0.000000,530,670,760,820,990,1200,1500,1600,22000,29000,29000,20701,0,530.0,535.5537349850172,65.3401980016497,29090.715012000146,13.0
1778233561,40,,Aggregated,23.000000,0.000000,530,670,760,820,990,1200,1500,1600,22000,29000,29000,20726,0,530.0,535.8065244064384,65.3401980016497,29090.715012000146,13.0
1778233562,40,,Aggregated,22.800000,0.000000,530,670,760,820,990,1200,1500,1600,22000,29000,29000,20749,0,530.0,536.1079062824155,65.3401980016497,29090.715012000146,13.0
1778233563,40,,Aggregated,23.000000,0.000000,530,670,760,820,990,1200,1500,1600,22000,29000,29000,20772,0,530.0,536.2768351992024,65.3401980016497,29090.715012000146,13.0
1778233564,40,,Aggregated,22.900000,0.000000,530,670,760,820,990,1200,1500,1600,22000,29000,29000,20795,0,530.0,536.5271924682778,65.3401980016497,29090.715012000146,13.0
1778233565,40,,Aggregated,22.700000,0.000000,530,670,760,820,990,1200,1500,1600,22000,29000,29000,20814,0,530.0,536.7301441136657,65.3401980016497,29090.715012000146,13.0
1778233566,40,,Aggregated,22.700000,0.000000,530,670,760,820,990,1200,1500,1600,22000,29000,29000,20839,0,530.0,536.942980578139,65.3401980016497,29090.715012000146,13.0
1778233567,40,,Aggregated,22.600000,0.000000,530,670,760,820,990,1200,1500,1600,22000,29000,29000,20861,0,530.0,537.1165658803911,65.3401980016497,29090.715012000146,13.0
1778233568,40,,Aggregated,22.900000,0.000000,530,670,760,820,990,1200,1500,1600,22000,29000,29000,20886,0,530.0,537.4187621199768,65.3401980016497,29090.715012000146,13.0
1778233569,40,,Aggregated,22.900000,0.000000,530,670,760,820,990,1200,1500,1600,22000,29000,29000,20910,0,530.0,537.6928033983182,65.3401980016497,29090.715012000146,13.0
1778233570,40,,Aggregated,22.900000,0.000000,540,670,770,820,990,1200,1500,1600,22000,29000,29000,20930,0,540.0,537.9006803332459,65.3401980016497,29090.715012000146,13.0
1778233571,40,,Aggregated,22.900000,0.000000,540,670,770,820,990,1200,1500,1600,22000,29000,29000,20953,0,540.0,538.1138036813746,65.3401980016497,29090.715012000146,13.0
1778233572,40,,Aggregated,22.800000,0.000000,540,670,770,820,990,1200,1500,1600,22000,29000,29000,20977,0,540.0,538.3738346725386,65.3401980016497,29090.715012000146,13.0
1778233573,40,,Aggregated,23.000000,0.000000,540,670,770,820,990,1200,1500,1600,22000,29000,29000,21000,0,540.0,538.6503230201828,65.3401980016497,29090.715012000146,13.0
1778233574,40,,Aggregated,22.800000,0.000000,540,670,770,820,990,1200,1500,1600,22000,29000,29000,21024,0,540.0,538.892662763025,65.3401980016497,29090.715012000146,13.0
1778233575,40,,Aggregated,22.900000,0.000000,540,670,770,820,990,1200,1500,1600,22000,29000,29000,21045,0,540.0,539.0956196631904,65.3401980016497,29090.715012000146,13.0
1778233576,40,,Aggregated,23.000000,0.000000,540,670,770,820,990,1200,1500,1600,22000,29000,29000,21070,0,540.0,539.3269914025554,65.3401980016497,29090.715012000146,13.0
1778233577,40,,Aggregated,23.100000,0.000000,540,670,770,820,990,1200,1500,1600,22000,29000,29000,21094,0,540.0,539.6414400634701,65.3401980016497,29090.715012000146,13.0
1778233578,40,,Aggregated,22.700000,0.000000,540,670,770,820,990,1200,1500,1600,22000,29000,29000,21113,0,540.0,539.8027191981641,65.3401980016497,29090.715012000146,13.0
1778233579,40,,Aggregated,22.800000,0.000000,540,670,770,820,990,1200,1500,1600,22000,29000,29000,21137,0,540.0,540.0388878414083,65.3401980016497,29090.715012000146,13.0
1778233580,40,,Aggregated,22.800000,0.000000,540,670,770,820,990,1200,1500,1600,22000,29000,29000,21159,0,540.0,540.2264159614747,65.3401980016497,29090.715012000146,13.0
1778233581,40,,Aggregated,22.900000,0.000000,540,670,770,820,990,1200,1500,1600,22000,29000,29000,21184,0,540.0,540.4840037978589,65.3401980016497,29090.715012000146,13.0
1778233582,40,,Aggregated,22.700000,0.000000,540,670,770,820,990,1200,1500,1600,22000,29000,29000,21208,0,540.0,540.7346139992852,65.3401980016497,29090.715012000146,13.0
1778233583,40,,Aggregated,22.800000,0.000000,540,670,770,820,990,1200,1500,1600,22000,29000,29000,21229,0,540.0,540.8871979347513,65.3401980016497,29090.715012000146,13.0
1778233584,40,,Aggregated,22.600000,0.000000,540,670,770,820,990,1200,1500,1600,22000,29000,29000,21251,0,540.0,541.0722778263529,65.3401980016497,29090.715012000146,13.0
1778233585,40,,Aggregated,22.900000,0.000000,540,670,770,820,990,1200,1500,1600,22000,29000,29000,21275,0,540.0,541.4268458209552,65.3401980016497,29090.715012000146,13.0
1778233586,40,,Aggregated,22.700000,0.000000,540,670,770,820,990,1200,1500,1600,22000,29000,29000,21297,0,540.0,541.6358533501351,65.3401980016497,29090.715012000146,13.0
1778233587,40,,Aggregated,22.600000,0.000000,540,670,770,820,990,1200,1500,1600,22000,29000,29000,21321,0,540.0,541.7897891684644,65.3401980016497,29090.715012000146,13.0
1778233588,40,,Aggregated,22.900000,0.000000,540,670,770,820,990,1200,1500,1600,22000,29000,29000,21342,0,540.0,542.0201360004606,65.3401980016497,29090.715012000146,13.0
1778233589,40,,Aggregated,22.700000,0.000000,540,670,770,830,990,1200,1500,1600,22000,29000,29000,21366,0,540.0,542.2921916845844,65.3401980016497,29090.715012000146,13.0
1778233590,40,,Aggregated,22.800000,0.000000,540,670,770,830,990,1200,1500,1600,22000,29000,29000,21390,0,540.0,542.5405297599265,65.3401980016497,29090.715012000146,13.0
1778233591,40,,Aggregated,22.600000,0.000000,540,670,770,830,990,1200,1500,1600,22000,29000,29000,21411,0,540.0,542.7587687198557,65.3401980016497,29090.715012000146,13.0
1778233592,40,,Aggregated,23.000000,0.000000,540,670,770,830,990,1200,1500,1600,22000,29000,29000,21436,0,540.0,542.9984508793538,65.3401980016497,29090.715012000146,13.0
1778233593,40,,Aggregated,22.700000,0.000000,540,670,770,830,990,1200,1500,1600,22000,29000,29000,21457,0,540.0,543.1470112141878,65.3401980016497,29090.715012000146,13.0
1778233594,40,,Aggregated,22.700000,0.000000,540,670,770,830,990,1200,1500,1600,22000,29000,29000,21480,0,540.0,543.3963370252715,65.3401980016497,29090.715012000146,13.0
1778233595,40,,Aggregated,22.700000,0.000000,540,670,770,830,990,1200,1500,1600,22000,29000,29000,21501,0,540.0,543.6311261930995,65.3401980016497,29090.715012000146,13.0
1778233596,40,,Aggregated,22.800000,0.000000,540,670,770,830,990,1200,1500,1600,22000,29000,29000,21524,0,540.0,543.839559010678,65.3401980016497,29090.715012000146,13.0
1778233597,40,,Aggregated,23.000000,0.000000,540,670,770,830,990,1200,1500,1600,22000,29000,29000,21549,0,540.0,544.0785411916021,65.3401980016497,29090.715012000146,13.0
1778233598,40,,Aggregated,22.800000,0.000000,540,670,770,830,990,1200,1500,1600,22000,29000,29000,21571,0,540.0,544.2997272095331,65.3401980016497,29090.715012000146,13.0
1778233599,40,,Aggregated,23.000000,0.000000,540,670,770,830,1000,1200,1500,1600,22000,29000,29000,21593,0,540.0,544.4432394731552,65.3401980016497,29090.715012000146,13.0
1778233600,40,,Aggregated,22.900000,0.000000,540,670,770,830,1000,1200,1500,1600,22000,29000,29000,21617,0,540.0,544.7538305656584,65.3401980016497,29090.715012000146,13.0
1778233601,40,,Aggregated,23.000000,0.000000,540,680,770,830,1000,1200,1500,1600,22000,29000,29000,21640,0,540.0,544.950430490704,65.3401980016497,29090.715012000146,13.0
1778233602,40,,Aggregated,22.700000,0.000000,540,680,770,830,1000,1200,1500,1600,22000,29000,29000,21664,0,540.0,545.1805301737833,65.3401980016497,29090.715012000146,13.0
1778233603,40,,Aggregated,22.800000,0.000000,540,680,770,830,1000,1200,1500,1600,22000,29000,29000,21687,0,540.0,545.4080858745718,65.3401980016497,29090.715012000146,13.0
1778233604,40,,Aggregated,23.100000,0.000000,540,680,770,830,1000,1200,1500,1600,22000,29000,29000,21709,0,540.0,545.6236498712443,65.3401980016497,29090.715012000146,13.0
1778233605,40,,Aggregated,22.900000,0.000000,540,680,770,830,1000,1200,1500,1600,22000,29000,29000,21732,0,540.0,545.8517271658769,65.3401980016497,29090.715012000146,13.0
1778233606,40,,Aggregated,22.900000,0.000000,540,680,770,830,1000,1200,1500,1600,22000,29000,29000,21755,0,540.0,546.0257032209532,65.3401980016497,29090.715012000146,13.0
1778233607,40,,Aggregated,22.500000,0.000000,540,680,770,830,1000,1200,1500,1600,22000,29000,29000,21779,0,540.0,546.2444684569006,65.3401980016497,29090.715012000146,13.0
1778233608,40,,Aggregated,22.800000,0.000000,540,680,770,830,1000,1200,1500,1600,22000,29000,29000,21803,0,540.0,546.5095453518251,65.3401980016497,29090.715012000146,13.0
1778233609,40,,Aggregated,22.700000,0.000000,540,680,770,830,1000,1200,1500,1600,22000,29000,29000,21825,0,540.0,546.7276860197865,65.3401980016497,29090.715012000146,13.0
1778233610,40,,Aggregated,22.800000,0.000000,540,680,770,830,1000,1200,1500,1600,22000,29000,29000,21846,0,540.0,546.8143374452459,65.3401980016497,29090.715012000146,13.0
1778233611,40,,Aggregated,22.700000,0.000000,540,680,770,830,1000,1200,1500,1600,22000,29000,29000,21870,0,540.0,547.0342447239524,65.3401980016497,29090.715012000146,13.0
1778233612,40,,Aggregated,22.800000,0.000000,550,680,770,830,1000,1200,1500,1600,22000,29000,29000,21894,0,550.0,547.3567681896337,65.3401980016497,29090.715012000146,13.0
1778233613,40,,Aggregated,23.000000,0.000000,550,680,770,830,1000,1200,1500,1600,22000,29000,29000,21916,0,550.0,547.5564579158531,65.3401980016497,29090.715012000146,13.0
1778233614,40,,Aggregated,22.600000,0.000000,550,680,770,830,1000,1200,1500,1600,22000,29000,29000,21938,0,550.0,547.6566403029373,65.3401980016497,29090.715012000146,13.0
1778233615,40,,Aggregated,22.700000,0.000000,550,680,770,830,1000,1200,1500,1600,22000,29000,29000,21961,0,550.0,547.940941073259,65.3401980016497,29090.715012000146,13.0
1778233616,40,,Aggregated,22.800000,0.000000,550,680,770,830,1000,1200,1500,1600,22000,29000,29000,21984,0,550.0,548.1975374452256,65.3401980016497,29090.715012000146,13.0
1778233617,40,,Aggregated,23.000000,0.000000,550,680,770,830,1000,1200,1500,1600,22000,29000,29000,22008,0,550.0,548.4222249037097,65.3401980016497,29090.715012000146,13.0
1778233618,40,,Aggregated,22.800000,0.000000,550,680,770,830,1000,1200,1500,1600,22000,29000,29000,22031,0,550.0,548.6493763700169,65.3401980016497,29090.715012000146,13.0
1778233619,40,,Aggregated,22.900000,0.000000,550,680,770,830,1000,1200,1500,1600,22000,29000,29000,22054,0,550.0,548.8453930742198,65.3401980016497,29090.715012000146,13.0
1778233620,40,,Aggregated,22.600000,0.000000,550,680,770,830,1000,1200,1500,1600,22000,29000,29000,22077,0,550.0,549.0858127575233,65.3401980016497,29090.715012000146,13.0
1778233621,40,,Aggregated,22.700000,0.000000,550,680,770,830,1000,1200,1500,1600,22000,29000,29000,22096,0,550.0,549.2803348031701,65.3401980016497,29090.715012000146,13.0
1778233622,40,,Aggregated,22.700000,0.000000,550,680,770,830,1000,1200,1500,1600,22000,29000,29000,22121,0,550.0,549.5036471377356,65.3401980016497,29090.715012000146,13.0
1778233623,40,,Aggregated,22.600000,0.000000,550,680,770,830,1000,1200,1500,1600,22000,29000,29000,22145,0,550.0,549.6805017684736,65.3401980016497,29090.715012000146,13.0
1778233624,40,,Aggregated,22.800000,0.000000,550,680,770,830,1000,1200,1500,1600,22000,29000,29000,22166,0,550.0,549.898510758136,65.3401980016497,29090.715012000146,13.0
1778233625,40,,Aggregated,22.600000,0.000000,550,680,770,830,1000,1200,1500,1600,22000,29000,29000,22192,0,550.0,550.0919438416029,65.3401980016497,29090.715012000146,13.0
1778233626,40,,Aggregated,22.700000,0.000000,550,680,770,830,1000,1200,1500,1600,22000,29000,29000,22211,0,550.0,550.2375299673965,65.3401980016497,29090.715012000146,13.0
1778233627,40,,Aggregated,22.900000,0.000000,550,680,770,830,1000,1200,1500,1600,22000,29000,29000,22234,0,550.0,550.4453165640844,65.3401980016497,29090.715012000146,13.0
1778233628,40,,Aggregated,22.700000,0.000000,550,680,770,830,1000,1200,1500,1600,22000,29000,29000,22259,0,550.0,550.645779644362,65.3401980016497,29090.715012000146,13.0
1778233629,40,,Aggregated,23.000000,0.000000,550,680,770,830,1000,1200,1500,1600,22000,29000,29000,22283,0,550.0,550.85677822236,65.3401980016497,29090.715012000146,13.0
1778233630,40,,Aggregated,23.100000,0.000000,550,680,770,830,1000,1200,1500,1600,22000,29000,29000,22306,0,550.0,551.0599751450212,65.3401980016497,29090.715012000146,13.0
1778233631,40,,Aggregated,23.000000,0.000000,550,680,770,830,1000,1200,1500,1600,22000,29000,29000,22328,0,550.0,551.3035554301705,65.3401980016497,29090.715012000146,13.0
1778233632,40,,Aggregated,23.000000,0.000000,550,680,770,830,1000,1200,1500,1600,22000,29000,29000,22349,0,550.0,551.4901011637143,65.3401980016497,29090.715012000146,13.0
1778233633,40,,Aggregated,22.800000,0.000000,550,680,770,830,1000,1200,1500,1600,22000,29000,29000,22375,0,550.0,551.7367662993008,65.3401980016497,29090.715012000146,13.0
1778233634,40,,Aggregated,22.900000,0.000000,550,680,770,830,1000,1200,1500,1600,22000,29000,29000,22394,0,550.0,551.9213725708609,65.3401980016497,29090.715012000146,13.0
1778233635,40,,Aggregated,23.200000,0.000000,550,680,770,830,1000,1200,1500,1600,22000,29000,29000,22421,0,550.0,552.1638864081824,65.3401980016497,29090.715012000146,13.0
1778233636,40,,Aggregated,22.800000,0.000000,550,680,770,830,1000,1200,1500,1600,22000,29000,29000,22443,0,550.0,552.3474739344499,65.3401980016497,29090.715012000146,13.0
1778233637,40,,Aggregated,22.900000,0.000000,550,680,770,830,1000,1200,1500,1600,22000,29000,29000,22464,0,550.0,552.5219560510536,65.3401980016497,29090.715012000146,13.0
1778233638,40,,Aggregated,23.100000,0.000000,550,680,770,830,1000,1200,1500,1600,22000,29000,29000,22489,0,550.0,552.7032324514149,65.3401980016497,29090.715012000146,13.0
1778233639,40,,Aggregated,22.700000,0.000000,550,680,770,830,1000,1200,1500,1600,22000,29000,29000,22510,0,550.0,552.9144939450853,65.3401980016497,29090.715012000146,13.0
1778233640,40,,Aggregated,22.700000,0.000000,550,680,770,830,1000,1200,1500,1600,22000,29000,29000,22534,0,550.0,553.0753033724092,65.3401980016497,29090.715012000146,13.0
1778233641,40,,Aggregated,22.800000,0.000000,550,680,770,830,1000,1200,1500,1600,22000,29000,29000,22557,0,550.0,553.3392056553117,65.3401980016497,29090.715012000146,13.0
1778233642,40,,Aggregated,22.900000,0.000000,550,680,770,830,1000,1200,1500,1600,22000,29000,29000,22578,0,550.0,553.4620219135826,65.3401980016497,29090.715012000146,13.0
1778233643,40,,Aggregated,22.900000,0.000000,550,680,780,830,1000,1200,1500,1600,22000,29000,29000,22604,0,550.0,553.7137750113193,65.3401980016497,29090.715012000146,13.0
1778233644,40,,Aggregated,22.700000,0.000000,550,680,780,830,1000,1200,1500,1600,22000,29000,29000,22625,0,550.0,553.9497703765685,65.3401980016497,29090.715012000146,13.0
1778233645,40,,Aggregated,22.800000,0.000000,550,680,780,830,1000,1200,1500,1600,22000,29000,29000,22649,0,550.0,554.1910211474618,65.3401980016497,29090.715012000146,13.0
1778233646,40,,Aggregated,22.900000,0.000000,550,680,780,830,1000,1200,1500,1600,22000,29000,29000,22670,0,550.0,554.3654245825261,65.3401980016497,29090.715012000146,13.0
1778233647,40,,Aggregated,22.600000,0.000000,550,680,780,830,1000,1200,1500,1600,22000,29000,29000,22695,0,550.0,554.5556931101064,65.3401980016497,29090.715012000146,13.0
1778233648,40,,Aggregated,22.700000,0.000000,550,680,780,830,1000,1200,1500,1600,22000,29000,29000,22718,0,550.0,554.7127500288258,65.3401980016497,29090.715012000146,13.0
1778233649,40,,Aggregated,22.800000,0.000000,550,680,780,830,1000,1200,1500,1600,22000,29000,29000,22741,0,550.0,554.8890090451107,65.3401980016497,29090.715012000146,13.0
1778233650,40,,Aggregated,22.700000,0.000000,550,680,780,830,1000,1200,1500,1600,22000,29000,29000,22763,0,550.0,555.1542409258384,65.3401980016497,29090.715012000146,13.0
1778233651,40,,Aggregated,22.700000,0.000000,550,680,780,830,1000,1200,1500,1600,22000,29000,29000,22786,0,550.0,555.3454452579589,65.3401980016497,29090.715012000146,13.0
1778233652,40,,Aggregated,22.600000,0.000000,550,680,780,830,1000,1200,1500,1600,22000,29000,29000,22809,0,550.0,555.5471864311392,65.3401980016497,29090.715012000146,13.0
1778233653,40,,Aggregated,23.000000,0.000000,550,680,780,830,1000,1200,1500,1600,22000,29000,29000,22830,0,550.0,555.7201764152369,65.3401980016497,29090.715012000146,13.0
1778233654,40,,Aggregated,23.100000,0.000000,550,680,780,830,1000,1200,1500,1600,22000,29000,29000,22854,0,550.0,555.9154456239108,65.3401980016497,29090.715012000146,13.0
1778233655,40,,Aggregated,23.000000,0.000000,550,680,780,830,1000,1200,1500,1600,22000,29000,29000,22879,0,550.0,556.1385497790924,65.3401980016497,29090.715012000146,13.0
1778233656,40,,Aggregated,22.900000,0.000000,560,680,780,830,1000,1200,1500,1600,22000,29000,29000,22901,0,560.0,556.3413633329048,65.3401980016497,29090.715012000146,13.0
1778233657,40,,Aggregated,22.900000,0.000000,560,680,780,830,1000,1200,1500,1600,22000,29000,29000,22923,0,560.0,556.5347982506587,65.3401980016497,29090.715012000146,13.0
1778233658,40,,Aggregated,22.800000,0.000000,560,680,780,830,1000,1200,1500,1600,22000,29000,29000,22946,0,560.0,556.7332633248867,65.3401980016497,29090.715012000146,13.0
1778233659,40,,Aggregated,22.800000,0.000000,560,680,780,830,1000,1200,1500,1600,22000,29000,29000,22970,0,560.0,556.9502747474467,65.3401980016497,29090.715012000146,13.0
1778233660,40,,Aggregated,23.000000,0.000000,560,680,780,830,1000,1200,1500,1600,22000,29000,29000,22991,0,560.0,557.1094578571981,65.3401980016497,29090.715012000146,13.0
1778233661,40,,Aggregated,22.900000,0.000000,560,680,780,830,1000,1200,1500,1600,21000,29000,29000,23015,0,560.0,557.273243209813,65.3401980016497,29090.715012000146,13.0
1778233662,40,,Aggregated,22.700000,0.000000,560,690,780,830,1000,1200,1500,1600,21000,29000,29000,23037,0,560.0,557.47977448378,65.3401980016497,29090.715012000146,13.0
1778233663,40,,Aggregated,22.600000,0.000000,560,690,780,830,1000,1200,1500,1600,21000,29000,29000,23062,0,560.0,557.6642030990737,65.3401980016497,29090.715012000146,13.0
1778233664,40,,Aggregated,22.500000,0.000000,560,690,780,830,1000,1200,1500,1600,21000,29000,29000,23084,0,560.0,557.8492780699983,65.3401980016497,29090.715012000146,13.0
1778233665,40,,Aggregated,22.700000,0.000000,560,690,780,830,1000,1200,1500,1600,21000,29000,29000,23107,0,560.0,558.0205605745812,65.3401980016497,29090.715012000146,13.0
1778233666,40,,Aggregated,22.900000,0.000000,560,690,780,830,1000,1200,1500,1600,21000,29000,29000,23131,0,560.0,558.1663814110434,65.3401980016497,29090.715012000146,13.0
1778233667,40,,Aggregated,23.000000,0.000000,560,690,780,830,1000,1200,1500,1600,21000,29000,29000,23152,0,560.0,558.3653192015745,65.3401980016497,29090.715012000146,13.0
1778233668,40,,Aggregated,23.000000,0.000000,560,690,780,830,1000,1200,1500,1600,21000,29000,29000,23177,0,560.0,558.6024187559154,65.3401980016497,29090.715012000146,13.0
1778233669,40,,Aggregated,22.700000,0.000000,560,690,780,840,1000,1200,1500,1600,21000,29000,29000,23202,0,560.0,558.775682167824,65.3401980016497,29090.715012000146,13.0
1778233670,40,,Aggregated,22.700000,0.000000,560,690,780,840,1000,1200,1500,1600,21000,29000,29000,23222,0,560.0,558.9282897775322,65.3401980016497,29090.715012000146,13.0
1778233671,40,,Aggregated,23.100000,0.000000,560,690,780,840,1000,1200,1500,1600,21000,29000,29000,23244,0,560.0,559.0876617458205,65.3401980016497,29090.715012000146,13.0
1778233672,40,,Aggregated,23.100000,0.000000,560,690,780,840,1000,1200,1500,1600,21000,29000,29000,23268,0,560.0,559.3317806655431,65.3401980016497,29090.715012000146,13.0
1778233673,40,,Aggregated,22.900000,0.000000,560,690,780,840,1000,1200,1500,1600,21000,29000,29000,23292,0,560.0,559.5110217372429,65.3401980016497,29090.715012000146,13.0
1778233674,40,,Aggregated,23.200000,0.000000,560,690,780,840,1000,1200,1500,1600,21000,29000,29000,23314,0,560.0,559.7036594010405,65.3401980016497,29090.715012000146,13.0
1778233675,40,,Aggregated,22.900000,0.000000,560,690,780,840,1000,1200,1500,1600,21000,29000,29000,23338,0,560.0,559.912570878047,65.3401980016497,29090.715012000146,13.0
1778233676,40,,Aggregated,22.700000,0.000000,560,690,780,840,1000,1200,1500,1600,21000,29000,29000,23359,0,560.0,560.0376773528345,65.3401980016497,29090.715012000146,13.0
1778233677,40,,Aggregated,22.700000,0.000000,560,690,780,840,1000,1200,1500,1600,21000,29000,29000,23385,0,560.0,560.2971465448303,65.3401980016497,29090.715012000146,13.0
1778233678,40,,Aggregated,22.900000,0.000000,560,690,780,840,1000,1200,1500,1600,21000,29000,29000,23406,0,560.0,560.4442131428206,65.3401980016497,29090.715012000146,13.0
1778233679,40,,Aggregated,23.200000,0.000000,560,690,780,840,1000,1200,1500,1600,21000,29000,29000,23429,0,560.0,560.618012863283,65.3401980016497,29090.715012000146,13.0
1778233680,40,,Aggregated,23.000000,0.000000,560,690,780,840,1000,1200,1500,1600,21000,29000,29000,23452,0,560.0,560.8163882632122,65.3401980016497,29090.715012000146,13.0
1778233681,40,,Aggregated,22.800000,0.000000,560,690,780,840,1000,1200,1500,1600,21000,29000,29000,23475,0,560.0,561.0079059215694,65.3401980016497,29090.715012000146,13.0
1778233682,40,,Aggregated,22.900000,0.000000,560,690,780,840,1000,1200,1500,1600,21000,29000,29000,23498,0,560.0,561.1880177976358,65.3401980016497,29090.715012000146,13.0
1778233683,40,,Aggregated,22.800000,0.000000,560,690,780,840,1000,1200,1500,1600,21000,29000,29000,23520,0,560.0,561.3745520584542,65.3401980016497,29090.715012000146,13.0
1778233684,40,,Aggregated,22.900000,0.000000,560,690,780,840,1000,1200,1500,1600,21000,29000,29000,23545,0,560.0,561.5816848014374,65.3401980016497,29090.715012000146,13.0
1778233685,40,,Aggregated,22.700000,0.000000,560,690,780,840,1000,1200,1500,1600,21000,29000,29000,23567,0,560.0,561.7465166803938,65.3401980016497,29090.715012000146,13.0
1778233686,40,,Aggregated,23.000000,0.000000,560,690,780,840,1000,1200,1500,1600,21000,29000,29000,23589,0,560.0,561.9109646811582,65.3401980016497,29090.715012000146,13.0
1778233687,40,,Aggregated,22.800000,0.000000,560,690,780,840,1000,1200,1500,1600,21000,29000,29000,23611,0,560.0,562.0930586093281,65.3401980016497,29090.715012000146,13.0
1778233688,40,,Aggregated,22.800000,0.000000,560,690,780,840,1000,1200,1500,1600,21000,29000,29000,23635,0,560.0,562.2812650452229,65.3401980016497,29090.715012000146,13.0
1778233689,40,,Aggregated,22.700000,0.000000,560,690,780,840,1000,1200,1500,1600,21000,29000,29000,23657,0,560.0,562.4659597774372,65.3401980016497,29090.715012000146,13.0
1778233690,40,,Aggregated,22.800000,0.000000,560,690,780,840,1000,1200,1500,1600,21000,29000,29000,23680,0,560.0,562.6435439382105,65.3401980016497,29090.715012000146,13.0
1778233691,40,,Aggregated,22.800000,0.000000,560,690,780,840,1000,1200,1500,1600,21000,29000,29000,23704,0,560.0,562.8379849797429,65.3401980016497,29090.715012000146,13.0
1778233692,40,,Aggregated,22.900000,0.000000,560,690,780,840,1000,1200,1500,1600,21000,29000,29000,23726,0,560.0,563.0116602506037,65.3401980016497,29090.715012000146,13.0
1778233693,40,,Aggregated,22.700000,0.000000,560,690,780,840,1000,1200,1500,1600,21000,29000,29000,23749,0,560.0,563.204415450201,65.3401980016497,29090.715012000146,13.0
1778233694,40,,Aggregated,22.700000,0.000000,560,690,780,840,1000,1200,1500,1600,21000,29000,29000,23772,0,560.0,563.3599973458616,65.3401980016497,29090.715012000146,13.0
1778233695,40,,Aggregated,23.000000,0.000000,560,690,780,840,1000,1200,1500,1600,21000,29000,29000,23797,0,560.0,563.5585190549575,65.3401980016497,29090.715012000146,13.0
1778233696,40,,Aggregated,22.800000,0.000000,560,690,780,840,1000,1200,1500,1600,21000,29000,29000,23817,0,560.0,563.7200655902009,65.3401980016497,29090.715012000146,13.0
1778233697,40,,Aggregated,22.700000,0.000000,560,690,780,840,1000,1200,1500,1600,21000,29000,29000,23842,0,560.0,563.9023170518757,65.3401980016497,29090.715012000146,13.0
1778233698,40,,Aggregated,22.700000,0.000000,560,690,780,840,1000,1200,1500,1600,21000,29000,29000,23863,0,560.0,564.0688433367898,65.3401980016497,29090.715012000146,13.0
1778233699,40,,Aggregated,22.900000,0.000000,560,690,780,840,1000,1200,1500,1600,21000,29000,29000,23886,0,560.0,564.263250357775,65.3401980016497,29090.715012000146,13.0
1778233700,40,,Aggregated,22.700000,0.000000,570,690,780,840,1000,1200,1500,1600,21000,29000,29000,23910,0,570.0,564.4484153283487,65.3401980016497,29090.715012000146,13.0
1778233701,40,,Aggregated,22.700000,0.000000,570,690,780,840,1000,1200,1500,1600,21000,29000,29000,23934,0,570.0,564.6137603958306,65.3401980016497,29090.715012000146,13.0
1778233702,40,,Aggregated,22.600000,0.000000,570,690,780,840,1000,1200,1500,1600,21000,29000,29000,23954,0,570.0,564.7977200929619,65.3401980016497,29090.715012000146,13.0
1778233703,40,,Aggregated,23.100000,0.000000,570,690,780,840,1000,1200,1500,1600,21000,29000,29000,23977,0,570.0,564.9825695838431,65.3401980016497,29090.715012000146,13.0
1778233704,40,,Aggregated,22.900000,0.000000,570,690,780,840,1000,1200,1500,1600,21000,29000,29000,24001,0,570.0,565.1623312951043,65.3401980016497,29090.715012000146,13.0
1778233705,40,,Aggregated,22.800000,0.000000,570,690,780,840,1000,1200,1500,1600,21000,29000,29000,24025,0,570.0,565.350343708462,65.3401980016497,29090.715012000146,13.0
1778233706,40,,Aggregated,22.800000,0.000000,570,690,780,840,1000,1200,1500,1600,21000,29000,29000,24046,0,570.0,565.5348013112281,65.3401980016497,29090.715012000146,13.0
1778233707,40,,Aggregated,23.000000,0.000000,570,690,780,840,1000,1200,1500,1600,21000,29000,29000,24069,0,570.0,565.7257511019898,65.3401980016497,29090.715012000146,13.0
1778233708,40,,Aggregated,22.800000,0.000000,570,690,780,840,1000,1200,1500,1600,21000,29000,29000,24094,0,570.0,565.9169478509499,65.3401980016497,29090.715012000146,13.0
1778233709,40,,Aggregated,22.700000,0.000000,570,690,780,840,1000,1200,1500,1600,21000,29000,29000,24114,0,570.0,566.062692591805,65.3401980016497,29090.715012000146,13.0
1778233710,40,,Aggregated,23.000000,0.000000,570,700,780,840,1000,1200,1500,1600,21000,29000,29000,24138,0,570.0,566.2536913732199,65.3401980016497,29090.715012000146,13.0
1778233711,40,,Aggregated,23.000000,0.000000,570,700,780,840,1000,1200,1500,1600,21000,29000,29000,24161,0,570.0,566.4560693035378,65.3401980016497,29090.715012000146,13.0
1778233712,40,,Aggregated,22.700000,0.000000,570,700,780,840,1000,1200,1500,1600,21000,29000,29000,24182,0,570.0,566.6146312326848,65.3401980016497,29090.715012000146,13.0
1778233713,40,,Aggregated,22.700000,0.000000,570,700,790,840,1000,1200,1500,1600,21000,29000,29000,24206,0,570.0,566.8110336121534,65.3401980016497,29090.715012000146,13.0
1778233714,40,,Aggregated,22.800000,0.000000,570,700,790,840,1000,1200,1500,1600,21000,29000,29000,24230,0,570.0,566.9972288668088,65.3401980016497,29090.715012000146,13.0
1778233715,40,,Aggregated,22.600000,0.000000,570,700,790,840,1000,1200,1500,1600,21000,29000,29000,24252,0,570.0,567.1611972923382,65.3401980016497,29090.715012000146,13.0
1778233716,40,,Aggregated,22.800000,0.000000,570,700,790,840,1000,1200,1500,1600,21000,29000,29000,24274,0,570.0,567.3448231070605,65.3401980016497,29090.715012000146,13.0
1778233717,40,,Aggregated,22.800000,0.000000,570,700,790,840,1000,1200,1500,1600,21000,29000,29000,24298,0,570.0,567.5112580308578,65.3401980016497,29090.715012000146,13.0
1778233718,40,,Aggregated,22.700000,0.000000,570,700,790,840,1000,1200,1500,1600,21000,29000,29000,24320,0,570.0,567.6689006024994,65.3401980016497,29090.715012000146,13.0
1778233719,40,,Aggregated,22.600000,0.000000,570,700,790,840,1000,1200,1500,1600,21000,29000,29000,24342,0,570.0,567.8667125942312,65.3401980016497,29090.715012000146,13.0
1778233720,40,,Aggregated,22.600000,0.000000,570,700,790,840,1000,1200,1500,1600,21000,29000,29000,24367,0,570.0,568.0530201707957,65.3401980016497,29090.715012000146,13.0
1778233721,40,,Aggregated,22.700000,0.000000,570,700,790,840,1000,1200,1500,1600,21000,29000,29000,24390,0,570.0,568.19220262086,65.3401980016497,29090.715012000146,13.0
1778233722,40,,Aggregated,22.900000,0.000000,570,700,790,840,1000,1200,1500,1600,21000,29000,29000,24410,0,570.0,568.3422472110519,65.3401980016497,29090.715012000146,13.0
1778233723,40,,Aggregated,22.900000,0.000000,570,700,790,840,1000,1200,1500,1600,21000,29000,29000,24434,0,570.0,568.5439095064166,65.3401980016497,29090.715012000146,13.0
1778233724,40,,Aggregated,22.800000,0.000000,570,700,790,840,1000,1200,1500,1600,21000,29000,29000,24457,0,570.0,568.7017272306407,65.3401980016497,29090.715012000146,13.0
1778233725,40,,Aggregated,22.800000,0.000000,570,700,790,840,1000,1200,1500,1600,21000,29000,29000,24481,0,570.0,568.8910261003543,65.3401980016497,29090.715012000146,13.0
1778233726,40,,Aggregated,22.800000,0.000000,570,700,790,840,1000,1200,1500,1600,21000,29000,29000,24502,0,570.0,569.0486413356371,65.3401980016497,29090.715012000146,13.0
1778233727,40,,Aggregated,22.800000,0.000000,570,700,790,840,1000,1200,1500,1600,21000,29000,29000,24527,0,570.0,569.2427354452961,65.3401980016497,29090.715012000146,13.0
1778233728,40,,Aggregated,22.900000,0.000000,570,700,790,840,1000,1200,1500,1600,21000,29000,29000,24550,0,570.0,569.4129839397058,65.3401980016497,29090.715012000146,13.0
1778233729,40,,Aggregated,22.900000,0.000000,570,700,790,840,1000,1200,1500,1600,21000,29000,29000,24573,0,570.0,569.5688100465052,65.3401980016497,29090.715012000146,13.0
1778233730,40,,Aggregated,22.900000,0.000000,570,700,790,840,1000,1200,1500,1600,21000,29000,29000,24598,0,570.0,569.7520680638166,65.3401980016497,29090.715012000146,13.0
1778233731,40,,Aggregated,22.800000,0.000000,570,700,790,840,1000,1200,1500,1600,21000,29000,29000,24618,0,570.0,569.901976855137,65.3401980016497,29090.715012000146,13.0
1778233732,40,,Aggregated,22.900000,0.000000,570,700,790,840,1000,1200,1500,1600,21000,29000,29000,24640,0,570.0,570.0390194053474,65.3401980016497,29090.715012000146,13.0
1778233733,40,,Aggregated,23.000000,0.000000,570,700,790,840,1000,1200,1500,1600,21000,29000,29000,24662,0,570.0,570.2399360288604,65.3401980016497,29090.715012000146,13.0
1778233735,40,,Aggregated,22.700000,0.000000,570,700,790,840,1000,1200,1500,1600,21000,29000,29000,24686,0,570.0,570.4147496246355,65.3401980016497,29090.715012000146,13.0
1778233736,40,,Aggregated,22.800000,0.000000,570,700,790,840,1000,1200,1500,1600,21000,29000,29000,24709,0,570.0,570.5774184054698,65.3401980016497,29090.715012000146,13.0
1778233737,40,,Aggregated,22.600000,0.000000,570,700,790,840,1000,1200,1500,1600,21000,29000,29000,24732,0,570.0,570.784602302432,65.3401980016497,29090.715012000146,13.0
1778233738,40,,Aggregated,22.700000,0.000000,570,700,790,840,1000,1200,1500,1600,21000,29000,29000,24757,0,570.0,570.9572988275135,65.3401980016497,29090.715012000146,13.0
1778233739,40,,Aggregated,22.800000,0.000000,570,700,790,840,1000,1200,1500,1600,21000,29000,29000,24777,0,570.0,571.0830670797415,65.3401980016497,29090.715012000146,13.0
1778233740,40,,Aggregated,22.800000,0.000000,570,700,790,840,1000,1200,1500,1600,21000,29000,29000,24800,0,570.0,571.2902531598693,65.3401980016497,29090.715012000146,13.0
1778233741,40,,Aggregated,22.700000,0.000000,570,700,790,840,1000,1200,1500,1600,21000,29000,29000,24823,0,570.0,571.459569055342,65.3401980016497,29090.715012000146,13.0
1778233742,40,,Aggregated,22.700000,0.000000,570,700,790,840,1000,1200,1500,1600,21000,29000,29000,24849,0,570.0,571.6375119752004,65.3401980016497,29090.715012000146,13.0
1778233743,40,,Aggregated,22.400000,0.000000,570,700,790,840,1000,1200,1500,1600,21000,29000,29000,24871,0,570.0,571.7837363782221,65.3401980016497,29090.715012000146,13.0
1778233744,40,,Aggregated,22.400000,0.000000,570,700,790,840,1000,1200,1500,1600,21000,29000,29000,24893,0,570.0,571.9579520880875,65.3401980016497,29090.715012000146,13.0
1778233745,40,,Aggregated,22.900000,0.000000,570,700,790,840,1000,1200,1500,1600,21000,29000,29000,24916,0,570.0,572.1190649291925,65.3401980016497,29090.715012000146,13.0
1778233746,40,,Aggregated,23.100000,0.000000,570,700,790,840,1000,1200,1500,1600,21000,29000,29000,24938,0,570.0,572.2857816086198,65.3401980016497,29090.715012000146,13.0
1778233747,40,,Aggregated,22.800000,0.000000,580,700,790,840,1000,1200,1500,1600,21000,29000,29000,24961,0,580.0,572.4491128889772,65.3401980016497,29090.715012000146,13.0
1778233748,40,,Aggregated,22.800000,0.000000,580,700,790,840,1000,1200,1500,1600,21000,29000,29000,24986,0,580.0,572.620903744327,65.3401980016497,29090.715012000146,13.0
1778233749,40,,Aggregated,22.800000,0.000000,580,700,790,840,1000,1200,1500,1600,21000,29000,29000,25006,0,580.0,572.74965237578,65.3401980016497,29090.715012000146,13.0
1778233750,40,,Aggregated,22.800000,0.000000,580,700,790,840,1000,1200,1500,1600,21000,29000,29000,25031,0,580.0,572.938516787134,65.3401980016497,29090.715012000146,13.0
1778233751,40,,Aggregated,22.900000,0.000000,580,700,790,840,1000,1200,1500,1600,21000,29000,29000,25054,0,580.0,573.0732478093215,65.3401980016497,29090.715012000146,13.0
1778233752,40,,Aggregated,22.900000,0.000000,580,700,790,840,1000,1200,1500,1600,21000,29000,29000,25076,0,580.0,573.1808556462652,65.3401980016497,29090.715012000146,13.0
1778233753,40,,Aggregated,23.000000,0.000000,580,700,790,840,1000,1200,1500,1600,21000,29000,29000,25099,0,580.0,573.394609430047,65.3401980016497,29090.715012000146,13.0
1778233754,40,,Aggregated,22.900000,0.000000,580,700,790,840,1000,1200,1500,1600,21000,29000,29000,25122,0,580.0,573.5791723121072,65.3401980016497,29090.715012000146,13.0
1778233755,40,,Aggregated,22.700000,0.000000,580,700,790,840,1000,1200,1500,1600,21000,29000,29000,25145,0,580.0,573.7402613836051,65.3401980016497,29090.715012000146,13.0
1778233756,40,,Aggregated,22.600000,0.000000,580,700,790,840,1000,1200,1500,1600,21000,29000,29000,25168,0,580.0,573.9027203498789,65.3401980016497,29090.715012000146,13.0
1778233757,40,,Aggregated,23.000000,0.000000,580,700,790,840,1000,1200,1500,1600,21000,29000,29000,25191,0,580.0,574.0686674777002,65.3401980016497,29090.715012000146,13.0
1778233758,40,,Aggregated,23.000000,0.000000,580,700,790,840,1000,1200,1500,1600,21000,29000,29000,25213,0,580.0,574.2134362080968,65.3401980016497,29090.715012000146,13.0
1778233759,40,,Aggregated,23.100000,0.000000,580,700,790,840,1000,1200,1500,1600,21000,29000,29000,25237,0,580.0,574.3685010821312,65.3401980016497,29090.715012000146,13.0
1778233760,40,,Aggregated,23.100000,0.000000,580,700,790,840,1000,1200,1500,1600,21000,29000,29000,25259,0,580.0,574.5377923849218,65.3401980016497,29090.715012000146,13.0
1778233761,40,,Aggregated,23.000000,0.000000,580,700,790,840,1000,1200,1500,1600,21000,29000,29000,25282,0,580.0,574.7037371070622,65.3401980016497,29090.715012000146,13.0
1778233762,40,,Aggregated,22.900000,0.000000,580,700,790,840,1000,1200,1500,1600,21000,29000,29000,25306,0,580.0,574.8507858318877,65.3401980016497,29090.715012000146,13.0
1778233763,40,,Aggregated,22.900000,0.000000,580,710,790,840,1000,1200,1500,1600,21000,29000,29000,25326,0,580.0,575.0112553414967,65.3401980016497,29090.715012000146,13.0
1778233764,40,,Aggregated,22.600000,0.000000,580,710,790,840,1000,1200,1500,1600,21000,29000,29000,25350,0,580.0,575.1884247509959,65.3401980016497,29090.715012000146,13.0
1778233765,40,,Aggregated,23.000000,0.000000,580,710,790,850,1000,1200,1500,1600,21000,29000,29000,25372,0,580.0,575.3183245092126,65.3401980016497,29090.715012000146,13.0
1778233766,40,,Aggregated,23.000000,0.000000,580,710,790,850,1000,1200,1500,1600,21000,29000,29000,25395,0,580.0,575.4850638102674,65.3401980016497,29090.715012000146,13.0
1778233767,40,,Aggregated,22.700000,0.000000,580,710,790,850,1000,1200,1500,1600,21000,29000,29000,25421,0,580.0,575.6682708865795,65.3401980016497,29090.715012000146,13.0
1778233768,40,,Aggregated,22.800000,0.000000,580,710,790,850,1000,1200,1500,1600,21000,29000,29000,25442,0,580.0,575.8188772579883,65.3401980016497,29090.715012000146,13.0
1778233769,40,,Aggregated,22.900000,0.000000,580,710,790,850,1000,1200,1500,1600,21000,29000,29000,25466,0,580.0,575.9780465833558,65.3401980016497,29090.715012000146,13.0
1778233770,40,,Aggregated,22.900000,0.000000,580,710,790,850,1000,1200,1500,1600,21000,29000,29000,25489,0,580.0,576.1274297403487,65.3401980016497,29090.715012000146,13.0
1778233771,40,,Aggregated,22.700000,0.000000,580,710,790,850,1000,1200,1500,1600,21000,29000,29000,25512,0,580.0,576.3004188477087,65.3401980016497,29090.715012000146,13.0
1778233772,40,,Aggregated,22.800000,0.000000,580,710,790,850,1000,1200,1500,1600,21000,29000,29000,25534,0,580.0,576.4462580544663,65.3401980016497,29090.715012000146,13.0
1778233773,40,,Aggregated,22.900000,0.000000,580,710,790,850,1000,1200,1500,1600,21000,29000,29000,25558,0,580.0,576.6159061119706,65.3401980016497,29090.715012000146,13.0
1778233774,40,,Aggregated,22.900000,0.000000,580,710,790,850,1000,1200,1500,1600,21000,29000,29000,25580,0,580.0,576.795979136112,65.3401980016497,29090.715012000146,13.0
1778233775,40,,Aggregated,22.800000,0.000000,580,710,790,850,1000,1200,1500,1600,21000,29000,29000,25602,0,580.0,576.9440602627817,65.3401980016497,29090.715012000146,13.0
1778233776,40,,Aggregated,22.800000,0.000000,580,710,790,850,1000,1200,1500,1600,21000,29000,29000,25626,0,580.0,577.0739884256902,65.3401980016497,29090.715012000146,13.0
1778233777,40,,Aggregated,22.700000,0.000000,580,710,790,850,1000,1200,1500,1600,21000,29000,29000,25648,0,580.0,577.2628825750055,65.3401980016497,29090.715012000146,13.0
1778233778,40,,Aggregated,22.700000,0.000000,580,710,790,850,1000,1200,1500,1600,21000,29000,29000,25671,0,580.0,577.4563753264281,65.3401980016497,29090.715012000146,13.0
1778233779,40,,Aggregated,22.900000,0.000000,580,710,790,850,1000,1200,1500,1600,21000,29000,29000,25693,0,580.0,577.6046751072562,65.3401980016497,29090.715012000146,13.0
1778233780,40,,Aggregated,22.500000,0.000000,580,710,790,850,1000,1200,1500,1600,21000,29000,29000,25716,0,580.0,577.7801028223957,65.3401980016497,29090.715012000146,13.0
1778233781,40,,Aggregated,22.700000,0.000000,580,710,790,850,1000,1200,1500,1600,21000,29000,29000,25738,0,580.0,577.9365381969354,65.3401980016497,29090.715012000146,13.0
1778233782,40,,Aggregated,22.400000,0.000000,580,710,790,850,1000,1200,1500,1600,21000,29000,29000,25762,0,580.0,578.1170526438838,65.3401980016497,29090.715012000146,13.0
1778233783,40,,Aggregated,22.500000,0.000000,580,710,790,850,1000,1200,1500,1600,21000,29000,29000,25785,0,580.0,578.2366113160649,65.3401980016497,29090.715012000146,13.0
1778233784,40,,Aggregated,22.800000,0.000000,580,710,790,850,1000,1200,1500,1600,21000,29000,29000,25808,0,580.0,578.4242131381251,65.3401980016497,29090.715012000146,13.0
1778233785,40,,Aggregated,22.700000,0.000000,580,710,790,850,1000,1200,1500,1600,21000,29000,29000,25829,0,580.0,578.5468413966755,65.3401980016497,29090.715012000146,13.0
1778233786,40,,Aggregated,22.600000,0.000000,580,710,790,850,1000,1200,1500,1600,21000,29000,29000,25853,0,580.0,578.7181068880877,65.3401980016497,29090.715012000146,13.0
1778233787,40,,Aggregated,23.000000,0.000000,580,710,790,850,1000,1200,1500,1600,21000,29000,29000,25876,0,580.0,578.8338666495491,65.3401980016497,29090.715012000146,13.0
1778233788,40,,Aggregated,22.700000,0.000000,580,710,790,850,1000,1200,1500,1600,21000,29000,29000,25900,0,580.0,578.9872946007619,65.3401980016497,29090.715012000146,13.0
1778233789,40,,Aggregated,22.600000,0.000000,580,710,790,850,1000,1200,1500,1600,21000,29000,29000,25921,0,580.0,579.1765555578769,65.3401980016497,29090.715012000146,13.0
1778233790,40,,Aggregated,22.900000,0.000000,580,710,790,850,1000,1200,1500,1600,21000,29000,29000,25944,0,580.0,579.2809724171956,65.3401980016497,29090.715012000146,13.0
1778233791,40,,Aggregated,22.800000,0.000000,580,710,790,850,1000,1200,1500,1600,21000,29000,29000,25967,0,580.0,579.4326889373713,65.3401980016497,29090.715012000146,13.0
1778233792,40,,Aggregated,22.900000,0.000000,580,710,790,850,1000,1200,1500,1600,21000,29000,29000,25990,0,580.0,579.5696841739024,65.3401980016497,29090.715012000146,13.0
1778233793,40,,Aggregated,22.800000,0.000000,580,710,790,850,1000,1200,1500,1600,20000,29000,29000,26016,0,580.0,579.7686028013036,65.3401980016497,29090.715012000146,13.0
1778233794,40,,Aggregated,22.700000,0.000000,580,710,790,850,1000,1200,1500,1600,20000,29000,29000,26037,0,580.0,579.9073546365831,65.3401980016497,29090.715012000146,13.0
1778233795,40,,Aggregated,22.900000,0.000000,580,710,790,850,1000,1200,1500,1600,20000,29000,29000,26061,0,580.0,580.046566164104,65.3401980016497,29090.715012000146,13.0
1778233796,40,,Aggregated,23.000000,0.000000,580,710,790,850,1000,1200,1500,1600,20000,29000,29000,26081,0,580.0,580.1242169761401,65.3401980016497,29090.715012000146,13.0
1778233797,40,,Aggregated,22.600000,0.000000,580,710,800,850,1000,1200,1500,1600,20000,29000,29000,26105,0,580.0,580.3560740111745,65.3401980016497,29090.715012000146,13.0
1778233798,40,,Aggregated,22.700000,0.000000,580,710,800,850,1000,1200,1500,1600,20000,29000,29000,26128,0,580.0,580.5483201658649,65.3401980016497,29090.715012000146,13.0
1778233799,40,,Aggregated,22.800000,0.000000,580,710,800,850,1000,1200,1500,1600,20000,29000,29000,26150,0,580.0,580.6243909693964,65.3401980016497,29090.715012000146,13.0
1778233800,40,,Aggregated,22.800000,0.000000,580,710,800,850,1000,1200,1500,1600,20000,29000,29000,26175,0,580.0,580.762475614583,65.3401980016497,29090.715012000146,13.0
1778233801,40,,Aggregated,22.800000,0.000000,580,710,800,850,1000,1200,1500,1600,20000,29000,29000,26197,0,580.0,580.8593394409173,65.3401980016497,29090.715012000146,13.0
1778233802,40,,Aggregated,23.000000,0.000000,580,710,800,850,1000,1200,1500,1600,20000,29000,29000,26219,0,580.0,581.0906353836805,65.3401980016497,29090.715012000146,13.0
1778233803,40,,Aggregated,22.900000,0.000000,580,710,800,850,1000,1200,1500,1600,20000,29000,29000,26242,0,580.0,581.2302626143481,65.3401980016497,29090.715012000146,13.0
1778233804,40,,Aggregated,23.000000,0.000000,580,710,800,850,1000,1200,1500,1600,20000,29000,29000,26266,0,580.0,581.3719884614989,65.3401980016497,29090.715012000146,13.0
1778233805,40,,Aggregated,22.900000,0.000000,580,710,800,850,1000,1200,1500,1600,20000,29000,29000,26290,0,580.0,581.5302086654518,65.3401980016497,29090.715012000146,13.0
1778233806,40,,Aggregated,22.800000,0.000000,580,710,800,850,1000,1200,1500,1600,20000,29000,29000,26313,0,580.0,581.6969176591696,65.3401980016497,29090.715012000146,13.0
1778233807,40,,Aggregated,22.700000,0.000000,580,710,800,850,1000,1200,1500,1600,20000,29000,29000,26333,0,580.0,581.7903305668453,65.3401980016497,29090.715012000146,13.0
1778233808,40,,Aggregated,23.000000,0.000000,580,710,800,850,1000,1200,1500,1600,20000,29000,29000,26359,0,580.0,581.9844648418657,65.3401980016497,29090.715012000146,13.0
1778233809,40,,Aggregated,22.800000,0.000000,580,710,800,850,1000,1200,1500,1600,20000,29000,29000,26380,0,580.0,582.1265364582159,65.3401980016497,29090.715012000146,13.0
1778233810,40,,Aggregated,22.700000,0.000000,580,710,800,850,1000,1200,1500,1600,20000,29000,29000,26403,0,580.0,582.2801802943884,65.3401980016497,29090.715012000146,13.0
1778233811,40,,Aggregated,23.100000,0.000000,580,710,800,850,1000,1200,1500,1600,20000,29000,29000,26427,0,580.0,582.4677614001112,65.3401980016497,29090.715012000146,13.0
1778233812,40,,Aggregated,22.700000,0.000000,580,710,800,850,1000,1200,1500,1600,20000,29000,29000,26450,0,580.0,582.6151746231279,65.3401980016497,29090.715012000146,13.0
1778233813,40,,Aggregated,22.900000,0.000000,580,710,800,850,1000,1200,1500,1600,20000,29000,29000,26471,0,580.0,582.728825987259,65.3401980016497,29090.715012000146,13.0
1778233814,40,,Aggregated,22.400000,0.000000,580,710,800,850,1000,1200,1500,1600,20000,29000,29000,26494,0,580.0,582.8972155914824,65.3401980016497,29090.715012000146,13.0
1778233815,40,,Aggregated,22.700000,0.000000,580,710,800,850,1000,1200,1500,1600,20000,29000,29000,26516,0,580.0,583.0444942154071,65.3401980016497,29090.715012000146,13.0
1778233816,40,,Aggregated,22.600000,0.000000,580,710,800,850,1000,1200,1500,1600,20000,29000,29000,26539,0,580.0,583.175238588294,65.3401980016497,29090.715012000146,13.0
1778233817,40,,Aggregated,23.100000,0.000000,590,710,800,850,1000,1200,1500,1600,20000,29000,29000,26564,0,590.0,583.3639018852107,65.3401980016497,29090.715012000146,13.0
1778233818,40,,Aggregated,22.800000,0.000000,590,710,800,850,1000,1200,1500,1600,20000,29000,29000,26585,0,590.0,583.4795653373985,65.3401980016497,29090.715012000146,13.0
1778233819,40,,Aggregated,22.900000,0.000000,590,710,800,850,1000,1200,1500,1600,20000,29000,29000,26608,0,590.0,583.5755848009901,65.3401980016497,29090.715012000146,13.0
1778233820,40,,Aggregated,23.000000,0.000000,590,710,800,850,1000,1200,1500,1600,20000,29000,29000,26630,0,590.0,583.7659569760323,65.3401980016497,29090.715012000146,13.0
1778233821,40,,Aggregated,22.700000,0.000000,590,710,800,850,1000,1200,1500,1600,20000,29000,29000,26655,0,590.0,583.9124739950005,65.3401980016497,29090.715012000146,13.0
1778233822,40,,Aggregated,22.800000,0.000000,590,710,800,850,1000,1200,1500,1600,20000,29000,29000,26677,0,590.0,583.9904194610241,65.3401980016497,29090.715012000146,13.0
1778233823,40,,Aggregated,22.700000,0.000000,590,710,800,850,1000,1200,1500,1600,20000,29000,29000,26700,0,590.0,584.1902865248592,65.3401980016497,29090.715012000146,13.0
1778233824,40,,Aggregated,23.100000,0.000000,590,710,800,850,1000,1200,1500,1600,20000,29000,29000,26724,0,590.0,584.3195958878437,65.3401980016497,29090.715012000146,13.0
1778233825,40,,Aggregated,22.800000,0.000000,590,710,800,850,1000,1200,1500,1600,20000,29000,29000,26745,0,590.0,584.4311177223308,65.3401980016497,29090.715012000146,13.0
1778233826,40,,Aggregated,23.000000,0.000000,590,710,800,850,1000,1200,1500,1600,20000,29000,29000,26768,0,590.0,584.6261350925635,65.3401980016497,29090.715012000146,13.0
1778233827,40,,Aggregated,22.700000,0.000000,590,710,800,850,1000,1200,1500,1600,20000,29000,29000,26794,0,590.0,584.7752795814637,65.3401980016497,29090.715012000146,13.0
1778233828,40,,Aggregated,22.800000,0.000000,590,710,800,850,1000,1200,1500,1600,20000,29000,29000,26816,0,590.0,584.9174832132586,65.3401980016497,29090.715012000146,13.0
1778233829,40,,Aggregated,22.900000,0.000000,590,710,800,850,1000,1200,1500,1600,20000,29000,29000,26839,0,590.0,585.050511659255,65.3401980016497,29090.715012000146,13.0
1778233830,40,,Aggregated,23.000000,0.000000,590,710,800,850,1000,1200,1500,1600,20000,29000,29000,26860,0,590.0,585.1155034262009,65.3401980016497,29090.715012000146,13.0
1778233831,40,,Aggregated,22.600000,0.000000,590,710,800,850,1000,1200,1500,1600,20000,29000,29000,26884,0,590.0,585.2725545855066,65.3401980016497,29090.715012000146,13.0
1778233832,40,,Aggregated,23.000000,0.000000,590,710,800,850,1000,1200,1500,1600,20000,29000,29000,26908,0,590.0,585.4703389090145,65.3401980016497,29090.715012000146,13.0
1778233833,40,,Aggregated,22.900000,0.000000,590,710,800,850,1000,1200,1500,1600,20000,29000,29000,26931,0,590.0,585.5622618394326,65.3401980016497,29090.715012000146,13.0
1778233834,40,,Aggregated,22.900000,0.000000,590,710,800,850,1000,1200,1500,1600,20000,29000,29000,26952,0,590.0,585.7400962935872,65.3401980016497,29090.715012000146,13.0
1778233835,40,,Aggregated,22.700000,0.000000,590,710,800,850,1000,1200,1500,1600,20000,29000,29000,26976,0,590.0,585.852958933599,65.3401980016497,29090.715012000146,13.0
1778233836,40,,Aggregated,23.000000,0.000000,590,710,800,850,1000,1200,1500,1600,20000,29000,29000,26997,0,590.0,586.0019733386218,65.3401980016497,29090.715012000146,13.0
1778233837,40,,Aggregated,22.900000,0.000000,590,710,800,850,1000,1200,1500,1600,20000,29000,29000,27022,0,590.0,586.1377985970609,65.3401980016497,29090.715012000146,13.0
1778233838,40,,Aggregated,22.800000,0.000000,590,710,800,850,1000,1200,1500,1600,20000,29000,29000,27045,0,590.0,586.3019709428646,65.3401980016497,29090.715012000146,13.0
1778233839,40,,Aggregated,22.800000,0.000000,590,710,800,850,1000,1200,1500,1600,20000,29000,29000,27068,0,590.0,586.4040690588064,65.3401980016497,29090.715012000146,13.0
1778233840,40,,Aggregated,22.700000,0.000000,590,710,800,850,1000,1200,1500,1600,20000,29000,29000,27091,0,590.0,586.5620006963114,65.3401980016497,29090.715012000146,13.0
1778233841,40,,Aggregated,23.100000,0.000000,590,710,800,850,1000,1200,1500,1600,20000,29000,29000,27113,0,590.0,586.7153756444427,65.3401980016497,29090.715012000146,13.0
1778233842,40,,Aggregated,22.600000,0.000000,590,710,800,850,1000,1200,1500,1600,20000,29000,29000,27138,0,590.0,586.8587994562156,65.3401980016497,29090.715012000146,13.0
1778233843,40,,Aggregated,23.000000,0.000000,590,710,800,850,1000,1200,1500,1600,20000,29000,29000,27160,0,590.0,586.9958710530481,65.3401980016497,29090.715012000146,13.0
1778233844,40,,Aggregated,22.900000,0.000000,590,710,800,850,1000,1200,1500,1600,20000,29000,29000,27181,0,590.0,587.1264784467746,65.3401980016497,29090.715012000146,13.0
1778233845,40,,Aggregated,23.100000,0.000000,590,710,800,850,1000,1200,1500,1600,20000,29000,29000,27205,0,590.0,587.2419925440834,65.3401980016497,29090.715012000146,13.0
1778233846,40,,Aggregated,23.000000,0.000000,590,710,800,850,1000,1200,1500,1600,20000,29000,29000,27228,0,590.0,587.40154294189,65.3401980016497,29090.715012000146,13.0
1778233847,40,,Aggregated,22.700000,0.000000,590,710,800,850,1000,1200,1500,1600,20000,29000,29000,27250,0,590.0,587.5392368853131,65.3401980016497,29090.715012000146,13.0
1778233848,40,,Aggregated,22.800000,0.000000,590,710,800,850,1000,1200,1500,1600,20000,29000,29000,27274,0,590.0,587.683332659705,65.3401980016497,29090.715012000146,13.0
1778233849,40,,Aggregated,22.700000,0.000000,590,710,800,850,1000,1200,1500,1600,20000,29000,29000,27296,0,590.0,587.8072204392876,65.3401980016497,29090.715012000146,13.0
1778233850,40,,Aggregated,22.900000,0.000000,590,710,800,850,1000,1200,1500,1600,20000,29000,29000,27321,0,590.0,587.9480265203613,65.3401980016497,29090.715012000146,13.0
1778233851,40,,Aggregated,22.700000,0.000000,590,710,800,850,1000,1200,1500,1600,20000,29000,29000,27342,0,590.0,588.069774934489,65.3401980016497,29090.715012000146,13.0
1778233852,40,,Aggregated,22.900000,0.000000,590,710,800,850,1000,1200,1500,1600,20000,29000,29000,27365,0,590.0,588.2157882400438,65.3401980016497,29090.715012000146,13.0
1778233853,40,,Aggregated,22.600000,0.000000,590,710,800,850,1000,1200,1500,1600,20000,29000,29000,27387,0,590.0,588.3395865543797,65.3401980016497,29090.715012000146,13.0
1778233854,40,,Aggregated,22.700000,0.000000,590,710,800,850,1000,1200,1500,1600,20000,29000,29000,27411,0,590.0,588.4673011262922,65.3401980016497,29090.715012000146,13.0
1778233855,40,,Aggregated,22.600000,0.000000,590,720,800,850,1000,1200,1500,1600,20000,29000,29000,27433,0,590.0,588.6075462766302,65.3401980016497,29090.715012000146,13.0
1778233856,40,,Aggregated,22.500000,0.000000,590,720,800,850,1000,1200,1500,1600,20000,29000,29000,27456,0,590.0,588.7662363760123,65.3401980016497,29090.715012000146,13.0
1778233857,40,,Aggregated,22.800000,0.000000,590,720,800,850,1000,1200,1500,1600,20000,29000,29000,27478,0,590.0,588.901450801106,65.3401980016497,29090.715012000146,13.0
1778233858,40,,Aggregated,23.000000,0.000000,590,720,800,850,1000,1200,1500,1600,20000,29000,29000,27501,0,590.0,589.0308489627937,65.3401980016497,29090.715012000146,13.0
1778233859,40,,Aggregated,22.900000,0.000000,590,720,800,850,1000,1200,1500,1600,20000,29000,29000,27525,0,590.0,589.1755512143066,65.3401980016497,29090.715012000146,13.0
1778233860,40,,Aggregated,22.700000,0.000000,590,720,800,850,1000,1200,1500,1600,20000,29000,29000,27549,0,590.0,589.3163910795595,65.3401980016497,29090.715012000146,13.0
1778233861,40,,Aggregated,22.700000,0.000000,590,720,800,850,1000,1200,1500,1600,20000,29000,29000,27574,0,590.0,589.4704211413934,65.3401980016497,29090.715012000146,13.0
1778233862,40,,Aggregated,22.800000,0.000000,590,720,800,850,1000,1200,1500,1600,20000,29000,29000,27594,0,590.0,589.5973424246134,65.3401980016497,29090.715012000146,13.0
1778233863,40,,Aggregated,23.000000,0.000000,590,720,800,850,1000,1200,1500,1600,20000,29000,29000,27617,0,590.0,589.7371090435162,65.3401980016497,29090.715012000146,13.0
1778233864,40,,Aggregated,22.600000,0.000000,590,720,800,850,1000,1200,1500,1600,20000,29000,29000,27639,0,590.0,589.863992489554,65.3401980016497,29090.715012000146,13.0
1778233865,40,,Aggregated,22.800000,0.000000,590,720,800,850,1000,1200,1500,1600,20000,29000,29000,27662,0,590.0,589.9978727080755,65.3401980016497,29090.715012000146,13.0
1778233866,40,,Aggregated,22.900000,0.000000,590,720,800,850,1000,1200,1500,1600,20000,29000,29000,27687,0,590.0,590.1422129807053,65.3401980016497,29090.715012000146,13.0
1778233867,40,,Aggregated,23.100000,0.000000,590,720,800,850,1000,1200,1500,1600,20000,29000,29000,27708,0,590.0,590.2699887183409,65.3401980016497,29090.715012000146,13.0
1778233868,40,,Aggregated,22.700000,0.000000,590,720,800,850,1000,1200,1500,1600,20000,29000,29000,27731,0,590.0,590.4046126320649,65.3401980016497,29090.715012000146,13.0
1778233869,40,,Aggregated,22.700000,0.000000,590,720,800,850,1000,1200,1500,1600,20000,29000,29000,27754,0,590.0,590.5275751941628,65.3401980016497,29090.715012000146,13.0
1778233870,40,,Aggregated,22.800000,0.000000,590,720,800,850,1000,1200,1500,1600,20000,29000,29000,27775,0,590.0,590.6457506332239,65.3401980016497,29090.715012000146,13.0
1778233871,40,,Aggregated,22.900000,0.000000,590,720,800,850,1000,1200,1500,1600,20000,29000,29000,27801,0,590.0,590.8074821296642,65.3401980016497,29090.715012000146,13.0
1778233872,40,,Aggregated,23.000000,0.000000,590,720,800,850,1000,1200,1500,1600,20000,29000,29000,27823,0,590.0,590.9361772314917,65.3401980016497,29090.715012000146,13.0
1778233873,40,,Aggregated,22.600000,0.000000,590,720,800,850,1000,1200,1500,1600,20000,29000,29000,27846,0,590.0,591.067178228212,65.3401980016497,29090.715012000146,13.0
1778233874,40,,Aggregated,22.700000,0.000000,590,720,800,850,1000,1200,1500,1600,20000,29000,29000,27868,0,590.0,591.1845335362348,65.3401980016497,29090.715012000146,13.0
1778233875,40,,Aggregated,23.000000,0.000000,590,720,800,850,1000,1200,1500,1600,20000,29000,29000,27893,0,590.0,591.3337653592586,65.3401980016497,29090.715012000146,13.0
1778233876,40,,Aggregated,22.700000,0.000000,590,720,800,850,1000,1200,1500,1600,20000,29000,29000,27913,0,590.0,591.4422870043993,65.3401980016497,29090.715012000146,13.0
1778233877,40,,Aggregated,22.400000,0.000000,590,720,800,850,1000,1200,1500,1600,20000,29000,29000,27938,0,590.0,591.5750852177249,65.3401980016497,29090.715012000146,13.0
1778233878,40,,Aggregated,22.800000,0.000000,590,720,800,850,1000,1200,1500,1600,20000,29000,29000,27961,0,590.0,591.7050666364503,65.3401980016497,29090.715012000146,13.0
1778233879,40,,Aggregated,23.100000,0.000000,590,720,800,850,1000,1200,1500,1600,20000,29000,29000,27982,0,590.0,591.8205642118427,65.3401980016497,29090.715012000146,13.0
1778233880,40,,Aggregated,22.900000,0.000000,590,720,800,850,1000,1200,1500,1600,20000,29000,29000,28006,0,590.0,591.9265836300716,65.3401980016497,29090.715012000146,13.0
1778233881,40,,Aggregated,23.000000,0.000000,590,720,800,850,1000,1200,1500,1600,20000,29000,29000,28028,0,590.0,592.0344403439342,65.3401980016497,29090.715012000146,13.0
1778233882,40,,Aggregated,22.800000,0.000000,590,720,800,850,1000,1200,1500,1600,20000,29000,29000,28052,0,590.0,592.2137205749602,65.3401980016497,29090.715012000146,13.0
1778233883,40,,Aggregated,23.000000,0.000000,590,720,800,850,1000,1200,1500,1600,20000,29000,29000,28076,0,590.0,592.3397535157354,65.3401980016497,29090.715012000146,13.0
1778233884,40,,Aggregated,23.200000,0.000000,590,720,800,850,1000,1200,1500,1600,20000,29000,29000,28098,0,590.0,592.4757495828449,65.3401980016497,29090.715012000146,13.0
1778233885,40,,Aggregated,22.800000,0.000000,590,720,800,850,1000,1200,1500,1600,20000,29000,29000,28119,0,590.0,592.5964132881246,65.3401980016497,29090.715012000146,13.0
1778233886,40,,Aggregated,23.000000,0.000000,600,720,800,850,1000,1200,1500,1600,20000,29000,29000,28144,0,600.0,592.745946522199,65.3401980016497,29090.715012000146,13.0
1778233887,40,,Aggregated,23.200000,0.000000,600,720,800,850,1000,1200,1500,1600,20000,29000,29000,28167,0,600.0,592.8927710411035,65.3401980016497,29090.715012000146,13.0
1778233888,40,,Aggregated,22.900000,0.000000,600,720,800,850,1000,1200,1500,1600,20000,29000,29000,28191,0,600.0,593.0297108186215,65.3401980016497,29090.715012000146,13.0
1778233889,40,,Aggregated,22.500000,0.000000,600,720,800,850,1000,1200,1500,1600,20000,29000,29000,28211,0,600.0,593.1228127970921,65.3401980016497,29090.715012000146,13.0
1778233890,40,,Aggregated,22.700000,0.000000,600,720,800,850,1000,1200,1500,1600,20000,29000,29000,28236,0,600.0,593.2626034761922,65.3401980016497,29090.715012000146,13.0
1778233891,40,,Aggregated,22.400000,0.000000,600,720,800,850,1000,1200,1500,1600,20000,29000,29000,28259,0,600.0,593.3964611382485,65.3401980016497,29090.715012000146,13.0
1778233892,40,,Aggregated,22.700000,0.000000,600,720,800,850,1000,1200,1500,1600,20000,29000,29000,28281,0,600.0,593.5036169540241,65.3401980016497,29090.715012000146,13.0
1778233893,40,,Aggregated,22.700000,0.000000,600,720,800,850,1000,1200,1500,1600,20000,29000,29000,28305,0,600.0,593.6638544569421,65.3401980016497,29090.715012000146,13.0
1778233894,40,,Aggregated,22.900000,0.000000,600,720,800,850,1000,1200,1500,1600,20000,29000,29000,28326,0,600.0,593.7802742330631,65.3401980016497,29090.715012000146,13.0
1778233895,40,,Aggregated,22.800000,0.000000,600,720,800,850,1000,1200,1500,1600,20000,29000,29000,28350,0,600.0,593.9172341885978,65.3401980016497,29090.715012000146,13.0
1778233896,40,,Aggregated,22.800000,0.000000,600,720,800,850,1000,1200,1500,1600,20000,29000,29000,28373,0,600.0,594.0300305096304,65.3401980016497,29090.715012000146,13.0
1778233897,40,,Aggregated,22.500000,0.000000,600,720,800,850,1000,1200,1500,1600,20000,29000,29000,28396,0,600.0,594.1640724098023,65.3401980016497,29090.715012000146,13.0
1778233898,40,,Aggregated,22.800000,0.000000,600,720,800,850,1000,1200,1500,1600,20000,29000,29000,28418,0,600.0,594.3011086774137,65.3401980016497,29090.715012000146,13.0
1778233899,40,,Aggregated,22.800000,0.000000,600,720,800,850,1000,1200,1500,1600,20000,29000,29000,28442,0,600.0,594.416818722514,65.3401980016497,29090.715012000146,13.0
1778233900,40,,Aggregated,22.700000,0.000000,600,720,800,850,1000,1200,1500,1600,20000,29000,29000,28466,0,600.0,594.5556526133546,65.3401980016497,29090.715012000146,13.0
1778233901,40,,Aggregated,23.200000,0.000000,600,720,800,850,1000,1200,1500,1600,20000,29000,29000,28486,0,600.0,594.6737478691551,65.3401980016497,29090.715012000146,13.0
1778233902,40,,Aggregated,22.800000,0.000000,600,720,800,860,1000,1200,1500,1600,20000,29000,29000,28508,0,600.0,594.8221403625563,65.3401980016497,29090.715012000146,13.0
1778233903,40,,Aggregated,23.000000,0.000000,600,720,800,860,1000,1200,1500,1600,20000,29000,29000,28533,0,600.0,594.9647206930135,65.3401980016497,29090.715012000146,13.0
1778233904,40,,Aggregated,22.600000,0.000000,600,720,800,860,1000,1200,1500,1600,20000,29000,29000,28556,0,600.0,595.0847364125492,65.3401980016497,29090.715012000146,13.0
1778233905,40,,Aggregated,22.800000,0.000000,600,720,800,860,1000,1200,1500,1600,20000,29000,29000,28577,0,600.0,595.1784473165397,65.3401980016497,29090.715012000146,13.0
1778233906,40,,Aggregated,22.700000,0.000000,600,720,800,860,1000,1200,1500,1600,20000,29000,29000,28602,0,600.0,595.3368809063267,65.3401980016497,29090.715012000146,13.0
1778233907,40,,Aggregated,23.100000,0.000000,600,720,800,860,1000,1200,1500,1600,20000,29000,29000,28623,0,600.0,595.446139011206,65.3401980016497,29090.715012000146,13.0
1778233908,40,,Aggregated,22.900000,0.000000,600,720,800,860,1000,1200,1500,1600,20000,29000,29000,28647,0,600.0,595.5797720640119,65.3401980016497,29090.715012000146,13.0
1778233909,40,,Aggregated,22.800000,0.000000,600,720,800,860,1000,1200,1500,1600,20000,29000,29000,28672,0,600.0,595.7128212195786,65.3401980016497,29090.715012000146,13.0
1778233910,40,,Aggregated,23.000000,0.000000,600,720,800,860,1000,1200,1500,1600,20000,29000,29000,28692,0,600.0,595.8031664096874,65.3401980016497,29090.715012000146,13.0
1778233911,40,,Aggregated,22.600000,0.000000,600,720,810,860,1000,1200,1500,1600,20000,29000,29000,28716,0,600.0,595.942782849239,65.3401980016497,29090.715012000146,13.0
1778233912,40,,Aggregated,22.900000,0.000000,600,720,810,860,1000,1200,1500,1600,20000,29000,29000,28738,0,600.0,596.0706758026218,65.3401980016497,29090.715012000146,13.0
1778233913,40,,Aggregated,22.700000,0.000000,600,720,810,860,1000,1200,1500,1600,20000,29000,29000,28761,0,600.0,596.1645983055092,65.3401980016497,29090.715012000146,13.0
1778233914,40,,Aggregated,22.900000,0.000000,600,720,810,860,1000,1200,1500,1600,20000,29000,29000,28782,0,600.0,596.3204806987615,65.3401980016497,29090.715012000146,13.0
1778233915,40,,Aggregated,22.700000,0.000000,600,720,810,860,1000,1200,1500,1600,20000,29000,29000,28808,0,600.0,596.4337025418201,65.3401980016497,29090.715012000146,13.0
1778233916,40,,Aggregated,22.900000,0.000000,600,720,810,860,1000,1200,1500,1600,20000,29000,29000,28830,0,600.0,596.5522594041882,65.3401980016497,29090.715012000146,13.0
1778233917,40,,Aggregated,22.700000,0.000000,600,720,810,860,1000,1200,1500,1600,20000,29000,29000,28854,0,600.0,596.6364274674131,65.3401980016497,29090.715012000146,13.0
1778233918,40,,Aggregated,22.900000,0.000000,600,720,810,860,1000,1200,1500,1600,20000,29000,29000,28877,0,600.0,596.7898007813739,65.3401980016497,29090.715012000146,13.0
1778233919,40,,Aggregated,23.000000,0.000000,600,720,810,860,1000,1200,1500,1600,20000,29000,29000,28899,0,600.0,596.9426340387122,65.3401980016497,29090.715012000146,13.0
1778233920,40,,Aggregated,22.900000,0.000000,600,720,810,860,1000,1200,1500,1600,20000,29000,29000,28921,0,600.0,597.0559581444194,65.3401980016497,29090.715012000146,13.0
1778233921,40,,Aggregated,22.900000,0.000000,600,720,810,860,1000,1200,1500,1600,20000,29000,29000,28943,0,600.0,597.1587308172186,65.3401980016497,29090.715012000146,13.0
1778233922,40,,Aggregated,22.500000,0.000000,600,720,810,860,1000,1200,1500,1600,20000,29000,29000,28968,0,600.0,597.3164870272286,65.3401980016497,29090.715012000146,13.0
1778233923,40,,Aggregated,22.700000,0.000000,600,720,810,860,1000,1200,1500,1600,20000,29000,29000,28990,0,600.0,597.3853969189981,65.3401980016497,29090.715012000146,13.0
1778233924,40,,Aggregated,22.800000,0.000000,600,720,810,860,1000,1200,1500,1600,20000,29000,29000,29013,0,600.0,597.5414556807208,65.3401980016497,29090.715012000146,13.0
1778233925,40,,Aggregated,22.900000,0.000000,600,720,810,860,1000,1200,1500,1600,20000,29000,29000,29037,0,600.0,597.6741735776683,65.3401980016497,29090.715012000146,13.0
1778233926,40,,Aggregated,22.700000,0.000000,600,720,810,860,1000,1200,1500,1600,20000,29000,29000,29058,0,600.0,597.7919995699549,65.3401980016497,29090.715012000146,13.0
1778233927,40,,Aggregated,22.800000,0.000000,600,720,810,860,1000,1200,1500,1600,20000,29000,29000,29082,0,600.0,597.8481949778817,65.3401980016497,29090.715012000146,13.0
1778233928,40,,Aggregated,22.400000,0.000000,600,720,810,860,1000,1200,1500,1600,20000,29000,29000,29104,0,600.0,598.0338029835677,65.3401980016497,29090.715012000146,13.0
1778233929,40,,Aggregated,23.100000,0.000000,600,720,810,860,1000,1200,1500,1600,20000,29000,29000,29127,0,600.0,598.1310735024805,65.3401980016497,29090.715012000146,13.0
1778233930,40,,Aggregated,22.600000,0.000000,600,720,810,860,1000,1200,1500,1600,20000,29000,29000,29150,0,600.0,598.2401258656172,65.3401980016497,29090.715012000146,13.0
1778233931,40,,Aggregated,22.800000,0.000000,600,720,810,860,1000,1200,1500,1600,20000,29000,29000,29173,0,600.0,598.3411129647529,65.3401980016497,29090.715012000146,13.0
1778233932,40,,Aggregated,23.100000,0.000000,600,720,810,860,1000,1200,1500,1600,20000,29000,29000,29197,0,600.0,598.4492939363205,65.3401980016497,29090.715012000146,13.0
1778233933,40,,Aggregated,22.900000,0.000000,600,720,810,860,1000,1200,1500,1600,20000,29000,29000,29219,0,600.0,598.5848115045261,65.3401980016497,29090.715012000146,13.0
1778233934,40,,Aggregated,22.900000,0.000000,600,720,810,860,1000,1200,1500,1600,20000,29000,29000,29243,0,600.0,598.687221994007,65.3401980016497,29090.715012000146,13.0
1778233935,40,,Aggregated,22.900000,0.000000,600,720,810,860,1000,1200,1500,1600,20000,29000,29000,29266,0,600.0,598.7885700329645,65.3401980016497,29090.715012000146,13.0
1778233936,40,,Aggregated,22.800000,0.000000,600,720,810,860,1000,1200,1500,1600,20000,29000,29000,29289,0,600.0,598.8818659351206,65.3401980016497,29090.715012000146,13.0
1778233937,40,,Aggregated,23.000000,0.000000,600,720,810,860,1000,1200,1500,1600,20000,29000,29000,29311,0,600.0,598.9979914999743,65.3401980016497,29090.715012000146,13.0
1778233938,40,,Aggregated,23.000000,0.000000,600,720,810,860,1000,1200,1500,1600,20000,29000,29000,29336,0,600.0,599.1461412718756,65.3401980016497,29090.715012000146,13.0
1778233939,40,,Aggregated,22.600000,0.000000,600,720,810,860,1000,1200,1500,1600,20000,29000,29000,29358,0,600.0,599.2512810615074,65.3401980016497,29090.715012000146,13.0
