Timestamp,User Count,Type,Name,Requests/s,Failures/s,50%,66%,75%,80%,90%,95%,98%,99%,99.9%,99.99%,100%,Total Request Count,Total Failure Count,Total Median Response Time,Total Average Response Time,Total Min Response Time,Total Max Response Time,Total Average Content Size
1778227978,0,,Aggregated,0.000000,0.000000,N/A,N/A,N/A,N/A,N/A,N/A,N/A,N/A,N/A,N/A,N/A,0,0,0,0.0,0,0,0
1778227979,1,,Aggregated,0.000000,0.000000,82,82,82,82,82,82,82,82,82,82,82,1,0,82.10140199935267,82.10140199935267,82.10140199935267,82.10140199935267,13.0
1778227980,2,,Aggregated,0.000000,0.000000,82,82,140,140,140,140,140,140,140,140,140,3,0,82,99.00307833322586,77.45865400011098,137.44917900021392,13.0
1778227981,3,,Aggregated,1.000000,0.000000,78,78,82,82,140,140,140,140,140,140,140,6,0,77,87.05041633341655,72.83188800010976,137.44917900021392,13.0
1778227982,4,,Aggregated,1.000000,0.000000,77,77,78,82,140,140,140,140,140,140,140,10,0,74,81.79606440007774,71.43999900017661,137.44917900021392,13.0
1778227983,5,,Aggregated,1.333333,0.000000,74,77,81,82,93,140,140,140,140,140,140,15,0,74,80.58974506669377,68.61159399977623,137.44917900021392,13.0
1778227984,6,,Aggregated,2.000000,0.000000,74,74,77,78,82,93,140,140,140,140,140,21,0,74,78.01064371423784,68.61159399977623,137.44917900021392,13.0
1778227985,7,,Aggregated,2.400000,0.000000,73,74,77,77,82,93,140,140,140,140,140,28,0,73,76.43877503570755,68.61159399977623,137.44917900021392,13.0
1778227986,8,,Aggregated,2.833333,0.000000,72,74,74,76,81,93,140,140,140,140,140,36,0,72,75.43036013890338,68.61159399977623,137.44917900021392,13.0
1778227987,9,,Aggregated,3.285714,0.000000,72,73,74,74,78,82,140,140,140,140,140,45,0,72,74.74742040002538,68.61159399977623,137.44917900021392,13.0
1778227988,10,,Aggregated,3.750000,0.000000,72,73,74,74,77,82,93,140,140,140,140,55,0,72,74.16086483641597,67.88846500057844,137.44917900021392,13.0
1778227989,11,,Aggregated,4.222222,0.000000,72,73,73,74,77,81,93,140,140,140,140,66,0,72,73.74403727277296,67.88846500057844,137.44917900021392,13.0
1778227990,12,,Aggregated,4.700000,0.000000,72,72,73,74,76,81,93,140,140,140,140,78,0,72,73.40823703850383,67.88846500057844,137.44917900021392,13.0
1778227991,13,,Aggregated,5.600000,0.000000,72,73,73,74,74,78,93,140,140,140,140,90,0,72,73.20644915560277,67.88846500057844,137.44917900021392,13.0
1778227992,14,,Aggregated,6.600000,0.000000,72,72,73,73,74,77,82,93,140,140,140,103,0,72,73.00768046606058,67.88846500057844,137.44917900021392,13.0
1778227993,15,,Aggregated,7.600000,0.000000,72,73,73,73,74,77,82,93,140,140,140,118,0,72,72.99893762715097,67.88846500057844,137.44917900021392,13.0
1778227994,16,,Aggregated,8.500000,0.000000,72,73,73,73,74,77,82,93,140,140,140,134,0,72,72.90872926119819,67.88846500057844,137.44917900021392,13.0
1778227995,17,,Aggregated,9.500000,0.000000,72,73,73,73,74,76,82,93,140,140,140,150,0,72,72.83585889333456,67.873248000069,137.44917900021392,13.0
1778227996,18,,Aggregated,10.300000,0.000000,72,73,73,73,74,75,81,93,140,140,140,167,0,72,72.74089909579433,66.53076499969757,137.44917900021392,13.0
1778227997,19,,Aggregated,11.200000,0.000000,72,73,73,73,74,75,81,93,140,140,140,185,0,72,72.7414062756538,66.53076499969757,137.44917900021392,13.0
1778227998,20,,Aggregated,12.200000,0.000000,72,73,73,73,74,75,78,82,140,140,140,204,0,72,72.70594708330802,66.53076499969757,137.44917900021392,13.0
1778227999,21,,Aggregated,13.200000,0.000000,72,73,73,73,74,75,78,82,140,140,140,224,0,72,72.75334439729671,66.53076499969757,137.44917900021392,13.0
1778228000,22,,Aggregated,14.100000,0.000000,73,73,73,74,74,75,78,82,140,140,140,245,0,73,72.79391672243352,66.53076499969757,137.44917900021392,13.0
1778228001,22,,Aggregated,15.000000,0.000000,73,73,73,73,74,75,77,82,140,140,140,266,0,73,72.77266733082004,66.53076499969757,137.44917900021392,13.0
1778228002,22,,Aggregated,15.800000,0.000000,73,73,73,73,74,75,77,82,140,140,140,287,0,73,72.74459421601514,66.53076499969757,137.44917900021392,13.0
1778228003,22,,Aggregated,16.600000,0.000000,73,73,73,74,75,75,77,81,140,140,140,308,0,73,72.8301437012902,66.53076499969757,137.44917900021392,13.0
1778228004,22,,Aggregated,17.400000,0.000000,73,73,73,74,74,75,77,81,140,140,140,329,0,73,72.82313858358091,66.53076499969757,137.44917900021392,13.0
1778228005,22,,Aggregated,18.200000,0.000000,73,73,73,74,75,75,77,81,140,140,140,349,0,73,72.81544093122783,66.53076499969757,137.44917900021392,13.0
1778228006,22,,Aggregated,19.000000,0.000000,73,73,73,74,74,75,77,81,140,140,140,369,0,73,72.77997468834528,66.53076499969757,137.44917900021392,13.0
1778228007,22,,Aggregated,19.500000,0.000000,73,73,73,74,74,75,77,81,140,140,140,389,0,73,72.75996421079452,66.53076499969757,137.44917900021392,13.0
1778228008,22,,Aggregated,19.900000,0.000000,73,73,73,74,74,75,77,81,140,140,140,410,0,73,72.85301163659291,66.53076499969757,137.44917900021392,13.0
1778228009,22,,Aggregated,20.200000,0.000000,73,73,73,74,74,75,77,81,140,140,140,430,0,73,72.82246033023617,66.53076499969757,137.44917900021392,13.0
1778228010,22,,Aggregated,20.500000,0.000000,73,73,73,74,74,75,77,81,140,140,140,450,0,73,72.81801545333413,66.53076499969757,137.44917900021392,13.0
1778228011,22,,Aggregated,20.600000,0.000000,73,73,73,74,74,75,77,81,140,140,140,470,0,73,72.85053664894069,66.53076499969757,137.44917900021392,13.0
1778228012,22,,Aggregated,20.700000,0.000000,73,73,73,74,74,75,77,81,140,140,140,491,0,73,72.84320892057104,66.53076499969757,137.44917900021392,13.0
1778228013,22,,Aggregated,20.800000,0.000000,73,73,74,74,75,76,77,79,140,140,140,511,0,73,72.87520385519089,66.53076499969757,137.44917900021392,13.0
1778228014,22,,Aggregated,20.700000,0.000000,73,73,74,74,75,76,77,82,140,140,140,532,0,73,72.98663924060767,66.53076499969757,137.44917900021392,13.0
1778228015,22,,Aggregated,20.500000,0.000000,73,73,74,74,75,76,77,82,140,140,140,553,0,73,72.97502528029278,66.53076499969757,137.44917900021392,13.0
1778228016,22,,Aggregated,20.400000,0.000000,73,73,74,74,75,76,77,82,140,140,140,574,0,73,72.98920122473912,66.53076499969757,137.44917900021392,13.0
1778228017,22,,Aggregated,20.300000,0.000000,73,73,74,74,75,76,77,82,140,140,140,595,0,73,72.97639417647129,66.53076499969757,137.44917900021392,13.0
1778228018,22,,Aggregated,20.300000,0.000000,73,73,74,74,75,76,77,81,140,140,140,616,0,73,72.96229531818113,66.53076499969757,137.44917900021392,13.0
1778228019,22,,Aggregated,20.300000,0.000000,73,73,74,74,75,76,77,82,140,140,140,637,0,73,73.02856477551303,66.53076499969757,137.44917900021392,13.0
1778228020,22,,Aggregated,20.300000,0.000000,73,73,74,74,75,76,77,82,140,140,140,657,0,73,73.01355811415559,66.53076499969757,137.44917900021392,13.0
1778228021,22,,Aggregated,20.400000,0.000000,73,73,74,74,75,76,77,82,140,140,140,677,0,73,72.98951348153716,66.53076499969757,137.44917900021392,13.0
1778228022,22,,Aggregated,20.500000,0.000000,73,73,74,74,75,75,77,82,140,140,140,697,0,73,72.96415847489322,66.53076499969757,137.44917900021392,13.0
1778228023,22,,Aggregated,20.500000,0.000000,73,73,74,74,75,75,77,81,140,140,140,718,0,73,72.92632577297852,66.53076499969757,137.44917900021392,13.0
1778228024,22,,Aggregated,20.600000,0.000000,73,73,74,74,75,75,77,81,140,140,140,737,0,73,72.90349702306547,66.53076499969757,137.44917900021392,13.0
1778228025,22,,Aggregated,20.500000,0.000000,73,73,74,74,75,75,76,81,140,140,140,758,0,73,72.87926444459211,66.53076499969757,137.44917900021392,13.0
1778228026,22,,Aggregated,20.600000,0.000000,73,73,74,74,75,75,77,81,140,140,140,778,0,73,72.874566727506,66.53076499969757,137.44917900021392,13.0
1778228027,22,,Aggregated,20.700000,0.000000,73,73,74,74,75,75,77,81,140,140,140,799,0,73,72.87078639424368,66.53076499969757,137.44917900021392,13.0
1778228028,22,,Aggregated,20.600000,0.000000,73,73,74,74,75,75,76,79,140,140,140,819,0,73,72.86870290232052,66.53076499969757,137.44917900021392,13.0
1778228029,22,,Aggregated,20.500000,0.000000,73,73,74,74,75,75,76,79,140,140,140,840,0,73,72.8779411654787,66.53076499969757,137.44917900021392,13.0
1778228030,22,,Aggregated,20.400000,0.000000,73,73,74,74,75,75,77,82,140,140,140,861,0,73,72.93107281649468,66.53076499969757,137.44917900021392,13.0
1778228031,22,,Aggregated,20.400000,0.000000,73,73,74,74,75,75,77,82,140,140,140,882,0,73,72.9142002981868,66.53076499969757,137.44917900021392,13.0
1778228032,22,,Aggregated,20.300000,0.000000,73,73,74,74,75,75,77,82,140,140,140,903,0,73,72.90538694462823,66.53076499969757,137.44917900021392,13.0
1778228033,22,,Aggregated,20.300000,0.000000,73,73,74,74,75,75,77,82,140,140,140,924,0,73,72.91360070346505,66.53076499969757,137.44917900021392,13.0
1778228034,22,,Aggregated,20.300000,0.000000,73,73,74,74,75,76,83,110,170,170,170,945,0,73,73.42378726666895,66.53076499969757,166.80687100051728,13.0
1778228035,22,,Aggregated,20.500000,0.000000,73,73,74,74,75,76,97,130,240,240,240,962,0,73,73.96982419334934,66.53076499969757,238.89134599994577,13.0
1778228036,22,,Aggregated,20.500000,0.000000,73,73,74,74,75,77,120,140,240,240,240,981,0,73,74.71949196330407,66.53076499969757,238.89134599994577,13.0
1778228037,22,,Aggregated,20.600000,0.000000,73,73,74,74,75,90,130,180,240,240,240,1000,0,73,75.82346094500369,66.53076499969757,238.89134599994577,13.0
1778228038,22,,Aggregated,20.300000,0.000000,73,73,74,74,76,100,150,180,210,240,240,1022,0,73,76.7200972416854,66.53076499969757,238.89134599994577,13.0
1778228039,22,,Aggregated,20.200000,0.000000,73,73,74,74,76,110,180,210,410,430,430,1040,0,73,79.04296456730955,66.53076499969757,433.4425699998974,13.0
1778228040,22,,Aggregated,20.000000,0.000000,73,73,74,74,77,120,190,250,410,430,430,1055,0,73,80.24721517630536,66.41210799989494,433.4425699998974,13.0
1778228041,22,,Aggregated,20.100000,0.000000,73,74,74,75,81,140,260,430,810,810,810,1072,0,73,87.14538475933136,66.41210799989494,813.391856000635,13.0
1778228042,22,,Aggregated,20.000000,0.000000,73,74,74,75,89,160,360,630,810,810,810,1088,0,73,89.26156380423032,66.41210799989494,813.391856000635,13.0
1778228043,22,,Aggregated,19.300000,0.000000,73,74,74,75,97,180,350,590,810,810,810,1108,0,73,90.45535695668065,66.41210799989494,813.391856000635,13.0
1778228044,22,,Aggregated,19.000000,0.000000,73,74,74,75,96,170,350,590,810,810,810,1130,0,73,90.14255840000463,66.41210799989494,813.391856000635,13.0
1778228045,22,,Aggregated,18.700000,0.000000,73,74,74,75,93,170,340,590,810,810,810,1151,0,73,89.83426488010835,66.41210799989494,813.391856000635,13.0
1778228046,22,,Aggregated,18.500000,0.000000,73,74,74,75,93,160,340,590,810,810,810,1172,0,73,89.62198250512463,66.41210799989494,813.391856000635,13.0
1778228047,22,,Aggregated,18.400000,0.000000,73,74,74,75,94,160,340,590,810,810,810,1192,0,73,89.50902799413203,66.41210799989494,813.391856000635,13.0
1778228048,22,,Aggregated,18.800000,0.000000,73,74,74,75,96,160,340,490,810,810,810,1213,0,73,89.36140068837938,66.41210799989494,813.391856000635,13.0
1778228049,22,,Aggregated,19.100000,0.000000,73,74,74,75,93,160,340,490,810,810,810,1233,0,73,89.09610611192515,66.41210799989494,813.391856000635,13.0
1778228050,22,,Aggregated,19.300000,0.000000,73,74,74,75,93,160,310,490,810,810,810,1252,0,73,88.84382710623328,66.41210799989494,813.391856000635,13.0
1778228051,22,,Aggregated,19.100000,0.000000,73,74,74,75,92,160,310,490,810,810,810,1274,0,73,88.57162647017554,66.24150999959966,813.391856000635,13.0
1778228052,22,,Aggregated,19.200000,0.000000,73,74,74,75,92,150,310,490,810,810,810,1296,0,73,88.39345384104983,66.24150999959966,813.391856000635,13.0
1778228053,22,,Aggregated,19.900000,0.000000,73,74,74,75,91,150,310,430,810,810,810,1317,0,73,88.13304581548886,66.24150999959966,813.391856000635,13.0
1778228054,22,,Aggregated,20.100000,0.000000,73,74,74,75,89,150,310,430,810,810,810,1335,0,73,87.90792093483095,66.24150999959966,813.391856000635,13.0
1778228055,22,,Aggregated,20.500000,0.000000,73,74,74,75,89,150,300,430,810,810,810,1356,0,73,87.669312469026,66.24150999959966,813.391856000635,13.0
1778228056,22,,Aggregated,20.700000,0.000000,73,74,74,75,88,150,300,430,810,810,810,1376,0,73,87.49130698546465,66.24150999959966,813.391856000635,13.0
1778228057,22,,Aggregated,20.700000,0.000000,73,74,74,75,87,150,300,430,810,810,810,1396,0,73,87.29798146776551,66.24150999959966,813.391856000635,13.0
1778228058,22,,Aggregated,20.600000,0.000000,73,74,74,75,86,140,280,420,810,810,810,1417,0,73,87.08164170501257,66.24150999959966,813.391856000635,13.0
1778228059,22,,Aggregated,20.400000,0.000000,73,74,74,75,86,140,280,420,810,810,810,1438,0,73,86.87934811196183,66.24150999959966,813.391856000635,13.0
1778228060,22,,Aggregated,20.400000,0.000000,73,74,74,75,84,140,280,420,810,810,810,1459,0,73,86.67560617066323,66.24150999959966,813.391856000635,13.0
1778228061,22,,Aggregated,20.400000,0.000000,73,74,74,75,84,140,280,420,810,810,810,1480,0,73,86.47566525405323,66.24150999959966,813.391856000635,13.0
1778228062,22,,Aggregated,20.500000,0.000000,73,74,74,75,84,130,280,420,810,810,810,1500,0,73,86.28986911733345,66.24150999959966,813.391856000635,13.0
1778228063,22,,Aggregated,20.500000,0.000000,73,74,74,75,83,130,260,410,810,810,810,1521,0,73,86.14623616107978,66.24150999959966,813.391856000635,13.0
1778228064,22,,Aggregated,20.600000,0.000000,73,74,74,75,83,130,260,410,810,810,810,1541,0,73,85.99047306424535,66.24150999959966,813.391856000635,13.0
1778228065,22,,Aggregated,20.500000,0.000000,73,74,74,75,83,130,250,410,810,810,810,1560,0,73,85.81374432692425,66.24150999959966,813.391856000635,13.0
1778228067,22,,Aggregated,20.400000,0.000000,73,74,74,75,82,130,250,410,810,810,810,1582,0,73,85.68486012515876,66.24150999959966,813.391856000635,13.0
1778228068,22,,Aggregated,20.400000,0.000000,73,74,74,75,84,130,240,410,810,810,810,1602,0,73,85.66825432709047,66.24150999959966,813.391856000635,13.0
1778228069,22,,Aggregated,20.300000,0.000000,73,74,74,75,84,130,240,410,810,810,810,1623,0,73,85.64885303265505,66.24150999959966,813.391856000635,13.0
1778228070,22,,Aggregated,20.500000,0.000000,73,74,74,75,87,130,240,410,810,810,810,1642,0,73,85.67520217296043,66.24150999959966,813.391856000635,13.0
1778228071,22,,Aggregated,20.600000,0.000000,73,74,74,75,92,130,210,410,810,810,810,1662,0,73,86.0080044693155,66.24150999959966,813.391856000635,13.0
1778228072,22,,Aggregated,20.600000,0.000000,73,74,74,75,96,140,210,410,810,810,810,1679,0,73,86.30695829422304,66.24150999959966,813.391856000635,13.0
1778228073,22,,Aggregated,20.400000,0.000000,73,74,74,75,100,150,280,410,810,810,810,1700,0,73,87.23611434117744,66.24150999959966,813.391856000635,13.0
1778228074,22,,Aggregated,20.200000,0.000000,73,74,75,75,110,160,300,400,810,810,810,1718,0,73,88.55194016007238,66.24150999959966,813.391856000635,13.0
1778228075,22,,Aggregated,19.900000,0.000000,73,74,75,75,110,170,310,400,810,810,810,1738,0,73,89.55505666743666,66.24150999959966,813.391856000635,13.0
1778228076,22,,Aggregated,19.900000,0.000000,73,74,75,75,120,180,310,400,810,810,810,1756,0,73,90.1039386161755,66.24150999959966,813.391856000635,13.0
1778228077,22,,Aggregated,19.700000,0.000000,73,74,75,75,120,180,310,400,810,810,810,1776,0,73,90.15941317061046,66.24150999959966,813.391856000635,13.0
1778228078,22,,Aggregated,19.600000,0.000000,73,74,75,76,120,180,310,400,810,810,810,1795,0,73,90.52597473092251,66.21434899989254,813.391856000635,13.0
1778228079,22,,Aggregated,19.600000,0.000000,73,74,75,76,120,180,300,390,810,810,810,1816,0,73,90.80736091960517,66.21434899989254,813.391856000635,13.0
1778228080,22,,Aggregated,19.400000,0.000000,73,74,75,76,130,180,340,490,810,810,810,1835,0,73,92.86977693896549,66.21434899989254,813.391856000635,13.0
1778228081,22,,Aggregated,19.300000,0.000000,73,74,75,76,130,190,340,490,810,810,810,1855,0,73,93.31841915256203,66.21434899989254,813.391856000635,13.0
1778228082,22,,Aggregated,19.300000,0.000000,73,74,75,76,130,190,340,490,810,810,810,1868,0,73,93.33050517826739,66.21434899989254,813.391856000635,13.0
1778228083,22,,Aggregated,19.300000,0.000000,73,74,75,77,130,190,340,490,810,810,810,1889,0,73,93.93943497141557,66.21434899989254,813.391856000635,13.0
1778228084,22,,Aggregated,19.100000,0.000000,73,74,75,77,130,190,340,450,810,810,810,1911,0,73,94.03741669021618,66.21434899989254,813.391856000635,13.0
1778228085,22,,Aggregated,18.800000,0.000000,73,74,75,79,130,190,340,450,810,810,810,1931,0,73,94.19438373537078,66.21434899989254,813.391856000635,13.0
1778228086,22,,Aggregated,19.300000,0.000000,73,74,75,80,130,190,340,450,810,810,810,1952,0,73,94.4270833309437,66.21434899989254,813.391856000635,13.0
1778228087,22,,Aggregated,19.400000,0.000000,73,74,75,82,140,190,340,450,810,810,810,1973,0,73,94.60425461378769,66.11300199983816,813.391856000635,13.0
1778228088,22,,Aggregated,19.500000,0.000000,73,74,75,82,130,190,340,450,810,810,810,1993,0,73,94.39862843151207,66.11300199983816,813.391856000635,13.0
1778228089,22,,Aggregated,19.600000,0.000000,73,74,75,82,130,190,330,450,800,810,810,2012,0,73,94.24910122316382,66.11300199983816,813.391856000635,13.0
1778228090,22,,Aggregated,19.700000,0.000000,73,74,75,82,130,190,330,450,800,810,810,2031,0,73,94.0951792333855,66.08938299996225,813.391856000635,13.0
1778228091,22,,Aggregated,19.400000,0.000000,73,74,75,82,130,190,320,450,800,810,810,2052,0,73,93.96650852144582,66.08938299996225,813.391856000635,13.0
1778228092,22,,Aggregated,19.500000,0.000000,73,74,75,83,130,190,320,450,800,810,810,2072,0,73,93.905599025099,66.08938299996225,813.391856000635,13.0
1778228093,22,,Aggregated,19.500000,0.000000,73,74,75,83,130,190,320,450,800,810,810,2092,0,73,93.93748947562216,66.08938299996225,813.391856000635,13.0
1778228094,22,,Aggregated,20.400000,0.000000,73,74,75,84,130,190,310,430,800,810,810,2114,0,73,93.89602714049214,66.08938299996225,813.391856000635,13.0
1778228095,22,,Aggregated,20.300000,0.000000,73,74,75,84,130,190,310,430,800,810,810,2135,0,73,93.76880245948395,66.08938299996225,813.391856000635,13.0
1778228096,22,,Aggregated,20.200000,0.000000,73,74,76,84,130,190,310,430,800,810,810,2156,0,73,93.77019315445092,66.08938299996225,813.391856000635,13.0
1778228097,22,,Aggregated,20.300000,0.000000,73,74,76,85,130,190,310,430,800,810,810,2176,0,73,93.67819731204017,66.08938299996225,813.391856000635,13.0
1778228098,22,,Aggregated,20.300000,0.000000,73,74,76,85,130,180,310,430,800,810,810,2195,0,73,93.55105085056933,66.08938299996225,813.391856000635,13.0
1778228099,22,,Aggregated,20.100000,0.000000,73,74,76,86,130,180,310,420,800,810,810,2215,0,73,93.45517300586948,66.08938299996225,813.391856000635,13.0
1778228100,22,,Aggregated,20.200000,0.000000,73,74,76,87,130,180,310,420,800,810,810,2236,0,73,93.38316502772777,66.08938299996225,813.391856000635,13.0
1778228101,22,,Aggregated,20.400000,0.000000,73,74,76,87,130,180,310,420,800,810,810,2256,0,73,93.36995950443162,66.08938299996225,813.391856000635,13.0
1778228102,22,,Aggregated,20.400000,0.000000,73,74,76,87,130,180,310,420,800,810,810,2275,0,73,93.21419295867953,66.08938299996225,813.391856000635,13.0
1778228103,22,,Aggregated,20.200000,0.000000,73,74,76,87,130,180,310,420,800,810,810,2296,0,73,93.12510209363904,66.08938299996225,813.391856000635,13.0
1778228104,22,,Aggregated,20.300000,0.000000,73,74,76,88,130,180,300,420,800,810,810,2316,0,73,93.17712939464329,66.08938299996225,813.391856000635,13.0
1778228105,22,,Aggregated,20.200000,0.000000,73,74,76,89,130,180,300,420,800,810,810,2337,0,73,93.50823963585452,66.08938299996225,813.391856000635,13.0
1778228106,22,,Aggregated,20.100000,0.000000,73,74,76,90,130,190,300,420,800,810,810,2355,0,73,93.66116354606838,66.08938299996225,813.391856000635,13.0
1778228107,22,,Aggregated,20.100000,0.000000,73,74,76,91,130,190,300,420,800,810,810,2374,0,73,93.8852539102753,66.08938299996225,813.391856000635,13.0
1778228108,22,,Aggregated,19.800000,0.000000,73,75,77,93,140,190,320,420,800,810,810,2394,0,73,94.8342865768575,66.08938299996225,813.391856000635,13.0
1778228109,22,,Aggregated,19.900000,0.000000,73,75,77,93,140,190,320,410,800,810,810,2412,0,73,95.19723628731296,65.90740499996173,813.391856000635,13.0
1778228110,22,,Aggregated,20.000000,0.000000,73,75,77,95,140,190,320,410,800,810,810,2430,0,73,95.43892249958776,65.90740499996173,813.391856000635,13.0
1778228111,22,,Aggregated,19.300000,0.000000,73,75,78,97,140,200,330,410,800,810,810,2451,0,73,96.03180236801214,65.90740499996173,813.391856000635,13.0
1778228112,22,,Aggregated,19.400000,0.000000,73,75,79,98,150,200,340,450,800,810,810,2469,0,73,97.33407743499333,65.90740499996173,813.391856000635,13.0
1778228113,22,,Aggregated,19.700000,0.000000,73,75,80,99,150,210,340,450,800,810,810,2490,0,73,97.5527318935738,65.90740499996173,813.391856000635,13.0
1778228114,22,,Aggregated,19.300000,0.000000,73,75,81,100,150,200,340,430,800,810,810,2510,0,73,97.549242086852,65.90740499996173,813.391856000635,13.0
1778228115,22,,Aggregated,19.300000,0.000000,73,75,82,100,150,200,340,430,800,810,810,2528,0,73,97.46021001977789,65.90740499996173,813.391856000635,13.0
1778228116,22,,Aggregated,19.000000,0.000000,73,75,82,100,150,200,340,430,800,810,810,2547,0,73,97.49424549430677,65.90740499996173,813.391856000635,13.0
1778228117,22,,Aggregated,18.800000,0.000000,73,75,83,100,150,200,340,430,800,810,810,2566,0,73,97.59988307677351,65.90740499996173,813.391856000635,13.0
1778228118,22,,Aggregated,19.200000,0.000000,73,75,83,100,150,200,340,430,800,810,810,2587,0,73,97.55974927792755,65.90740499996173,813.391856000635,13.0
1778228119,22,,Aggregated,19.300000,0.000000,73,75,84,100,150,200,340,430,800,810,810,2609,0,73,97.58605592985766,65.90740499996173,813.391856000635,13.0
1778228120,22,,Aggregated,19.300000,0.000000,73,75,84,100,150,200,340,430,800,810,810,2629,0,73,97.57213739406521,65.90740499996173,813.391856000635,13.0
1778228121,22,,Aggregated,20.000000,0.000000,73,75,85,100,150,200,340,430,800,810,810,2651,0,73,97.45687249679249,65.90740499996173,813.391856000635,13.0
1778228122,22,,Aggregated,20.000000,0.000000,73,75,85,100,150,200,340,430,800,810,810,2672,0,73,97.40878549251393,65.90740499996173,813.391856000635,13.0
1778228123,22,,Aggregated,19.800000,0.000000,73,75,86,100,150,200,340,430,800,810,810,2690,0,73,97.35516971300983,65.90740499996173,813.391856000635,13.0
1778228124,22,,Aggregated,20.100000,0.000000,73,75,86,100,150,200,340,430,800,810,810,2710,0,73,97.23033579446228,65.90740499996173,813.391856000635,13.0
1778228125,22,,Aggregated,19.900000,0.000000,73,75,86,100,150,200,340,430,800,810,810,2728,0,73,97.11030252345824,65.90740499996173,813.391856000635,13.0
1778228126,22,,Aggregated,20.200000,0.000000,73,75,86,100,150,200,340,430,800,810,810,2749,0,73,97.09228247835532,65.90740499996173,813.391856000635,13.0
1778228127,22,,Aggregated,20.200000,0.000000,73,75,86,100,150,200,340,430,800,810,810,2768,0,73,96.97496980780339,65.90740499996173,813.391856000635,13.0
1778228128,22,,Aggregated,20.100000,0.000000,73,75,86,100,150,200,340,430,800,810,810,2789,0,73,96.87724406812407,65.90740499996173,813.391856000635,13.0
1778228129,22,,Aggregated,20.100000,0.000000,73,75,87,100,150,200,330,420,800,810,810,2810,0,73,96.78332318042654,65.90740499996173,813.391856000635,13.0
1778228130,22,,Aggregated,20.200000,0.000000,73,75,87,100,140,200,330,420,800,810,810,2832,0,73,96.62759985204748,65.90740499996173,813.391856000635,13.0
1778228131,22,,Aggregated,20.200000,0.000000,73,75,87,100,140,200,330,420,800,810,810,2853,0,73,96.61498906238933,65.90740499996173,813.391856000635,13.0
1778228132,22,,Aggregated,20.200000,0.000000,73,75,87,100,140,190,330,420,800,810,810,2874,0,73,96.5166974046615,65.90740499996173,813.391856000635,13.0
1778228133,22,,Aggregated,20.300000,0.000000,73,75,87,100,140,190,330,420,800,810,810,2894,0,73,96.38253962577632,65.90740499996173,813.391856000635,13.0
1778228134,22,,Aggregated,20.200000,0.000000,73,75,87,100,140,190,330,420,800,810,810,2914,0,73,96.31231716403504,65.90740499996173,813.391856000635,13.0
1778228135,22,,Aggregated,20.300000,0.000000,73,75,86,100,140,190,330,420,800,810,810,2932,0,73,96.16020609583849,65.90740499996173,813.391856000635,13.0
1778228136,22,,Aggregated,20.300000,0.000000,73,75,87,100,140,190,330,420,800,810,810,2953,0,73,96.2690144598717,65.90740499996173,813.391856000635,13.0
1778228137,22,,Aggregated,20.400000,0.000000,73,75,87,100,140,190,330,420,800,810,810,2973,0,73,96.21199866128562,65.90740499996173,813.391856000635,13.0
1778228138,22,,Aggregated,20.500000,0.000000,73,75,87,100,140,190,330,420,800,810,810,2993,0,73,96.09287888473274,65.90740499996173,813.391856000635,13.0
1778228139,22,,Aggregated,20.400000,0.000000,73,75,88,100,140,190,330,420,790,810,810,3014,0,73,96.15156253749306,65.90740499996173,813.391856000635,13.0
1778228140,22,,Aggregated,20.300000,0.000000,73,75,88,100,140,190,330,420,790,810,810,3030,0,73,96.43239702970445,65.90740499996173,813.391856000635,13.0
1778228141,22,,Aggregated,20.200000,0.000000,73,75,89,100,150,200,340,420,790,810,810,3051,0,73,97.10664622812357,65.90740499996173,813.391856000635,13.0
1778228142,22,,Aggregated,19.700000,0.000000,74,75,89,100,150,200,340,420,790,810,810,3071,0,74,97.39566294106275,65.90740499996173,813.391856000635,13.0
1778228143,22,,Aggregated,19.700000,0.000000,74,75,90,100,150,200,340,420,790,810,810,3090,0,74,97.37932784660285,65.90740499996173,813.391856000635,13.0
1778228144,22,,Aggregated,19.600000,0.000000,74,75,91,100,150,200,340,420,790,810,810,3110,0,74,97.57911765723593,65.90740499996173,813.391856000635,13.0
1778228145,22,,Aggregated,19.900000,0.000000,74,75,91,100,150,210,340,430,790,810,810,3127,0,74,98.3852387681489,65.90740499996173,813.391856000635,13.0
1778228146,22,,Aggregated,19.900000,0.000000,74,75,92,110,150,210,350,430,790,810,810,3146,0,74,98.74731431341515,65.90740499996173,813.391856000635,13.0
1778228147,22,,Aggregated,19.300000,0.000000,74,75,92,110,150,210,360,430,790,810,810,3164,0,74,99.35926798925603,65.90740499996173,813.391856000635,13.0
1778228148,22,,Aggregated,19.200000,0.000000,74,75,93,110,150,220,360,430,790,810,810,3186,0,74,99.61815096359261,65.90740499996173,813.391856000635,13.0
1778228149,22,,Aggregated,19.300000,0.000000,74,75,93,110,150,210,350,430,790,810,810,3207,0,74,99.55429553258624,65.90740499996173,813.391856000635,13.0
1778228150,22,,Aggregated,19.100000,0.000000,74,75,93,110,150,210,350,430,790,810,810,3223,0,74,99.48441924511381,65.90740499996173,813.391856000635,13.0
1778228151,22,,Aggregated,18.900000,0.000000,74,75,93,110,150,210,350,430,790,810,810,3244,0,74,99.54548655332945,65.90740499996173,813.391856000635,13.0
1778228152,22,,Aggregated,19.300000,0.000000,74,76,93,110,150,210,350,430,790,810,810,3265,0,74,99.7027690370602,65.90740499996173,813.391856000635,13.0
1778228153,22,,Aggregated,19.300000,0.000000,74,76,93,110,150,210,350,430,790,810,810,3286,0,74,99.57321086762049,65.90740499996173,813.391856000635,13.0
1778228154,22,,Aggregated,19.600000,0.000000,74,76,93,110,150,210,350,430,790,810,810,3307,0,74,99.59321136770625,65.90740499996173,813.391856000635,13.0
1778228155,22,,Aggregated,19.500000,0.000000,74,76,93,110,150,210,350,430,790,810,810,3326,0,74,99.54726604269553,65.90740499996173,813.391856000635,13.0
1778228156,22,,Aggregated,19.200000,0.000000,74,76,93,110,150,210,350,430,790,810,810,3346,0,74,99.43442841781425,65.90740499996173,813.391856000635,13.0
1778228157,22,,Aggregated,19.900000,0.000000,74,76,93,110,150,210,350,430,790,810,810,3366,0,74,99.45491461467869,65.90740499996173,813.391856000635,13.0
1778228158,22,,Aggregated,19.900000,0.000000,74,76,93,110,150,210,350,430,790,810,810,3382,0,74,99.39139858279384,65.90740499996173,813.391856000635,13.0
1778228159,22,,Aggregated,19.500000,0.000000,74,76,93,110,150,210,350,430,790,810,810,3403,0,74,99.31936632265929,65.90740499996173,813.391856000635,13.0
1778228160,22,,Aggregated,19.700000,0.000000,74,76,94,110,150,210,350,430,790,810,810,3424,0,74,99.32721339340233,65.90740499996173,813.391856000635,13.0
1778228161,22,,Aggregated,20.100000,0.000000,74,76,94,110,150,210,350,430,790,810,810,3445,0,74,99.24328361045251,65.90740499996173,813.391856000635,13.0
1778228162,22,,Aggregated,20.200000,0.000000,74,76,94,110,160,210,340,430,790,810,810,3467,0,74,99.60101755927462,65.90740499996173,813.391856000635,13.0
1778228163,22,,Aggregated,20.300000,0.000000,74,76,94,110,160,210,340,430,790,810,810,3488,0,74,99.53612097907302,65.90740499996173,813.391856000635,13.0
1778228164,22,,Aggregated,20.200000,0.000000,74,76,94,110,160,210,340,430,790,810,810,3509,0,74,99.42021971245424,65.90740499996173,813.391856000635,13.0
1778228165,22,,Aggregated,19.800000,0.000000,74,76,94,110,160,210,340,430,790,810,810,3527,0,74,99.3104447374542,65.90740499996173,813.391856000635,13.0
1778228166,22,,Aggregated,19.900000,0.000000,74,76,93,110,160,210,340,430,790,810,810,3546,0,74,99.16830365848888,65.90740499996173,813.391856000635,13.0
1778228167,22,,Aggregated,19.700000,0.000000,74,76,93,110,160,210,340,430,790,810,810,3565,0,74,99.09923523646574,65.90740499996173,813.391856000635,13.0
1778228168,22,,Aggregated,19.900000,0.000000,74,76,93,110,150,210,340,430,790,810,810,3585,0,74,98.98091159832724,65.90740499996173,813.391856000635,13.0
1778228169,22,,Aggregated,20.400000,0.000000,74,76,93,110,150,210,340,420,790,810,810,3606,0,74,98.83128407099395,65.90740499996173,813.391856000635,13.0
1778228170,22,,Aggregated,20.400000,0.000000,74,76,93,110,150,210,340,420,790,810,810,3628,0,74,98.67982764608698,65.90740499996173,813.391856000635,13.0
1778228171,22,,Aggregated,20.300000,0.000000,74,75,92,110,150,210,340,420,790,810,810,3649,0,74,98.53937079117684,65.90740499996173,813.391856000635,13.0
1778228172,22,,Aggregated,20.200000,0.000000,74,75,92,110,150,210,340,420,790,810,810,3671,0,74,98.39606614818945,65.90740499996173,813.391856000635,13.0
1778228173,22,,Aggregated,20.100000,0.000000,74,75,92,110,150,210,340,420,790,810,810,3692,0,74,98.26592387865706,65.90740499996173,813.391856000635,13.0
1778228174,22,,Aggregated,20.200000,0.000000,74,75,91,100,150,210,340,420,790,810,810,3712,0,74,98.13143593588379,65.90740499996173,813.391856000635,13.0
1778228175,22,,Aggregated,20.600000,0.000000,74,75,91,100,150,210,340,420,790,810,810,3733,0,74,98.03249009643807,65.90740499996173,813.391856000635,13.0
1778228176,22,,Aggregated,20.800000,0.000000,74,75,91,100,150,210,340,420,790,810,810,3747,0,74,97.98318200320327,65.90740499996173,813.391856000635,13.0
1778228177,22,,Aggregated,20.900000,0.000000,74,75,92,110,150,210,350,430,790,810,810,3768,0,74,99.05048793020235,65.90740499996173,813.391856000635,13.0
1778228178,22,,Aggregated,20.400000,0.000000,74,76,93,110,160,210,350,430,790,810,810,3786,0,74,99.24615211912383,65.90740499996173,813.391856000635,13.0
1778228179,22,,Aggregated,20.000000,0.000000,74,76,93,110,160,220,350,430,790,810,810,3806,0,74,99.6590755578041,65.90740499996173,813.391856000635,13.0
1778228180,22,,Aggregated,20.000000,0.000000,74,76,93,110,160,220,350,430,790,810,810,3826,0,74,99.77498978698411,65.90740499996173,813.391856000635,13.0
1778228181,22,,Aggregated,19.700000,0.000000,74,76,94,110,160,220,350,430,790,810,810,3842,0,74,99.82275434877694,65.90740499996173,813.391856000635,13.0
1778228182,22,,Aggregated,19.500000,0.000000,74,76,94,110,160,230,340,430,790,810,810,3864,0,74,100.08540926061137,65.90740499996173,813.391856000635,13.0
1778228183,22,,Aggregated,19.400000,0.000000,74,76,95,110,160,230,340,430,790,810,810,3885,0,74,100.20093265971701,65.90740499996173,813.391856000635,13.0
1778228184,22,,Aggregated,19.300000,0.000000,74,76,95,110,160,230,340,430,790,810,810,3906,0,74,100.36178697311864,65.90740499996173,813.391856000635,13.0
1778228185,22,,Aggregated,19.300000,0.000000,74,76,95,110,160,230,340,430,790,810,810,3921,0,74,100.30752216832438,65.90740499996173,813.391856000635,13.0
1778228186,22,,Aggregated,19.000000,0.000000,74,76,96,110,160,230,340,430,790,810,810,3942,0,74,100.2988779337902,65.90740499996173,813.391856000635,13.0
1778228187,22,,Aggregated,19.100000,0.000000,74,76,96,110,160,230,340,430,790,810,810,3964,0,74,100.24110167305764,65.90740499996173,813.391856000635,13.0
1778228188,22,,Aggregated,19.400000,0.000000,74,76,95,110,160,220,340,430,790,810,810,3985,0,74,100.10819417289808,65.90740499996173,813.391856000635,13.0
1778228189,22,,Aggregated,19.700000,0.000000,74,76,95,110,160,220,340,430,790,810,810,4006,0,74,100.07212503619495,65.90740499996173,813.391856000635,13.0
1778228190,22,,Aggregated,19.600000,0.000000,74,76,94,110,160,220,340,430,790,810,810,4026,0,74,99.95248894187675,65.90740499996173,813.391856000635,13.0
1778228191,22,,Aggregated,19.800000,0.000000,74,76,94,110,160,220,340,430,790,810,810,4046,0,74,99.87056845674628,65.90740499996173,813.391856000635,13.0
1778228192,22,,Aggregated,20.200000,0.000000,74,76,94,110,160,220,340,430,790,810,810,4067,0,74,99.79053215121624,65.90740499996173,813.391856000635,13.0
1778228193,22,,Aggregated,20.100000,0.000000,74,76,94,110,160,220,340,430,790,810,810,4086,0,74,99.7726670778257,65.90740499996173,813.391856000635,13.0
1778228194,22,,Aggregated,20.100000,0.000000,74,76,94,110,160,220,340,430,790,810,810,4106,0,74,99.7312045467595,65.90740499996173,813.391856000635,13.0
1778228195,22,,Aggregated,19.700000,0.000000,74,76,94,110,160,220,340,430,790,810,810,4124,0,74,99.63371092992072,65.90740499996173,813.391856000635,13.0
1778228196,22,,Aggregated,20.200000,0.000000,74,76,94,110,160,220,340,430,790,810,810,4144,0,74,99.5191781648146,65.90740499996173,813.391856000635,13.0
1778228197,22,,Aggregated,20.200000,0.000000,74,76,94,110,160,220,340,430,790,810,810,4166,0,74,99.4653550688888,65.90740499996173,813.391856000635,13.0
1778228198,22,,Aggregated,20.200000,0.000000,74,76,94,110,160,220,340,430,790,810,810,4187,0,74,99.37256519823039,65.90740499996173,813.391856000635,13.0
1778228199,22,,Aggregated,20.300000,0.000000,74,76,94,110,160,220,330,420,790,810,810,4208,0,74,99.27662476092958,65.90740499996173,813.391856000635,13.0
1778228200,22,,Aggregated,20.500000,0.000000,74,76,94,110,160,220,330,420,790,810,810,4229,0,74,99.19614806549818,65.90740499996173,813.391856000635,13.0
1778228201,22,,Aggregated,20.400000,0.000000,74,76,94,110,160,210,330,420,790,810,810,4250,0,74,99.14386139270351,65.90740499996173,813.391856000635,13.0
1778228202,22,,Aggregated,20.200000,0.000000,74,76,93,110,160,210,330,420,790,810,810,4272,0,74,99.02878641315263,65.90740499996173,813.391856000635,13.0
1778228203,22,,Aggregated,20.300000,0.000000,74,76,94,110,160,210,330,420,790,810,810,4291,0,74,98.9706500645514,65.90740499996173,813.391856000635,13.0
1778228204,22,,Aggregated,20.200000,0.000000,74,76,93,110,160,210,330,420,790,810,810,4310,0,74,98.9174704271441,65.90740499996173,813.391856000635,13.0
1778228205,22,,Aggregated,20.500000,0.000000,74,76,93,110,150,210,330,420,790,810,810,4328,0,74,98.84466013146697,65.90740499996173,813.391856000635,13.0
1778228206,22,,Aggregated,20.300000,0.000000,74,76,93,110,150,210,330,420,790,810,810,4350,0,74,98.77073543677893,65.90740499996173,813.391856000635,13.0
1778228207,22,,Aggregated,20.300000,0.000000,74,76,93,110,150,210,330,420,790,810,810,4370,0,74,98.69356813203404,65.90740499996173,813.391856000635,13.0
1778228208,22,,Aggregated,20.400000,0.000000,74,76,94,110,160,210,330,420,790,810,810,4391,0,74,98.80854187178043,65.90740499996173,813.391856000635,13.0
1778228209,22,,Aggregated,20.200000,0.000000,74,76,94,110,160,210,340,430,790,810,810,4400,0,74,99.20591440795216,65.90740499996173,813.391856000635,13.0
1778228210,22,,Aggregated,20.100000,0.000000,74,76,95,110,160,220,350,460,790,810,810,4422,0,74,100.67415005268849,65.90740499996173,813.391856000635,13.0
1778228211,22,,Aggregated,19.100000,0.000000,74,77,95,110,160,220,360,460,790,810,810,4443,0,74,101.00686955052673,65.90740499996173,813.391856000635,13.0
1778228212,22,,Aggregated,19.300000,0.000000,74,77,96,110,160,220,350,460,790,810,810,4461,0,74,101.05031571642897,65.90740499996173,813.391856000635,13.0
1778228213,22,,Aggregated,18.900000,0.000000,74,77,96,110,160,220,350,460,790,810,810,4480,0,74,101.0736186928545,65.90740499996173,813.391856000635,13.0
1778228214,22,,Aggregated,19.200000,0.000000,74,77,96,110,160,220,350,460,790,810,810,4501,0,74,101.07580133258985,65.90740499996173,813.391856000635,13.0
1778228215,22,,Aggregated,19.300000,0.000000,74,77,96,110,160,230,350,460,790,810,810,4521,0,74,101.2533546629043,65.90740499996173,813.391856000635,13.0
1778228216,22,,Aggregated,19.200000,0.000000,74,77,97,110,160,230,350,460,790,810,810,4538,0,74,101.30093992243081,65.90740499996173,813.391856000635,13.0
1778228217,22,,Aggregated,18.900000,0.000000,74,77,97,110,160,230,350,460,790,810,810,4559,0,74,101.56794598639834,65.90740499996173,813.391856000635,13.0
1778228218,22,,Aggregated,18.800000,0.000000,74,77,97,110,160,230,350,460,790,810,810,4580,0,74,101.48809058951815,65.90740499996173,813.391856000635,13.0
1778228219,22,,Aggregated,18.900000,0.000000,74,77,97,110,160,230,350,460,790,810,810,4600,0,74,101.44502784412877,65.90740499996173,813.391856000635,13.0
1778228220,22,,Aggregated,18.800000,0.000000,74,77,97,110,160,230,350,450,790,810,810,4620,0,74,101.39278359393722,65.90740499996173,813.391856000635,13.0
1778228221,22,,Aggregated,19.900000,0.000000,74,77,97,110,160,230,350,450,790,810,810,4642,0,74,101.3220943181794,65.90740499996173,813.391856000635,13.0
1778228222,22,,Aggregated,19.700000,0.000000,74,77,97,110,160,230,350,450,790,810,810,4663,0,74,101.2123322592729,65.90740499996173,813.391856000635,13.0
1778228223,22,,Aggregated,20.100000,0.000000,74,77,97,110,160,230,350,450,790,810,810,4682,0,74,101.12167893229226,65.90740499996173,813.391856000635,13.0
1778228224,22,,Aggregated,19.700000,0.000000,74,77,96,110,160,220,350,450,790,810,810,4702,0,74,101.04481313143174,65.90740499996173,813.391856000635,13.0
1778228225,22,,Aggregated,19.800000,0.000000,74,77,96,110,160,220,350,450,790,810,810,4722,0,74,100.92410712473375,65.90740499996173,813.391856000635,13.0
1778228226,22,,Aggregated,20.000000,0.000000,74,77,96,110,160,220,350,450,790,810,810,4741,0,74,100.84784927103827,65.90740499996173,813.391856000635,13.0
1778228227,22,,Aggregated,20.200000,0.000000,74,77,96,110,160,220,340,450,790,810,810,4762,0,74,100.76432294749947,65.90740499996173,813.391856000635,13.0
1778228228,22,,Aggregated,20.300000,0.000000,74,77,96,110,160,220,340,450,790,810,810,4783,0,74,100.65901496571058,65.90740499996173,813.391856000635,13.0
1778228229,22,,Aggregated,20.300000,0.000000,74,77,96,110,160,220,340,450,790,810,810,4804,0,74,100.59446485574304,65.90740499996173,813.391856000635,13.0
1778228230,22,,Aggregated,20.300000,0.000000,74,77,96,110,160,220,340,450,790,810,810,4825,0,74,100.49982031336546,65.90740499996173,813.391856000635,13.0
1778228231,22,,Aggregated,20.300000,0.000000,74,77,96,110,160,220,340,450,790,810,810,4845,0,74,100.40303759009052,65.90740499996173,813.391856000635,13.0
1778228232,22,,Aggregated,20.400000,0.000000,74,77,95,110,160,220,340,450,790,810,810,4866,0,74,100.31981160788905,65.90740499996173,813.391856000635,13.0
1778228233,22,,Aggregated,20.300000,0.000000,74,77,95,110,160,220,340,450,790,810,810,4887,0,74,100.20061234356189,65.90740499996173,813.391856000635,13.0
1778228234,22,,Aggregated,20.600000,0.000000,74,77,95,110,160,220,340,440,790,810,810,4907,0,74,100.10456950315627,65.90740499996173,813.391856000635,13.0
1778228235,22,,Aggregated,20.500000,0.000000,74,77,95,110,160,220,340,440,790,810,810,4927,0,74,99.9949558987184,65.90740499996173,813.391856000635,13.0
1778228236,22,,Aggregated,20.300000,0.000000,74,77,95,110,160,220,340,440,790,810,810,4946,0,74,99.97436532126702,65.90740499996173,813.391856000635,13.0
1778228237,22,,Aggregated,20.300000,0.000000,74,77,95,110,160,220,340,440,790,810,810,4966,0,74,99.92055226358951,65.90740499996173,813.391856000635,13.0
1778228238,22,,Aggregated,20.300000,0.000000,74,77,95,110,150,220,340,440,790,810,810,4987,0,74,99.83273682654604,65.90740499996173,813.391856000635,13.0
1778228239,22,,Aggregated,20.300000,0.000000,74,77,95,110,150,210,340,440,770,810,810,5007,0,74,99.75672187217567,65.90740499996173,813.391856000635,13.0
1778228240,22,,Aggregated,20.300000,0.000000,74,77,95,110,160,220,340,440,770,810,810,5027,0,74,99.96993301193241,65.90740499996173,813.391856000635,13.0
1778228241,22,,Aggregated,20.400000,0.000000,74,77,95,110,160,220,340,440,770,810,810,5048,0,74,100.17150864777835,65.90740499996173,813.391856000635,13.0
1778228242,22,,Aggregated,20.100000,0.000000,74,77,96,110,160,220,340,440,770,810,810,5062,0,74,100.293806316473,65.90740499996173,813.391856000635,13.0
1778228243,22,,Aggregated,20.000000,0.000000,74,77,96,110,160,220,350,450,770,810,810,5081,0,74,100.81963709781239,65.90740499996173,813.391856000635,13.0
1778228244,22,,Aggregated,20.000000,0.000000,74,77,96,110,160,230,350,450,770,810,810,5103,0,74,100.96840286125568,65.90740499996173,813.391856000635,13.0
1778228245,22,,Aggregated,19.600000,0.000000,74,77,97,110,160,230,350,450,770,810,810,5119,0,74,101.30980340105255,65.90740499996173,813.391856000635,13.0
1778228246,22,,Aggregated,19.700000,0.000000,74,78,97,110,160,230,360,450,770,810,810,5141,0,74,101.5600665979356,65.90740499996173,813.391856000635,13.0
1778228247,22,,Aggregated,19.100000,0.000000,74,78,97,110,160,230,360,450,770,810,810,5161,0,74,101.648887381125,65.90740499996173,813.391856000635,13.0
1778228248,22,,Aggregated,19.200000,0.000000,74,78,97,110,160,230,360,450,770,810,810,5179,0,74,101.68475704073931,65.90740499996173,813.391856000635,13.0
1778228249,22,,Aggregated,19.200000,0.000000,74,78,97,110,160,230,360,450,770,810,810,5199,0,74,101.73239720696063,65.90740499996173,813.391856000635,13.0
1778228250,22,,Aggregated,19.200000,0.000000,74,78,98,110,160,230,350,440,770,810,810,5219,0,74,101.76749407472415,65.90740499996173,813.391856000635,13.0
1778228251,22,,Aggregated,18.800000,0.000000,74,78,98,110,160,230,350,440,770,810,810,5237,0,74,101.74597060530581,65.90740499996173,813.391856000635,13.0
1778228252,22,,Aggregated,19.100000,0.000000,74,79,98,110,160,230,350,440,770,810,810,5257,0,74,101.76098388129911,65.90740499996173,813.391856000635,13.0
1778228253,22,,Aggregated,19.400000,0.000000,74,79,98,110,160,230,350,440,770,810,810,5278,0,74,101.81736964588683,65.90740499996173,813.391856000635,13.0
1778228254,22,,Aggregated,19.500000,0.000000,74,79,98,110,160,230,350,440,770,810,810,5299,0,74,101.72560858067418,65.90740499996173,813.391856000635,13.0
1778228255,22,,Aggregated,19.700000,0.000000,74,79,98,110,160,230,350,440,770,810,810,5320,0,74,101.65156134943425,65.90740499996173,813.391856000635,13.0
1778228256,22,,Aggregated,19.600000,0.000000,74,78,97,110,160,230,350,440,770,810,810,5341,0,74,101.55686847294314,65.90740499996173,813.391856000635,13.0
1778228257,22,,Aggregated,20.200000,0.000000,74,79,98,110,160,230,350,440,770,810,810,5362,0,74,101.50897664061739,65.90740499996173,813.391856000635,13.0
1778228258,22,,Aggregated,19.900000,0.000000,74,79,98,110,160,230,350,440,770,810,810,5383,0,74,101.45129374735103,65.90740499996173,813.391856000635,13.0
1778228259,22,,Aggregated,19.800000,0.000000,74,79,98,110,160,230,350,440,770,810,810,5400,0,74,101.40451848314629,65.90740499996173,813.391856000635,13.0
1778228260,22,,Aggregated,19.800000,0.000000,74,79,98,110,160,230,350,440,770,810,810,5420,0,74,101.31466999815318,65.90740499996173,813.391856000635,13.0
1778228261,22,,Aggregated,20.200000,0.000000,74,79,98,110,160,230,350,440,770,810,810,5440,0,74,101.28077223363796,65.90740499996173,813.391856000635,13.0
1778228262,22,,Aggregated,20.200000,0.000000,74,79,98,110,160,230,350,440,770,810,810,5461,0,74,101.20099013037752,65.90740499996173,813.391856000635,13.0
1778228263,22,,Aggregated,20.200000,0.000000,74,79,98,110,160,220,350,440,770,810,810,5481,0,74,101.22812042437347,65.90740499996173,813.391856000635,13.0
1778228264,22,,Aggregated,20.200000,0.000000,74,79,98,110,160,220,350,430,770,810,810,5501,0,74,101.18405387656637,65.90740499996173,813.391856000635,13.0
1778228265,22,,Aggregated,20.300000,0.000000,74,79,98,110,160,220,350,430,770,810,810,5523,0,74,101.08223701050017,65.90740499996173,813.391856000635,13.0
1778228266,22,,Aggregated,20.000000,0.000000,74,79,97,110,160,220,350,430,770,810,810,5544,0,74,100.99969398809428,65.90740499996173,813.391856000635,13.0
1778228267,22,,Aggregated,20.200000,0.000000,74,78,97,110,160,220,350,430,770,810,810,5564,0,74,100.92004883483014,65.90740499996173,813.391856000635,13.0
1778228268,22,,Aggregated,20.300000,0.000000,74,78,97,110,160,220,350,430,770,810,810,5583,0,74,100.84353012967887,65.90740499996173,813.391856000635,13.0
1778228269,22,,Aggregated,20.400000,0.000000,74,78,97,110,160,220,340,430,770,810,810,5603,0,74,100.76753102445075,65.90740499996173,813.391856000635,13.0
1778228270,22,,Aggregated,20.400000,0.000000,74,78,97,110,160,220,340,430,770,810,810,5623,0,74,100.6822290577978,65.90740499996173,813.391856000635,13.0
1778228271,22,,Aggregated,20.400000,0.000000,74,78,97,110,160,220,340,430,770,810,810,5644,0,74,100.61415190077928,65.90740499996173,813.391856000635,13.0
1778228272,22,,Aggregated,20.400000,0.000000,74,78,97,110,160,220,340,430,770,810,810,5666,0,74,100.53755096770115,65.90740499996173,813.391856000635,13.0
1778228273,22,,Aggregated,20.300000,0.000000,74,78,97,110,160,220,350,440,770,810,810,5684,0,74,100.97115899313778,65.90740499996173,813.391856000635,13.0
1778228274,22,,Aggregated,20.200000,0.000000,74,78,97,110,160,220,350,440,770,810,810,5698,0,74,100.94440618234385,65.90740499996173,813.391856000635,13.0
1778228275,22,,Aggregated,19.600000,0.000000,74,79,97,110,160,230,360,440,770,810,810,5719,0,74,101.37286292044006,65.90740499996173,813.391856000635,13.0
1778228276,22,,Aggregated,20.100000,0.000000,74,79,98,110,160,230,360,440,770,810,810,5740,0,74,101.77708945940714,65.90740499996173,813.391856000635,13.0
1778228277,22,,Aggregated,20.000000,0.000000,74,79,98,110,160,230,360,440,770,810,810,5758,0,74,101.72393095936063,65.90740499996173,813.391856000635,13.0
1778228278,22,,Aggregated,19.600000,0.000000,74,79,98,110,160,230,360,440,770,810,810,5776,0,74,101.71378936184169,65.90740499996173,813.391856000635,13.0
1778228279,22,,Aggregated,19.600000,0.000000,74,79,98,110,160,230,370,450,770,810,810,5792,0,74,101.96597164002016,65.90740499996173,813.391856000635,13.0
1778228280,22,,Aggregated,19.700000,0.000000,74,79,99,110,160,240,370,460,810,1100,1100,5802,0,74,102.92449098638383,65.90740499996173,1055.6660210004338,13.0
1778228281,22,,Aggregated,19.300000,0.000000,74,80,99,110,170,250,390,480,1100,1300,1300,5820,0,74,104.82014997491342,65.90740499996173,1345.726308999474,13.0
1778228282,22,,Aggregated,18.000000,0.000000,74,80,100,110,170,250,400,490,1100,1300,1300,5839,0,74,105.41635087669054,65.90740499996173,1345.726308999474,13.0
1778228283,22,,Aggregated,17.800000,0.000000,74,81,100,120,170,250,400,490,1100,1300,1300,5853,0,74,105.9474469642911,65.90740499996173,1345.726308999474,13.0
1778228284,22,,Aggregated,17.000000,0.000000,74,81,100,120,170,250,400,490,1100,1300,1300,5871,0,74,106.44540685453879,65.90740499996173,1345.726308999474,13.0
1778228285,22,,Aggregated,17.500000,0.000000,74,82,100,120,180,260,400,490,1100,1300,1300,5890,0,74,106.94256520594178,65.90740499996173,1345.726308999474,13.0
1778228286,22,,Aggregated,17.200000,0.000000,74,82,100,120,180,260,400,490,1100,1300,1300,5907,0,74,107.29403292144858,65.90740499996173,1345.726308999474,13.0
1778228287,22,,Aggregated,16.900000,0.000000,74,83,100,120,180,260,400,490,1100,1300,1300,5927,0,74,107.713421042179,65.90740499996173,1345.726308999474,13.0
1778228288,22,,Aggregated,16.900000,0.000000,74,83,100,120,180,260,400,490,1100,1300,1300,5944,0,74,108.07799548738129,65.90740499996173,1345.726308999474,13.0
1778228289,22,,Aggregated,16.600000,0.000000,74,83,100,120,190,260,400,490,1100,1300,1300,5962,0,74,108.52993660281687,65.90740499996173,1345.726308999474,13.0
1778228290,22,,Aggregated,16.400000,0.000000,74,84,100,120,190,260,400,490,1100,1300,1300,5978,0,74,108.8549524091661,65.90740499996173,1345.726308999474,13.0
1778228291,22,,Aggregated,16.400000,0.000000,74,84,100,120,190,260,400,490,1100,1300,1300,5996,0,74,109.23472927768458,65.90740499996173,1345.726308999474,13.0
1778228292,22,,Aggregated,17.500000,0.000000,74,84,110,120,200,260,400,490,1100,1300,1300,6015,0,74,109.62571049426421,65.90740499996173,1345.726308999474,13.0
1778228293,22,,Aggregated,17.400000,0.000000,74,85,110,120,200,260,400,490,1100,1300,1300,6033,0,74,109.99176960832108,65.90740499996173,1345.726308999474,13.0
1778228294,22,,Aggregated,18.000000,0.000000,74,85,110,130,210,250,400,490,1100,1300,1300,6050,0,74,110.33135607471024,65.90740499996173,1345.726308999474,13.0
1778228295,22,,Aggregated,17.700000,0.000000,74,86,110,130,210,250,400,490,1100,1300,1300,6066,0,74,110.65122951846303,65.90740499996173,1345.726308999474,13.0
1778228296,22,,Aggregated,17.700000,0.000000,74,86,110,130,220,250,400,490,1100,1300,1300,6088,0,74,111.09286961760759,65.90740499996173,1345.726308999474,13.0
1778228297,22,,Aggregated,17.800000,0.000000,74,87,110,130,220,250,400,490,1100,1300,1300,6105,0,74,111.43926943439756,65.90740499996173,1345.726308999474,13.0
1778228298,22,,Aggregated,18.000000,0.000000,74,87,110,130,220,250,400,490,1100,1300,1300,6121,0,74,111.75698169808801,65.90740499996173,1345.726308999474,13.0
1778228299,22,,Aggregated,17.900000,0.000000,74,88,110,130,220,250,400,490,1100,1300,1300,6138,0,74,112.14354767073932,65.90740499996173,1345.726308999474,13.0
1778228300,22,,Aggregated,17.600000,0.000000,74,88,110,130,220,250,400,490,1100,1300,1300,6157,0,74,112.57006804742524,65.90740499996173,1345.726308999474,13.0
1778228301,22,,Aggregated,17.800000,0.000000,74,88,110,130,230,260,400,490,1100,1300,1300,6175,0,74,112.97496988453364,65.90740499996173,1345.726308999474,13.0
1778228302,22,,Aggregated,17.600000,0.000000,74,89,110,130,230,260,400,490,1100,1300,1300,6193,0,74,113.35875267059498,65.90740499996173,1345.726308999474,13.0
1778228303,22,,Aggregated,17.700000,0.000000,74,89,110,130,230,250,400,490,1100,1300,1300,6211,0,74,113.71331648124237,65.90740499996173,1345.726308999474,13.0
1778228304,22,,Aggregated,17.600000,0.000000,74,90,110,130,230,250,400,490,1100,1300,1300,6229,0,74,114.05697817273986,65.90740499996173,1345.726308999474,13.0
1778228305,22,,Aggregated,17.600000,0.000000,74,90,120,130,230,250,400,490,1100,1300,1300,6245,0,74,114.3789437196151,65.90740499996173,1345.726308999474,13.0
1778228306,22,,Aggregated,17.900000,0.000000,74,90,120,140,230,250,400,490,1100,1300,1300,6263,0,74,114.7178913108728,65.90740499996173,1345.726308999474,13.0
1778228307,22,,Aggregated,17.700000,0.000000,74,91,120,140,230,250,400,490,1100,1300,1300,6281,0,74,115.09034828100522,65.90740499996173,1345.726308999474,13.0
1778228308,22,,Aggregated,17.700000,0.000000,74,91,120,140,230,250,400,490,1100,1300,1300,6299,0,74,115.42621814907027,65.90740499996173,1345.726308999474,13.0
1778228309,22,,Aggregated,17.600000,0.000000,74,92,120,140,230,250,400,490,1100,1300,1300,6317,0,74,115.76162039148188,65.90740499996173,1345.726308999474,13.0
1778228310,22,,Aggregated,17.900000,0.000000,74,92,120,140,230,250,400,490,1100,1300,1300,6336,0,74,116.15867630413334,65.90740499996173,1345.726308999474,13.0
1778228311,22,,Aggregated,17.800000,0.000000,74,93,120,150,230,250,400,490,1100,1300,1300,6352,0,74,116.4474363822402,65.90740499996173,1345.726308999474,13.0
1778228312,22,,Aggregated,17.900000,0.000000,74,93,120,150,230,250,400,490,1100,1300,1300,6373,0,74,116.82881136968284,65.90740499996173,1345.726308999474,13.0
1778228313,22,,Aggregated,17.700000,0.000000,74,93,120,150,230,250,400,490,1100,1300,1300,6386,0,74,117.08337791105347,65.90740499996173,1345.726308999474,13.0
1778228314,22,,Aggregated,17.600000,0.000000,74,94,120,150,230,260,410,490,1100,1300,1300,6403,0,74,117.93702319272073,65.90740499996173,1345.726308999474,13.0
1778228315,22,,Aggregated,17.900000,0.000000,74,94,120,150,230,260,410,490,1100,1300,1300,6420,0,74,118.37156591370592,65.90740499996173,1345.726308999474,13.0
1778228316,22,,Aggregated,17.200000,0.000000,74,94,120,150,230,260,410,490,1100,1300,1300,6437,0,74,118.69453166241915,65.90740499996173,1345.726308999474,13.0
1778228317,22,,Aggregated,17.500000,0.000000,74,95,130,160,230,270,410,490,1100,1300,1300,6456,0,74,119.08930525201245,65.90740499996173,1345.726308999474,13.0
1778228318,22,,Aggregated,17.600000,0.000000,74,95,130,160,230,270,410,490,1100,1300,1300,6475,0,74,119.42662084864729,65.90740499996173,1345.726308999474,13.0
1778228319,22,,Aggregated,17.600000,0.000000,74,96,130,160,230,270,410,490,1100,1300,1300,6492,0,74,119.76410253096041,65.90740499996173,1345.726308999474,13.0
1778228320,22,,Aggregated,17.300000,0.000000,74,96,130,160,230,270,410,490,1100,1300,1300,6508,0,74,120.02910903318869,65.90740499996173,1345.726308999474,13.0
1778228321,22,,Aggregated,17.100000,0.000000,75,97,130,160,230,270,410,490,1100,1300,1300,6527,0,75,120.43348617818201,65.90740499996173,1345.726308999474,13.0
1778228322,22,,Aggregated,17.400000,0.000000,75,97,130,170,230,270,410,490,1100,1300,1300,6544,0,75,120.83546705898432,65.90740499996173,1345.726308999474,13.0
1778228323,22,,Aggregated,17.600000,0.000000,75,97,130,170,230,270,410,490,1100,1300,1300,6563,0,75,121.16619187520828,65.90740499996173,1345.726308999474,13.0
1778228324,22,,Aggregated,17.500000,0.000000,75,98,130,170,230,270,410,490,1100,1300,1300,6580,0,75,121.4756660033422,65.90740499996173,1345.726308999474,13.0
1778228325,22,,Aggregated,17.500000,0.000000,75,99,130,170,230,270,410,490,1100,1300,1300,6599,0,75,121.78311694832409,65.90740499996173,1345.726308999474,13.0
1778228326,22,,Aggregated,17.600000,0.000000,75,99,130,180,230,270,410,490,1100,1300,1300,6615,0,75,122.05962082101131,65.90740499996173,1345.726308999474,13.0
1778228327,22,,Aggregated,17.600000,0.000000,75,100,130,180,230,270,410,490,1100,1300,1300,6632,0,75,122.33780253422634,65.90740499996173,1345.726308999474,13.0
1778228328,22,,Aggregated,17.400000,0.000000,75,100,130,180,230,270,410,490,1100,1300,1300,6653,0,75,122.74418677303304,65.90740499996173,1345.726308999474,13.0
1778228329,22,,Aggregated,17.600000,0.000000,75,100,130,180,230,270,410,490,1100,1300,1300,6670,0,75,123.03280104242725,65.90740499996173,1345.726308999474,13.0
1778228330,22,,Aggregated,17.800000,0.000000,75,100,140,180,230,270,410,490,1100,1300,1300,6685,0,75,123.31769667434426,65.90740499996173,1345.726308999474,13.0
1778228331,22,,Aggregated,17.900000,0.000000,75,100,140,190,230,270,410,500,1100,1300,1300,6702,0,75,123.8369427106823,65.90740499996173,1345.726308999474,13.0
1778228332,22,,Aggregated,17.700000,0.000000,75,100,140,190,230,270,410,500,1100,1300,1300,6722,0,75,124.16826071050167,65.90740499996173,1345.726308999474,13.0
1778228333,22,,Aggregated,17.400000,0.000000,75,100,140,190,230,270,410,500,1100,1300,1300,6740,0,75,124.45294893471672,65.90740499996173,1345.726308999474,13.0
1778228334,22,,Aggregated,17.500000,0.000000,75,100,140,200,230,280,410,500,1100,1300,1300,6756,0,75,124.78227851983277,65.90740499996173,1345.726308999474,13.0
1778228335,22,,Aggregated,17.400000,0.000000,75,100,150,200,230,270,410,500,1100,1300,1300,6773,0,75,125.05985622752002,65.90740499996173,1345.726308999474,13.0
1778228336,22,,Aggregated,17.800000,0.000000,75,100,150,200,230,270,410,500,1100,1300,1300,6791,0,75,125.37019671255979,65.90740499996173,1345.726308999474,13.0
1778228337,22,,Aggregated,17.700000,0.000000,75,100,150,210,230,280,410,500,1100,1300,1300,6809,0,75,125.79341703348393,65.90740499996173,1345.726308999474,13.0
1778228338,22,,Aggregated,17.600000,0.000000,75,110,150,210,230,280,420,510,1100,1300,1300,6825,0,75,126.33371169054834,65.90740499996173,1345.726308999474,13.0
1778228339,22,,Aggregated,17.400000,0.000000,75,110,150,210,230,280,420,520,1100,1300,1300,6842,0,75,126.85297942078223,65.90740499996173,1345.726308999474,13.0
1778228340,22,,Aggregated,17.300000,0.000000,75,110,150,210,230,280,420,520,1100,1300,1300,6859,0,75,127.09821385216388,65.90740499996173,1345.726308999474,13.0
1778228341,22,,Aggregated,17.300000,0.000000,75,110,150,220,230,280,420,520,1100,1300,1300,6878,0,75,127.42960242744918,65.90740499996173,1345.726308999474,13.0
1778228342,22,,Aggregated,17.100000,0.000000,75,110,160,220,230,280,420,520,1100,1300,1300,6895,0,75,127.66883592240639,65.90740499996173,1345.726308999474,13.0
1778228343,22,,Aggregated,17.400000,0.000000,75,110,160,220,230,280,420,520,1100,1300,1300,6914,0,75,127.9765438751797,65.90740499996173,1345.726308999474,13.0
1778228344,22,,Aggregated,17.600000,0.000000,75,110,160,220,230,280,420,520,1100,1300,1300,6931,0,75,128.21051303592444,65.90740499996173,1345.726308999474,13.0
1778228345,22,,Aggregated,17.400000,0.000000,75,110,160,220,230,280,420,520,1100,1300,1300,6950,0,75,128.47830167827243,65.90740499996173,1345.726308999474,13.0
1778228346,22,,Aggregated,17.300000,0.000000,75,110,160,220,230,280,420,520,1100,1300,1300,6968,0,75,128.7224831113654,65.90740499996173,1345.726308999474,13.0
1778228347,22,,Aggregated,17.300000,0.000000,75,110,170,220,230,280,420,520,1100,1300,1300,6985,0,75,128.95270019627662,65.90740499996173,1345.726308999474,13.0
1778228348,22,,Aggregated,17.500000,0.000000,75,110,170,220,230,280,420,520,1000,1300,1300,7003,0,75,129.19413916806948,65.90740499996173,1345.726308999474,13.0
1778228349,22,,Aggregated,17.700000,0.000000,75,110,170,220,230,280,420,520,1000,1300,1300,7020,0,75,129.61231070284762,65.90740499996173,1345.726308999474,13.0
1778228350,22,,Aggregated,17.800000,0.000000,75,110,170,220,230,280,420,520,1000,1300,1300,7038,0,75,129.9334363701323,65.90740499996173,1345.726308999474,13.0
1778228351,22,,Aggregated,17.700000,0.000000,75,110,180,220,230,280,420,520,1000,1300,1300,7056,0,75,130.20984333205664,65.90740499996173,1345.726308999474,13.0
1778228352,22,,Aggregated,18.000000,0.000000,75,110,180,220,230,280,420,520,1000,1300,1300,7074,0,75,130.49814827367683,65.90740499996173,1345.726308999474,13.0
1778228353,22,,Aggregated,17.900000,0.000000,75,110,180,220,230,280,420,520,1000,1300,1300,7092,0,75,130.7495860758587,65.90740499996173,1345.726308999474,13.0
1778228354,22,,Aggregated,17.700000,0.000000,75,120,180,220,230,280,420,520,1000,1300,1300,7109,0,75,130.9881936110548,65.90740499996173,1345.726308999474,13.0
1778228355,22,,Aggregated,17.900000,0.000000,75,120,180,220,230,280,420,520,1000,1300,1300,7127,0,75,131.26491837252536,65.90740499996173,1345.726308999474,13.0
1778228356,22,,Aggregated,17.800000,0.000000,75,120,190,220,230,280,420,520,1000,1300,1300,7145,0,75,131.51737264058607,65.90740499996173,1345.726308999474,13.0
1778228357,22,,Aggregated,17.700000,0.000000,76,120,190,220,230,280,420,520,1000,1300,1300,7162,0,76,131.74339011798182,65.90740499996173,1345.726308999474,13.0
1778228358,22,,Aggregated,17.700000,0.000000,76,120,190,220,230,280,420,520,1000,1300,1300,7180,0,76,132.04766561100084,65.90740499996173,1345.726308999474,13.0
1778228359,22,,Aggregated,17.600000,0.000000,76,120,190,220,230,280,420,520,1000,1300,1300,7197,0,76,132.29582863706904,65.90740499996173,1345.726308999474,13.0
1778228360,22,,Aggregated,17.500000,0.000000,76,120,200,220,230,280,430,530,1000,1300,1300,7213,0,76,132.7636934379573,65.90740499996173,1345.726308999474,13.0
1778228361,22,,Aggregated,17.800000,0.000000,76,120,200,220,230,280,430,530,1000,1300,1300,7231,0,76,133.16703368150823,65.90740499996173,1345.726308999474,13.0
1778228362,22,,Aggregated,17.400000,0.000000,76,120,210,220,240,280,430,530,1000,1300,1300,7249,0,76,133.42470314857042,65.90740499996173,1345.726308999474,13.0
1778228363,22,,Aggregated,17.500000,0.000000,76,120,210,220,240,280,430,530,1000,1300,1300,7269,0,76,133.68954590631225,65.90740499996173,1345.726308999474,13.0
1778228364,22,,Aggregated,17.400000,0.000000,76,120,210,220,240,280,430,530,1000,1300,1300,7287,0,76,133.92435172594833,65.90740499996173,1345.726308999474,13.0
1778228365,22,,Aggregated,17.400000,0.000000,76,120,210,220,240,280,430,530,1000,1300,1300,7303,0,76,134.1232841262475,65.90740499996173,1345.726308999474,13.0
1778228366,22,,Aggregated,17.600000,0.000000,76,120,210,220,240,280,430,530,1000,1300,1300,7321,0,76,134.34737192678404,65.90740499996173,1345.726308999474,13.0
1778228367,22,,Aggregated,17.700000,0.000000,76,130,210,220,240,280,430,530,1000,1300,1300,7339,0,76,134.5732374527848,65.90740499996173,1345.726308999474,13.0
1778228368,22,,Aggregated,17.700000,0.000000,76,130,220,220,240,280,430,530,1000,1300,1300,7359,0,76,134.88412911210588,65.90740499996173,1345.726308999474,13.0
1778228369,22,,Aggregated,17.600000,0.000000,76,130,220,220,240,280,430,530,1000,1300,1300,7375,0,76,135.14480727443888,65.90740499996173,1345.726308999474,13.0
1778228370,22,,Aggregated,17.600000,0.000000,76,130,220,220,240,280,430,530,1000,1300,1300,7391,0,76,135.37727701718148,65.90740499996173,1345.726308999474,13.0
1778228371,22,,Aggregated,17.600000,0.000000,77,130,220,220,240,280,430,530,1000,1300,1300,7409,0,77,135.6291935039802,65.90740499996173,1345.726308999474,13.0
1778228372,22,,Aggregated,18.000000,0.000000,77,130,220,230,240,280,430,530,1000,1300,1300,7427,0,77,135.93532235882475,65.90740499996173,1345.726308999474,13.0
1778228373,22,,Aggregated,17.700000,0.000000,77,130,220,230,240,280,430,540,1000,1300,1300,7443,0,77,136.34281982560665,65.90740499996173,1345.726308999474,13.0
1778228374,22,,Aggregated,17.800000,0.000000,77,130,220,230,240,280,430,550,1000,1300,1300,7460,0,77,136.79082826300183,65.90740499996173,1345.726308999474,13.0
1778228375,22,,Aggregated,17.600000,0.000000,77,130,220,230,240,280,430,550,1000,1300,1300,7478,0,77,137.0398968339121,65.90740499996173,1345.726308999474,13.0
1778228376,22,,Aggregated,17.500000,0.000000,77,130,220,230,240,280,430,550,1000,1300,1300,7497,0,77,137.29726711431178,65.90740499996173,1345.726308999474,13.0
1778228377,22,,Aggregated,17.300000,0.000000,77,130,220,230,240,280,430,550,1000,1300,1300,7514,0,77,137.5197949902841,65.90740499996173,1345.726308999474,13.0
1778228378,22,,Aggregated,17.300000,0.000000,77,130,220,230,240,280,430,550,1000,1300,1300,7533,0,77,137.76769962206203,65.90740499996173,1345.726308999474,13.0
1778228379,22,,Aggregated,17.500000,0.000000,78,130,220,230,240,280,430,550,1000,1300,1300,7549,0,78,137.96053945171434,65.90740499996173,1345.726308999474,13.0
1778228380,22,,Aggregated,17.600000,0.000000,78,130,220,230,240,280,430,550,1000,1300,1300,7568,0,78,138.2109111815528,65.90740499996173,1345.726308999474,13.0
1778228381,22,,Aggregated,17.500000,0.000000,78,130,220,230,240,280,430,550,1000,1300,1300,7586,0,78,138.4246707316103,65.90740499996173,1345.726308999474,13.0
1778228382,22,,Aggregated,17.000000,0.000000,78,140,220,230,240,280,430,550,1000,1300,1300,7603,0,78,138.63938505879173,65.90740499996173,1345.726308999474,13.0
1778228383,22,,Aggregated,17.500000,0.000000,79,140,220,230,240,280,430,550,1000,1300,1300,7622,0,79,138.87669968420272,65.90740499996173,1345.726308999474,13.0
1778228384,22,,Aggregated,17.700000,0.000000,79,140,220,230,240,280,430,550,1000,1300,1300,7639,0,79,139.0870033446779,65.90740499996173,1345.726308999474,13.0
1778228385,22,,Aggregated,17.900000,0.000000,79,140,220,230,240,280,430,550,1000,1300,1300,7659,0,79,139.33429636492966,65.90740499996173,1345.726308999474,13.0
1778228386,22,,Aggregated,17.800000,0.000000,80,140,220,230,240,280,430,550,1000,1300,1300,7676,0,80,139.54703915606999,65.90740499996173,1345.726308999474,13.0
1778228387,22,,Aggregated,17.600000,0.000000,80,140,220,230,240,280,430,550,1000,1300,1300,7691,0,80,139.7394225507726,65.90740499996173,1345.726308999474,13.0
1778228388,22,,Aggregated,17.900000,0.000000,80,150,220,230,240,280,430,550,1000,1300,1300,7709,0,80,140.007788061485,65.90740499996173,1345.726308999474,13.0
1778228389,22,,Aggregated,18.000000,0.000000,81,150,220,230,240,280,430,550,1000,1300,1300,7727,0,81,140.25450008424866,65.90740499996173,1345.726308999474,13.0
1778228390,22,,Aggregated,17.900000,0.000000,81,150,220,230,240,280,430,550,1000,1300,1300,7747,0,81,140.48898844636483,65.90740499996173,1345.726308999474,13.0
1778228391,22,,Aggregated,17.600000,0.000000,81,150,220,230,240,280,430,550,1000,1300,1300,7765,0,81,140.69397890766083,65.90740499996173,1345.726308999474,13.0
1778228392,22,,Aggregated,17.900000,0.000000,82,150,220,230,240,280,430,550,1000,1300,1300,7781,0,82,140.88596128890714,65.90740499996173,1345.726308999474,13.0
1778228393,22,,Aggregated,17.800000,0.000000,82,150,220,230,240,280,430,550,1000,1300,1300,7800,0,82,141.11340829692156,65.90740499996173,1345.726308999474,13.0
1778228394,22,,Aggregated,17.900000,0.000000,83,150,220,230,240,280,430,540,1000,1300,1300,7817,0,83,141.32849696213196,65.90740499996173,1345.726308999474,13.0
1778228395,22,,Aggregated,17.700000,0.000000,83,160,220,230,240,280,430,540,1000,1300,1300,7837,0,83,141.58205252239227,65.90740499996173,1345.726308999474,13.0
1778228396,22,,Aggregated,17.600000,0.000000,83,160,220,230,240,280,430,540,1000,1300,1300,7855,0,83,141.7896440552499,65.90740499996173,1345.726308999474,13.0
1778228397,22,,Aggregated,17.900000,0.000000,83,160,220,230,240,280,430,540,1000,1300,1300,7871,0,83,141.96992034303003,65.90740499996173,1345.726308999474,13.0
1778228398,22,,Aggregated,17.600000,0.000000,84,160,220,230,240,280,430,540,1000,1300,1300,7888,0,83,142.1654695679498,65.90740499996173,1345.726308999474,13.0
1778228399,22,,Aggregated,17.700000,0.000000,84,160,220,230,240,280,430,550,1000,1300,1300,7905,0,84,142.4745243036038,65.90740499996173,1345.726308999474,13.0
1778228400,22,,Aggregated,17.600000,0.000000,84,170,220,230,240,280,430,550,1000,1300,1300,7923,0,84,142.83919935705995,65.90740499996173,1345.726308999474,13.0
1778228401,22,,Aggregated,17.900000,0.000000,84,170,220,230,240,280,430,550,1000,1300,1300,7942,0,84,143.04735362100027,65.90740499996173,1345.726308999474,13.0
1778228402,22,,Aggregated,17.700000,0.000000,85,170,220,230,240,280,430,550,1000,1300,1300,7960,0,85,143.26407193479696,65.90740499996173,1345.726308999474,13.0
1778228403,22,,Aggregated,17.500000,0.000000,85,170,220,230,240,280,430,550,1000,1300,1300,7975,0,85,143.54179979749026,65.90740499996173,1345.726308999474,13.0
1778228404,22,,Aggregated,17.500000,0.000000,86,170,220,230,240,290,430,550,1000,1300,1300,7993,0,86,143.81157488940121,65.90740499996173,1345.726308999474,13.0
1778228405,22,,Aggregated,17.600000,0.000000,86,180,220,230,240,290,430,550,960,1300,1300,8009,0,86,144.07418283381006,65.90740499996173,1345.726308999474,13.0
1778228406,22,,Aggregated,17.700000,0.000000,86,180,220,230,240,290,430,550,960,1300,1300,8025,0,86,144.35349260610403,65.90740499996173,1345.726308999474,13.0
1778228407,22,,Aggregated,17.600000,0.000000,86,180,220,230,240,290,430,560,960,1300,1300,8045,0,86,144.82913231795968,65.90740499996173,1345.726308999474,13.0
1778228408,22,,Aggregated,17.500000,0.000000,87,180,220,230,240,290,430,560,960,1300,1300,8063,0,87,145.02899054135995,65.90740499996173,1345.726308999474,13.0
1778228409,22,,Aggregated,17.200000,0.000000,87,180,220,230,240,290,430,560,960,1300,1300,8079,0,87,145.19189660910828,65.90740499996173,1345.726308999474,13.0
1778228410,22,,Aggregated,17.400000,0.000000,88,180,220,230,240,290,430,560,960,1300,1300,8096,0,88,145.376297050023,65.90740499996173,1345.726308999474,13.0
1778228411,22,,Aggregated,17.400000,0.000000,88,190,220,230,240,290,430,560,960,1300,1300,8116,0,88,145.70594048398073,65.90740499996173,1345.726308999474,13.0
1778228412,22,,Aggregated,17.400000,0.000000,88,190,220,230,240,290,430,560,960,1300,1300,8134,0,88,145.90818275854267,65.90740499996173,1345.726308999474,13.0
1778228413,22,,Aggregated,17.500000,0.000000,88,190,220,230,240,290,430,560,960,1300,1300,8147,0,88,146.1153577557365,65.90740499996173,1345.726308999474,13.0
1778228414,22,,Aggregated,17.300000,0.000000,89,190,220,230,240,300,440,570,960,1300,1300,8165,0,89,146.54274095419285,65.90740499996173,1345.726308999474,13.0
1778228415,22,,Aggregated,17.300000,0.000000,89,200,230,230,240,300,440,570,960,1300,1300,8184,0,89,146.76987833113208,65.90740499996173,1345.726308999474,13.0
1778228416,22,,Aggregated,17.300000,0.000000,89,200,230,230,240,300,440,560,960,1300,1300,8204,0,89,146.99590823537105,65.90740499996173,1345.726308999474,13.0
1778228417,22,,Aggregated,17.200000,0.000000,90,200,230,230,240,300,440,560,960,1300,1300,8221,0,90,147.1582718279993,65.90740499996173,1345.726308999474,13.0
1778228418,22,,Aggregated,17.300000,0.000000,90,210,230,230,240,300,440,560,960,1300,1300,8237,0,90,147.3088278242054,65.90740499996173,1345.726308999474,13.0
1778228419,22,,Aggregated,17.500000,0.000000,90,210,230,230,240,290,440,560,960,1300,1300,8255,0,90,147.4844288341585,65.90740499996173,1345.726308999474,13.0
1778228420,22,,Aggregated,17.500000,0.000000,90,210,230,230,240,290,440,560,960,1300,1300,8273,0,90,147.6603214442132,65.90740499996173,1345.726308999474,13.0
1778228421,22,,Aggregated,17.400000,0.000000,91,210,230,230,240,290,440,560,960,1300,1300,8292,0,91,147.86643280571334,65.90740499996173,1345.726308999474,13.0
1778228422,22,,Aggregated,17.600000,0.000000,91,210,230,230,240,290,430,560,960,1300,1300,8310,0,91,148.0360194966275,65.90740499996173,1345.726308999474,13.0
1778228423,22,,Aggregated,17.600000,0.000000,91,210,230,230,240,290,430,560,960,1300,1300,8327,0,91,148.20708388783152,65.90740499996173,1345.726308999474,13.0
1778228424,22,,Aggregated,17.600000,0.000000,92,210,230,230,240,290,430,560,960,1300,1300,8344,0,92,148.37086719330944,65.90740499996173,1345.726308999474,13.0
1778228425,22,,Aggregated,17.900000,0.000000,92,210,230,230,240,290,430,560,960,1300,1300,8363,0,92,148.5815081266261,65.90740499996173,1345.726308999474,13.0
1778228426,22,,Aggregated,17.800000,0.000000,93,220,230,230,240,290,430,560,960,1300,1300,8383,0,93,148.80260759942433,65.90740499996173,1345.726308999474,13.0
1778228427,22,,Aggregated,17.700000,0.000000,93,220,230,230,240,290,430,560,960,1300,1300,8398,0,93,148.95031711490518,65.90740499996173,1345.726308999474,13.0
1778228428,22,,Aggregated,17.900000,0.000000,93,220,230,230,240,290,430,560,960,1300,1300,8416,0,93,149.12813679859516,65.90740499996173,1345.726308999474,13.0
1778228429,22,,Aggregated,17.900000,0.000000,93,220,230,230,240,290,430,560,960,1300,1300,8434,0,93,149.30282799738862,65.90740499996173,1345.726308999474,13.0
1778228430,22,,Aggregated,18.000000,0.000000,94,220,230,230,240,290,430,560,960,1300,1300,8454,0,94,149.49828533273904,65.90740499996173,1345.726308999474,13.0
1778228431,22,,Aggregated,17.900000,0.000000,94,220,230,230,240,290,430,560,960,1300,1300,8471,0,94,149.66872062754996,65.90740499996173,1345.726308999474,13.0
1778228432,22,,Aggregated,17.700000,0.000000,94,220,230,230,240,290,430,560,960,1300,1300,8486,0,94,149.81130036624754,65.90740499996173,1345.726308999474,13.0
1778228433,22,,Aggregated,17.900000,0.000000,95,220,230,230,240,290,430,550,960,1300,1300,8506,0,95,150.00999948788817,65.90740499996173,1345.726308999474,13.0
1778228434,22,,Aggregated,17.800000,0.000000,95,220,230,230,240,290,430,550,960,1300,1300,8523,0,95,150.17328565786403,65.90740499996173,1345.726308999474,13.0
1778228435,22,,Aggregated,17.700000,0.000000,95,220,230,230,240,290,430,550,960,1300,1300,8542,0,95,150.37244474069007,65.90740499996173,1345.726308999474,13.0
1778228436,22,,Aggregated,17.800000,0.000000,96,220,230,230,240,290,430,550,960,1300,1300,8561,0,96,150.55528874558766,65.90740499996173,1345.726308999474,13.0
1778228437,22,,Aggregated,18.000000,0.000000,96,220,230,230,240,290,430,550,960,1300,1300,8576,0,96,150.70316609701243,65.90740499996173,1345.726308999474,13.0
1778228438,22,,Aggregated,17.800000,0.000000,96,220,230,230,240,290,430,550,960,1300,1300,8596,0,96,150.96847569694978,65.90740499996173,1345.726308999474,13.0
1778228439,22,,Aggregated,17.800000,0.000000,96,220,230,230,240,290,430,550,960,1300,1300,8612,0,96,151.1640337959798,65.90740499996173,1345.726308999474,13.0
1778228440,22,,Aggregated,17.500000,0.000000,97,220,230,230,240,290,430,550,960,1300,1300,8629,0,97,151.3834030990819,65.90740499996173,1345.726308999474,13.0
1778228441,22,,Aggregated,17.800000,0.000000,97,220,230,230,240,290,430,550,960,1300,1300,8647,0,97,151.61729838498664,65.90740499996173,1345.726308999474,13.0
1778228442,22,,Aggregated,17.900000,0.000000,98,220,230,230,240,300,430,550,960,1300,1300,8666,0,98,151.89135636510258,65.90740499996173,1345.726308999474,13.0
1778228443,22,,Aggregated,17.700000,0.000000,98,220,230,230,240,300,430,550,960,1300,1300,8682,0,98,152.0733977559295,65.90740499996173,1345.726308999474,13.0
1778228444,22,,Aggregated,17.800000,0.000000,99,220,230,230,240,300,430,550,960,1300,1300,8699,0,99,152.2400324607403,65.90740499996173,1345.726308999474,13.0
1778228445,22,,Aggregated,17.600000,0.000000,99,220,230,230,240,300,430,550,960,1300,1300,8718,0,99,152.42527896294774,65.90740499996173,1345.726308999474,13.0
1778228446,22,,Aggregated,17.500000,0.000000,99,220,230,230,240,300,430,550,960,1300,1300,8737,0,99,152.62565107599596,65.90740499996173,1345.726308999474,13.0
1778228448,22,,Aggregated,17.500000,0.000000,100,220,230,230,240,300,430,550,960,1300,1300,8755,0,100.0,152.8791901499686,65.90740499996173,1345.726308999474,13.0
1778228449,22,,Aggregated,17.600000,0.000000,100,220,230,230,240,300,430,550,960,1300,1300,8770,0,100.0,153.02080231675887,65.90740499996173,1345.726308999474,13.0
1778228450,22,,Aggregated,17.600000,0.000000,100,220,230,230,240,300,430,550,960,1300,1300,8787,0,100.0,153.2012813702028,65.90740499996173,1345.726308999474,13.0
1778228451,22,,Aggregated,17.800000,0.000000,100,220,230,230,240,300,430,550,960,1300,1300,8805,0,100.0,153.3689326797242,65.90740499996173,1345.726308999474,13.0
1778228452,22,,Aggregated,17.400000,0.000000,100,220,230,230,240,300,440,560,960,1300,1300,8822,0,100.0,153.68235948163382,65.90740499996173,1345.726308999474,13.0
1778228453,22,,Aggregated,17.400000,0.000000,100,220,230,230,240,300,440,570,980,1300,1300,8839,0,100.0,154.05212966828566,65.90740499996173,1345.726308999474,13.0
1778228454,22,,Aggregated,17.400000,0.000000,100,220,230,230,240,300,440,570,980,1300,1300,8855,0,100.0,154.22299446764268,65.90740499996173,1345.726308999474,13.0
1778228455,22,,Aggregated,17.300000,0.000000,100,220,230,230,240,300,440,570,980,1300,1300,8874,0,100.0,154.39350385406541,65.90740499996173,1345.726308999474,13.0
1778228456,22,,Aggregated,17.300000,0.000000,100,220,230,230,240,300,440,570,980,1300,1300,8892,0,100.0,154.55138329351942,65.90740499996173,1345.726308999474,13.0
1778228457,22,,Aggregated,17.300000,0.000000,100,220,230,230,240,300,440,560,980,1300,1300,8911,0,100.0,154.7253243344153,65.90740499996173,1345.726308999474,13.0
1778228458,22,,Aggregated,17.400000,0.000000,100,220,230,230,240,300,440,560,980,1300,1300,8929,0,100.0,154.93181468417242,65.90740499996173,1345.726308999474,13.0
1778228459,22,,Aggregated,17.400000,0.000000,100,220,230,230,240,300,440,560,980,1300,1300,8944,0,100.0,155.08114064959452,65.90740499996173,1345.726308999474,13.0
1778228460,22,,Aggregated,17.300000,0.000000,100,220,230,230,240,300,440,560,980,1300,1300,8965,0,100.0,155.27848432269678,65.90740499996173,1345.726308999474,13.0
1778228461,22,,Aggregated,17.300000,0.000000,100,220,230,230,240,300,440,560,980,1300,1300,8981,0,100.0,155.42175239839435,65.90740499996173,1345.726308999474,13.0
1778228462,22,,Aggregated,17.600000,0.000000,110,220,230,230,240,300,440,560,960,1300,1300,9001,0,110.0,155.5984873397376,65.90740499996173,1345.726308999474,13.0
1778228463,22,,Aggregated,17.600000,0.000000,110,220,230,230,240,300,440,560,960,1300,1300,9018,0,110.0,155.74748931215126,65.90740499996173,1345.726308999474,13.0
1778228464,22,,Aggregated,17.800000,0.000000,110,220,230,230,240,300,440,560,960,1300,1300,9034,0,110.0,155.92580854759572,65.90740499996173,1345.726308999474,13.0
1778228465,22,,Aggregated,17.800000,0.000000,110,220,230,230,240,300,440,560,960,1300,1300,9052,0,110.0,156.0879906070458,65.90740499996173,1345.726308999474,13.0
1778228466,22,,Aggregated,17.700000,0.000000,110,220,230,230,240,300,440,560,960,1300,1300,9070,0,110.0,156.2353807581014,65.90740499996173,1345.726308999474,13.0
1778228467,22,,Aggregated,17.800000,0.000000,110,220,230,230,240,300,440,560,960,1300,1300,9089,0,110.0,156.415164778961,65.90740499996173,1345.726308999474,13.0
1778228468,22,,Aggregated,17.800000,0.000000,110,220,230,230,240,300,440,560,960,1300,1300,9106,0,110.0,156.62476278804962,65.90740499996173,1345.726308999474,13.0
1778228469,22,,Aggregated,17.700000,0.000000,110,220,230,230,240,300,440,560,960,1300,1300,9123,0,110.0,156.7714627055769,65.90740499996173,1345.726308999474,13.0
1778228470,22,,Aggregated,17.700000,0.000000,110,220,230,230,240,300,440,560,960,1300,1300,9141,0,110.0,156.930544943439,65.90740499996173,1345.726308999474,13.0
1778228471,22,,Aggregated,17.700000,0.000000,110,220,230,230,240,300,440,560,960,1300,1300,9159,0,110.0,157.0797137256226,65.90740499996173,1345.726308999474,13.0
1778228472,22,,Aggregated,17.500000,0.000000,110,220,230,230,240,300,440,560,960,1300,1300,9179,0,110.0,157.2500871857476,65.90740499996173,1345.726308999474,13.0
1778228473,22,,Aggregated,17.700000,0.000000,110,220,230,230,240,300,440,560,960,1300,1300,9196,0,110.0,157.39393257307293,65.90740499996173,1345.726308999474,13.0
1778228474,22,,Aggregated,17.700000,0.000000,110,220,230,230,240,300,440,560,960,1300,1300,9211,0,110.0,157.5190506154573,65.90740499996173,1345.726308999474,13.0
1778228475,22,,Aggregated,17.800000,0.000000,110,220,230,230,240,300,440,560,960,1300,1300,9230,0,110.0,157.67238279284737,65.90740499996173,1345.726308999474,13.0
1778228476,22,,Aggregated,17.800000,0.000000,110,220,230,230,240,300,440,560,960,1300,1300,9248,0,110.0,157.82204695025763,65.90740499996173,1345.726308999474,13.0
1778228477,22,,Aggregated,17.700000,0.000000,110,220,230,230,240,300,440,560,960,1300,1300,9267,0,110.0,158.0349623436907,65.90740499996173,1345.726308999474,13.0
1778228478,22,,Aggregated,17.800000,0.000000,110,220,230,230,240,300,440,560,960,1300,1300,9284,0,110.0,158.20752952057114,65.90740499996173,1345.726308999474,13.0
1778228479,22,,Aggregated,17.800000,0.000000,110,220,230,230,240,300,440,560,960,1300,1300,9300,0,110.0,158.3345265106434,65.90740499996173,1345.726308999474,13.0
1778228480,22,,Aggregated,17.800000,0.000000,110,220,230,230,240,300,440,560,960,1300,1300,9317,0,110.0,158.55954509069286,65.90740499996173,1345.726308999474,13.0
1778228481,22,,Aggregated,17.800000,0.000000,110,220,230,230,240,300,440,560,960,1300,1300,9336,0,110.0,158.71918441473716,65.90740499996173,1345.726308999474,13.0
1778228482,22,,Aggregated,17.800000,0.000000,110,220,230,230,240,300,440,560,960,1300,1300,9355,0,110.0,158.87479705911144,65.90740499996173,1345.726308999474,13.0
1778228483,22,,Aggregated,17.700000,0.000000,120,220,230,230,240,300,440,560,960,1300,1300,9373,0,120.0,159.0103610107743,65.90740499996173,1345.726308999474,13.0
1778228484,22,,Aggregated,17.800000,0.000000,120,220,230,230,240,300,440,560,960,1300,1300,9390,0,120.0,159.16505352172393,65.90740499996173,1345.726308999474,13.0
1778228485,22,,Aggregated,17.600000,0.000000,120,220,230,230,240,300,440,550,960,1300,1300,9406,0,120.0,159.30730716361793,65.90740499996173,1345.726308999474,13.0
1778228486,22,,Aggregated,17.900000,0.000000,120,220,230,230,240,300,440,550,960,1300,1300,9427,0,120.0,159.52316862140572,65.90740499996173,1345.726308999474,13.0
1778228487,22,,Aggregated,17.600000,0.000000,120,220,230,230,240,300,440,550,960,1300,1300,9443,0,120.0,159.65301174616036,65.90740499996173,1345.726308999474,13.0
1778228488,22,,Aggregated,17.600000,0.000000,120,220,230,230,240,300,440,550,960,1300,1300,9460,0,120.0,159.80215313657422,65.90740499996173,1345.726308999474,13.0
1778228489,22,,Aggregated,17.600000,0.000000,120,220,230,230,240,300,440,550,960,1300,1300,9478,0,120.0,159.9444753247512,65.90740499996173,1345.726308999474,13.0
1778228490,22,,Aggregated,17.700000,0.000000,120,220,230,230,240,300,440,550,960,1300,1300,9497,0,120.0,160.0876348500574,65.90740499996173,1345.726308999474,13.0
1778228491,22,,Aggregated,17.900000,0.000000,120,220,230,230,240,300,440,550,960,1300,1300,9516,0,120.0,160.24446265699842,65.90740499996173,1345.726308999474,13.0
1778228492,22,,Aggregated,17.700000,0.000000,120,220,230,230,240,300,440,550,960,1300,1300,9532,0,120.0,160.36771581672227,65.90740499996173,1345.726308999474,13.0
1778228493,22,,Aggregated,17.700000,0.000000,120,220,230,230,240,300,440,550,960,1300,1300,9550,0,120.0,160.53932973706765,65.90740499996173,1345.726308999474,13.0
1778228494,22,,Aggregated,17.600000,0.000000,120,220,230,230,240,300,440,550,960,1300,1300,9567,0,120.0,160.66909790655333,65.90740499996173,1345.726308999474,13.0
1778228495,22,,Aggregated,17.800000,0.000000,120,220,230,230,240,300,440,550,960,1300,1300,9586,0,120.0,160.81998468933796,65.90740499996173,1345.726308999474,13.0
1778228496,22,,Aggregated,17.900000,0.000000,120,220,230,230,240,300,440,550,960,1300,1300,9604,0,120.0,160.96781529196127,65.90740499996173,1345.726308999474,13.0
1778228497,22,,Aggregated,17.800000,0.000000,120,220,230,230,240,300,440,550,960,1300,1300,9622,0,120.0,161.09535183485738,65.90740499996173,1345.726308999474,13.0
1778228498,22,,Aggregated,17.700000,0.000000,120,220,230,230,240,300,440,550,960,1300,1300,9639,0,120.0,161.20749846809798,65.90740499996173,1345.726308999474,13.0
1778228499,22,,Aggregated,17.700000,0.000000,120,220,230,230,240,300,430,550,960,1300,1300,9656,0,120.0,161.33443476677692,65.90740499996173,1345.726308999474,13.0
1778228500,22,,Aggregated,17.900000,0.000000,130,220,230,230,240,300,440,550,960,1300,1300,9675,0,130.0,161.52266794759666,65.90740499996173,1345.726308999474,13.0
1778228501,22,,Aggregated,17.700000,0.000000,130,220,230,230,240,300,440,550,960,1300,1300,9690,0,130.0,161.70121759855496,65.90740499996173,1345.726308999474,13.0
1778228502,22,,Aggregated,17.800000,0.000000,130,220,230,230,240,300,440,550,960,1300,1300,9710,0,130.0,161.96038822863008,65.90740499996173,1345.726308999474,13.0
1778228503,22,,Aggregated,17.700000,0.000000,130,220,230,230,240,300,440,550,960,1300,1300,9727,0,130.0,162.08386247907856,65.90740499996173,1345.726308999474,13.0
1778228504,22,,Aggregated,17.600000,0.000000,130,220,230,230,240,300,440,550,960,1300,1300,9745,0,130.0,162.2389082212415,65.90740499996173,1345.726308999474,13.0
1778228505,22,,Aggregated,17.500000,0.000000,130,220,230,230,240,300,440,550,960,1300,1300,9762,0,130.0,162.36366536181092,65.90740499996173,1345.726308999474,13.0
1778228506,22,,Aggregated,17.600000,0.000000,130,220,230,230,240,300,440,560,960,1300,1300,9780,0,130.0,162.58972032576656,65.90740499996173,1345.726308999474,13.0
1778228507,22,,Aggregated,17.700000,0.000000,130,220,230,230,240,300,440,560,960,1300,1300,9798,0,130.0,162.76669171504383,65.90740499996173,1345.726308999474,13.0
1778228508,22,,Aggregated,17.500000,0.000000,130,220,230,230,240,300,440,550,960,1300,1300,9813,0,130.0,162.89470088545815,65.90740499996173,1345.726308999474,13.0
1778228509,22,,Aggregated,17.400000,0.000000,130,220,230,230,240,300,440,560,960,1300,1300,9831,0,130.0,163.09736536344226,65.90740499996173,1345.726308999474,13.0
1778228510,22,,Aggregated,17.200000,0.000000,130,220,230,230,240,300,440,560,960,1300,1300,9851,0,130.0,163.26979139589903,65.90740499996173,1345.726308999474,13.0
1778228511,22,,Aggregated,17.500000,0.000000,130,220,230,230,240,300,440,560,960,1300,1300,9869,0,130.0,163.42728345394676,65.90740499996173,1345.726308999474,13.0
1778228512,22,,Aggregated,17.500000,0.000000,130,220,230,230,240,300,440,560,960,1300,1300,9886,0,130.0,163.5460564107831,65.90740499996173,1345.726308999474,13.0
1778228513,22,,Aggregated,17.500000,0.000000,130,220,230,230,240,300,440,550,960,1300,1300,9902,0,130.0,163.67600849151702,65.90740499996173,1345.726308999474,13.0
1778228514,22,,Aggregated,17.300000,0.000000,130,220,230,230,240,300,440,550,960,1300,1300,9919,0,130.0,163.81813282236095,65.90740499996173,1345.726308999474,13.0
1778228515,22,,Aggregated,17.400000,0.000000,130,220,230,230,240,300,440,550,960,1300,1300,9939,0,130.0,164.01270342931863,65.90740499996173,1345.726308999474,13.0
1778228516,22,,Aggregated,17.600000,0.000000,130,220,230,230,240,300,440,560,960,1300,1300,9955,0,130.0,164.1647276681063,65.90740499996173,1345.726308999474,13.0
1778228517,22,,Aggregated,17.300000,0.000000,130,220,230,230,240,300,440,560,960,1300,1300,9974,0,130.0,164.3010030318827,65.90740499996173,1345.726308999474,13.0
1778228518,22,,Aggregated,17.600000,0.000000,130,220,230,230,240,300,440,560,960,1300,1300,9990,0,130.0,164.42970298298275,65.90740499996173,1345.726308999474,13.0
1778228519,22,,Aggregated,17.500000,0.000000,130,220,230,230,240,300,440,550,960,1300,1300,10009,0,130.0,164.5541513840541,65.90740499996173,1345.726308999474,13.0
1778228520,22,,Aggregated,17.900000,0.000000,140,220,230,230,240,300,440,560,960,1300,1300,10026,0,140.0,164.72537293337294,65.90740499996173,1345.726308999474,13.0
1778228521,22,,Aggregated,17.600000,0.000000,140,220,230,230,240,300,440,560,960,1300,1300,10045,0,140.0,164.9037154425084,65.90740499996173,1345.726308999474,13.0
1778228522,22,,Aggregated,17.500000,0.000000,140,220,230,230,240,300,440,560,960,1300,1300,10062,0,140.0,165.00521266388367,65.90740499996173,1345.726308999474,13.0
1778228523,22,,Aggregated,17.600000,0.000000,140,230,230,230,240,300,440,560,960,1300,1300,10080,0,140.0,165.12330950426565,65.90740499996173,1345.726308999474,13.0
1778228524,22,,Aggregated,17.700000,0.000000,140,230,230,230,240,300,440,560,960,1300,1300,10098,0,140.0,165.24091362408362,65.90740499996173,1345.726308999474,13.0
1778228525,22,,Aggregated,17.900000,0.000000,140,230,230,230,240,300,440,550,960,1300,1300,10117,0,140.0,165.3599297021841,65.90740499996173,1345.726308999474,13.0
1778228526,22,,Aggregated,17.700000,0.000000,140,230,230,230,240,300,440,550,960,1300,1300,10135,0,140.0,165.48055866156852,65.90740499996173,1345.726308999474,13.0
1778228527,22,,Aggregated,18.000000,0.000000,140,230,230,230,240,300,440,550,960,1300,1300,10150,0,140.0,165.59402877980264,65.90740499996173,1345.726308999474,13.0
1778228528,22,,Aggregated,17.600000,0.000000,150,230,230,230,240,300,440,550,960,1300,1300,10169,0,150.0,165.71917872642308,65.90740499996173,1345.726308999474,13.0
1778228529,22,,Aggregated,17.900000,0.000000,150,230,230,230,240,300,440,550,960,1300,1300,10187,0,150.0,165.83306832629808,65.90740499996173,1345.726308999474,13.0
1778228530,22,,Aggregated,17.700000,0.000000,150,230,230,230,240,300,440,550,960,1300,1300,10207,0,150.0,165.96489362653082,65.90740499996173,1345.726308999474,13.0
1778228531,22,,Aggregated,18.000000,0.000000,150,230,230,230,240,300,440,550,960,1300,1300,10223,0,150.0,166.05820506182127,65.90740499996173,1345.726308999474,13.0
1778228532,22,,Aggregated,17.900000,0.000000,150,230,230,230,240,300,440,550,960,1300,1300,10240,0,150.0,166.15920454814446,65.90740499996173,1345.726308999474,13.0
1778228533,22,,Aggregated,17.800000,0.000000,150,230,230,230,240,300,440,550,960,1300,1300,10260,0,150.0,166.2951783045808,65.90740499996173,1345.726308999474,13.0
1778228534,22,,Aggregated,17.900000,0.000000,150,230,230,230,240,300,440,550,960,1300,1300,10278,0,150.0,166.43346985678144,65.90740499996173,1345.726308999474,13.0
1778228535,22,,Aggregated,17.900000,0.000000,150,230,230,230,240,300,440,550,960,1300,1300,10296,0,150.0,166.5561791433565,65.90740499996173,1345.726308999474,13.0
1778228536,22,,Aggregated,17.800000,0.000000,150,230,230,230,240,300,440,550,960,1300,1300,10312,0,150.0,166.66959395771894,65.90740499996173,1345.726308999474,13.0
1778228537,22,,Aggregated,17.600000,0.000000,160,230,230,230,240,300,440,560,960,1300,1300,10327,0,160.0,166.94295857402898,65.90740499996173,1345.726308999474,13.0
1778228538,22,,Aggregated,17.800000,0.000000,160,230,230,230,240,300,440,560,960,1300,1300,10344,0,160.0,167.23001793861107,65.90740499996173,1345.726308999474,13.0
1778228539,22,,Aggregated,17.600000,0.000000,160,230,230,230,240,300,440,560,960,1300,1300,10363,0,160.0,167.45612814252559,65.90740499996173,1345.726308999474,13.0
1778228540,22,,Aggregated,17.500000,0.000000,160,230,230,230,240,300,450,560,960,1300,1300,10376,0,160.0,167.61130829211564,65.90740499996173,1345.726308999474,13.0
1778228541,22,,Aggregated,17.200000,0.000000,160,230,230,230,240,300,450,580,1000,1300,1300,10394,0,160.0,168.04623252636068,65.90740499996173,1345.726308999474,13.0
1778228542,22,,Aggregated,17.000000,0.000000,160,230,230,230,240,300,450,580,1000,1300,1300,10413,0,160.0,168.32063887918895,65.90740499996173,1345.726308999474,13.0
1778228543,22,,Aggregated,17.100000,0.000000,160,230,230,230,240,300,450,580,1000,1300,1300,10429,0,160.0,168.4287722674271,65.90740499996173,1345.726308999474,13.0
1778228544,22,,Aggregated,17.000000,0.000000,160,230,230,230,240,300,460,590,1000,1300,1300,10446,0,160.0,168.69970792992498,65.90740499996173,1345.726308999474,13.0
1778228545,22,,Aggregated,17.000000,0.000000,170,230,230,230,240,300,460,590,1000,1300,1300,10461,0,170.0,168.83560804110456,65.90740499996173,1345.726308999474,13.0
1778228546,22,,Aggregated,16.500000,0.000000,170,230,230,230,240,300,460,590,1000,1300,1300,10480,0,170.0,168.95051211183159,65.90740499996173,1345.726308999474,13.0
1778228547,22,,Aggregated,16.800000,0.000000,170,230,230,230,240,300,460,590,1000,1300,1300,10500,0,170.0,169.08589350914212,65.90740499996173,1345.726308999474,13.0
1778228548,22,,Aggregated,17.100000,0.000000,170,230,230,230,240,300,460,590,1000,1300,1300,10517,0,170.0,169.1850910474462,65.90740499996173,1345.726308999474,13.0
1778228549,22,,Aggregated,17.000000,0.000000,170,230,230,230,240,300,460,590,1000,1300,1300,10535,0,170.0,169.2874915704786,65.90740499996173,1345.726308999474,13.0
1778228550,22,,Aggregated,17.200000,0.000000,170,230,230,230,240,300,460,590,1000,1300,1300,10549,0,170.0,169.37247352526217,65.90740499996173,1345.726308999474,13.0
1778228551,22,,Aggregated,17.000000,0.000000,180,230,230,230,240,300,450,590,1000,1300,1300,10570,0,170.0,169.49456688826777,65.90740499996173,1345.726308999474,13.0
1778228552,22,,Aggregated,17.600000,0.000000,180,230,230,230,240,300,450,590,1000,1300,1300,10590,0,180.0,169.61597228300178,65.90740499996173,1345.726308999474,13.0
1778228553,22,,Aggregated,17.700000,0.000000,180,230,230,230,240,300,450,590,1000,1300,1300,10607,0,180.0,169.71521517856013,65.90740499996173,1345.726308999474,13.0
1778228554,22,,Aggregated,17.700000,0.000000,180,230,230,230,240,300,450,590,1000,1300,1300,10625,0,180.0,169.82285329308127,65.90740499996173,1345.726308999474,13.0
1778228555,22,,Aggregated,17.600000,0.000000,180,230,230,230,240,300,450,590,1000,1300,1300,10640,0,180.0,169.9022501586458,65.90740499996173,1345.726308999474,13.0
1778228556,22,,Aggregated,17.700000,0.000000,180,230,230,230,240,300,450,590,1000,1300,1300,10659,0,180.0,170.00952242977684,65.90740499996173,1345.726308999474,13.0
1778228557,22,,Aggregated,17.900000,0.000000,180,230,230,230,240,300,450,590,1000,1300,1300,10680,0,180.0,170.13192114822036,65.90740499996173,1345.726308999474,13.0
1778228558,22,,Aggregated,17.900000,0.000000,180,230,230,230,240,300,450,590,1000,1300,1300,10698,0,180.0,170.2366538294067,65.90740499996173,1345.726308999474,13.0
1778228559,22,,Aggregated,18.000000,0.000000,190,230,230,230,240,300,450,590,1000,1300,1300,10714,0,190.0,170.32542313197618,65.90740499996173,1345.726308999474,13.0
1778228560,22,,Aggregated,17.700000,0.000000,190,230,230,230,240,300,450,590,1000,1300,1300,10730,0,190.0,170.41455811509726,65.90740499996173,1345.726308999474,13.0
1778228561,22,,Aggregated,17.800000,0.000000,190,230,230,230,240,300,450,590,1000,1300,1300,10747,0,190.0,170.51880044282052,65.90740499996173,1345.726308999474,13.0
1778228562,22,,Aggregated,17.800000,0.000000,190,230,230,230,240,300,450,590,1000,1300,1300,10769,0,190.0,170.64384959736216,65.90740499996173,1345.726308999474,13.0
1778228563,22,,Aggregated,17.900000,0.000000,190,230,230,230,240,300,450,590,1000,1300,1300,10788,0,190.0,170.7562817319236,65.90740499996173,1345.726308999474,13.0
1778228564,22,,Aggregated,17.800000,0.000000,200,230,230,230,240,300,450,580,1000,1300,1300,10804,0,200.0,170.84574731469735,65.90740499996173,1345.726308999474,13.0
1778228565,22,,Aggregated,17.800000,0.000000,200,230,230,230,240,300,450,580,1000,1300,1300,10820,0,200.0,170.93236649510087,65.90740499996173,1345.726308999474,13.0
1778228566,22,,Aggregated,17.900000,0.000000,200,230,230,230,240,300,450,580,1000,1300,1300,10838,0,200.0,171.03488378898246,65.90740499996173,1345.726308999474,13.0
1778228567,22,,Aggregated,17.700000,0.000000,200,230,230,230,240,300,450,580,1000,1300,1300,10857,0,200.0,171.14529638426794,65.90740499996173,1345.726308999474,13.0
1778228568,22,,Aggregated,17.900000,0.000000,210,230,230,230,240,300,450,580,1000,1300,1300,10877,0,210.0,171.27322679277344,65.90740499996173,1345.726308999474,13.0
1778228569,22,,Aggregated,17.800000,0.000000,210,230,230,230,240,300,450,580,1000,1300,1300,10891,0,210.0,171.39627407244484,65.90740499996173,1345.726308999474,13.0
1778228570,22,,Aggregated,17.800000,0.000000,210,230,230,230,240,300,450,580,1000,1300,1300,10908,0,210.0,171.61286767491706,65.90740499996173,1345.726308999474,13.0
1778228571,22,,Aggregated,17.900000,0.000000,210,230,230,230,240,300,450,580,1000,1300,1300,10925,0,210.0,171.83746980274543,65.90740499996173,1345.726308999474,13.0
1778228572,22,,Aggregated,17.600000,0.000000,210,230,230,230,240,300,450,580,1000,1300,1300,10941,0,210.0,171.94322500082217,65.90740499996173,1345.726308999474,13.0
1778228573,22,,Aggregated,17.500000,0.000000,210,230,230,230,250,300,450,580,1000,1300,1300,10960,0,210.0,172.14051060766403,65.90740499996173,1345.726308999474,13.0
1778228574,22,,Aggregated,17.500000,0.000000,210,230,230,230,250,310,450,580,1000,1300,1300,10978,0,210.0,172.30199289715785,65.90740499996173,1345.726308999474,13.0
1778228575,22,,Aggregated,17.500000,0.000000,210,230,230,230,250,310,450,580,1000,1300,1300,10996,0,210.0,172.44393950554715,65.90740499996173,1345.726308999474,13.0
1778228576,22,,Aggregated,17.700000,0.000000,210,230,230,230,250,310,450,580,1000,1300,1300,11013,0,210.0,172.53946580958836,65.90740499996173,1345.726308999474,13.0
1778228577,22,,Aggregated,17.500000,0.000000,210,230,230,230,250,300,450,580,1000,1300,1300,11030,0,210.0,172.63474746826807,65.90740499996173,1345.726308999474,13.0
1778228578,22,,Aggregated,17.100000,0.000000,210,230,230,230,250,300,450,580,1000,1300,1300,11049,0,210.0,172.74306378875903,65.90740499996173,1345.726308999474,13.0
1778228579,22,,Aggregated,17.400000,0.000000,210,230,230,230,250,300,450,580,1000,1300,1300,11067,0,210.0,172.83127958850622,65.90740499996173,1345.726308999474,13.0
1778228580,22,,Aggregated,17.500000,0.000000,210,230,230,230,250,300,450,580,1000,1300,1300,11083,0,210.0,172.95736861283018,65.90740499996173,1345.726308999474,13.0
1778228581,22,,Aggregated,17.600000,0.000000,210,230,230,230,250,310,460,590,1000,1300,1300,11097,0,210.0,173.16870100207257,65.90740499996173,1345.726308999474,13.0
1778228582,22,,Aggregated,17.500000,0.000000,210,230,230,230,250,310,460,590,1100,1300,1300,11112,0,210.0,173.6518408006658,65.90740499996173,1345.726308999474,13.0
1778228583,22,,Aggregated,17.100000,0.000000,210,230,230,230,250,310,460,600,1100,1300,1300,11131,0,210.0,173.9260934702184,65.90740499996173,1345.726308999474,13.0
1778228584,22,,Aggregated,17.100000,0.000000,210,230,230,230,250,310,460,600,1100,1300,1300,11151,0,210.0,174.0715262197117,65.90740499996173,1345.726308999474,13.0
1778228585,22,,Aggregated,17.300000,0.000000,210,230,230,230,250,310,460,600,1100,1300,1300,11168,0,210.0,174.1746430307133,65.90740499996173,1345.726308999474,13.0
1778228586,22,,Aggregated,17.100000,0.000000,210,230,230,230,250,310,460,600,1100,1300,1300,11180,0,210.0,174.31380652647633,65.90740499996173,1345.726308999474,13.0
1778228587,22,,Aggregated,17.000000,0.000000,210,230,230,230,250,310,460,610,1100,1300,1300,11197,0,210.0,174.62791637179652,65.90740499996173,1345.726308999474,13.0
1778228588,22,,Aggregated,16.900000,0.000000,220,230,230,230,250,310,470,620,1100,1300,1300,11216,0,220.0,174.96720498858798,65.90740499996173,1345.726308999474,13.0
1778228589,22,,Aggregated,16.700000,0.000000,220,230,230,230,250,310,470,620,1100,1300,1300,11235,0,220.0,175.07188099341383,65.90740499996173,1345.726308999474,13.0
1778228590,22,,Aggregated,16.700000,0.000000,220,230,230,230,250,310,460,620,1100,1300,1300,11251,0,220.0,175.14714713314405,65.90740499996173,1345.726308999474,13.0
1778228591,22,,Aggregated,16.600000,0.000000,220,230,230,230,250,310,460,620,1100,1300,1300,11269,0,220.0,175.2328554097082,65.90740499996173,1345.726308999474,13.0
1778228592,22,,Aggregated,16.600000,0.000000,220,230,230,230,250,310,460,620,1100,1300,1300,11286,0,220.0,175.32869546659612,65.90740499996173,1345.726308999474,13.0
1778228593,22,,Aggregated,17.000000,0.000000,220,230,230,230,250,310,460,620,1100,1300,1300,11305,0,220.0,175.42579368518375,65.90740499996173,1345.726308999474,13.0
1778228594,22,,Aggregated,17.300000,0.000000,220,230,230,230,250,310,460,620,1100,1300,1300,11323,0,220.0,175.5585544807915,65.90740499996173,1345.726308999474,13.0
1778228595,22,,Aggregated,17.100000,0.000000,220,230,230,230,250,310,470,620,1100,1300,1300,11340,0,220.0,175.66365840908338,65.90740499996173,1345.726308999474,13.0
1778228596,22,,Aggregated,17.200000,0.000000,220,230,230,230,250,310,460,620,1100,1300,1300,11358,0,220.0,175.74859938976977,65.90740499996173,1345.726308999474,13.0
1778228597,22,,Aggregated,17.400000,0.000000,220,230,230,230,250,310,460,620,1100,1300,1300,11376,0,220.0,175.82791706513763,65.90740499996173,1345.726308999474,13.0
1778228598,22,,Aggregated,17.600000,0.000000,220,230,230,230,250,310,460,620,1100,1300,1300,11396,0,220.0,175.92075137750138,65.90740499996173,1345.726308999474,13.0
1778228599,22,,Aggregated,17.700000,0.000000,220,230,230,230,250,310,460,610,1100,1300,1300,11413,0,220.0,176.00266731674452,65.90740499996173,1345.726308999474,13.0
1778228600,22,,Aggregated,17.700000,0.000000,220,230,230,230,250,310,460,610,1100,1300,1300,11430,0,220.0,176.08130387182905,65.90740499996173,1345.726308999474,13.0
1778228601,22,,Aggregated,17.700000,0.000000,220,230,230,230,250,310,460,610,1100,1300,1300,11447,0,220.0,176.16489225142004,65.90740499996173,1345.726308999474,13.0
1778228602,22,,Aggregated,17.800000,0.000000,220,230,230,230,250,310,460,610,1100,1300,1300,11464,0,220.0,176.2551980478895,65.90740499996173,1345.726308999474,13.0
1778228603,22,,Aggregated,17.900000,0.000000,220,230,230,230,250,310,460,610,1100,1300,1300,11484,0,220.0,176.3600662604497,65.90740499996173,1345.726308999474,13.0
1778228604,22,,Aggregated,17.900000,0.000000,220,230,230,230,250,310,460,610,1100,1300,1300,11504,0,220.0,176.46476592463537,65.90740499996173,1345.726308999474,13.0
1778228605,22,,Aggregated,17.600000,0.000000,220,230,230,230,250,310,460,610,1100,1300,1300,11520,0,220.0,176.54225513246598,65.90740499996173,1345.726308999474,13.0
1778228606,22,,Aggregated,17.800000,0.000000,220,230,230,230,250,310,460,610,1100,1300,1300,11536,0,220.0,176.6236959311727,65.90740499996173,1345.726308999474,13.0
1778228607,22,,Aggregated,17.600000,0.000000,220,230,230,230,250,310,460,610,1100,1300,1300,11552,0,220.0,176.70278556691548,65.90740499996173,1345.726308999474,13.0
1778228608,22,,Aggregated,17.900000,0.000000,220,230,230,230,250,310,460,610,1100,1300,1300,11574,0,220.0,176.81189139390057,65.90740499996173,1345.726308999474,13.0
1778228609,22,,Aggregated,18.000000,0.000000,220,230,230,230,250,310,460,610,1100,1300,1300,11592,0,220.0,176.96163116882366,65.90740499996173,1345.726308999474,13.0
1778228610,22,,Aggregated,17.800000,0.000000,220,230,230,230,250,310,460,620,1100,1300,1300,11606,0,220.0,177.12167824315026,65.90740499996173,1345.726308999474,13.0
1778228611,22,,Aggregated,17.500000,0.000000,220,230,230,230,250,310,460,620,1100,1300,1300,11623,0,220.0,177.20358912810806,65.90740499996173,1345.726308999474,13.0
1778228612,22,,Aggregated,17.600000,0.000000,220,230,230,230,250,310,460,620,1100,1300,1300,11640,0,220.0,177.28643853487978,65.90740499996173,1345.726308999474,13.0
1778228613,22,,Aggregated,17.800000,0.000000,220,230,230,230,250,310,460,620,1100,1300,1300,11662,0,220.0,177.42665322843436,65.90740499996173,1345.726308999474,13.0
1778228614,22,,Aggregated,17.700000,0.000000,220,230,230,230,250,310,460,620,1100,1300,1300,11678,0,220.0,177.51652273223172,65.90740499996173,1345.726308999474,13.0
1778228615,22,,Aggregated,17.600000,0.000000,220,230,230,230,250,310,460,620,1100,1300,1300,11695,0,220.0,177.61546014621663,65.90740499996173,1345.726308999474,13.0
1778228616,22,,Aggregated,17.600000,0.000000,220,230,230,230,250,310,460,610,1100,1300,1300,11713,0,220.0,177.74889173644692,65.90740499996173,1345.726308999474,13.0
1778228617,22,,Aggregated,17.900000,0.000000,220,230,230,230,250,310,460,610,1100,1300,1300,11730,0,220.0,177.9069155320548,65.90740499996173,1345.726308999474,13.0
1778228618,22,,Aggregated,17.600000,0.000000,220,230,230,230,250,310,460,620,1100,1300,1300,11744,0,220.0,178.09510790071567,65.90740499996173,1345.726308999474,13.0
1778228619,22,,Aggregated,17.100000,0.000000,220,230,230,230,250,310,470,630,1200,1300,1300,11759,0,220.0,178.47862823539467,65.90740499996173,1345.726308999474,13.0
1778228620,22,,Aggregated,17.300000,0.000000,220,230,230,230,250,310,470,640,1200,1300,1300,11777,0,220.0,178.81139766426125,65.90740499996173,1345.726308999474,13.0
1778228621,22,,Aggregated,17.300000,0.000000,220,230,230,230,250,310,470,640,1200,1300,1300,11795,0,220.0,178.92172224044148,65.90740499996173,1345.726308999474,13.0
1778228622,22,,Aggregated,17.100000,0.000000,220,230,230,230,250,310,470,640,1200,1300,1300,11813,0,220.0,178.99240794353724,65.90740499996173,1345.726308999474,13.0
1778228623,22,,Aggregated,16.800000,0.000000,220,230,230,230,250,310,470,640,1200,1300,1300,11830,0,220.0,179.07358702612063,65.90740499996173,1345.726308999474,13.0
1778228624,22,,Aggregated,16.700000,0.000000,220,230,230,230,250,310,470,640,1200,1300,1300,11848,0,220.0,179.20895638529765,65.90740499996173,1345.726308999474,13.0
1778228625,22,,Aggregated,17.100000,0.000000,220,230,230,230,250,310,470,640,1200,1300,1300,11867,0,220.0,179.32321324437595,65.90740499996173,1345.726308999474,13.0
1778228626,22,,Aggregated,17.000000,0.000000,220,230,230,230,250,310,470,640,1200,1300,1300,11884,0,220.0,179.39049732951932,65.90740499996173,1345.726308999474,13.0
1778228627,22,,Aggregated,16.900000,0.000000,220,230,230,230,250,310,470,630,1200,1300,1300,11902,0,220.0,179.4623388258282,65.90740499996173,1345.726308999474,13.0
1778228628,22,,Aggregated,16.900000,0.000000,220,230,230,230,250,310,470,630,1200,1300,1300,11920,0,220.0,179.55644666577268,65.90740499996173,1345.726308999474,13.0
1778228629,22,,Aggregated,17.300000,0.000000,220,230,230,230,250,310,470,630,1200,1300,1300,11938,0,220.0,179.63042265965916,65.90740499996173,1345.726308999474,13.0
1778228630,22,,Aggregated,17.200000,0.000000,220,230,230,230,250,310,470,630,1200,1300,1300,11956,0,220.0,179.70152512044245,65.90740499996173,1345.726308999474,13.0
1778228631,22,,Aggregated,17.400000,0.000000,220,230,230,230,250,310,470,630,1200,1300,1300,11973,0,220.0,179.8210142919078,65.90740499996173,1345.726308999474,13.0
1778228632,22,,Aggregated,17.900000,0.000000,220,230,230,230,250,310,470,630,1200,1300,1300,11991,0,220.0,179.92104153481898,65.90740499996173,1345.726308999474,13.0
1778228633,22,,Aggregated,17.500000,0.000000,220,230,230,230,250,310,470,630,1200,1300,1300,12009,0,220.0,179.99989767532796,65.90740499996173,1345.726308999474,13.0
1778228634,22,,Aggregated,17.700000,0.000000,220,230,230,230,250,310,470,630,1200,1300,1300,12027,0,220.0,180.079775329676,65.90740499996173,1345.726308999474,13.0
1778228635,22,,Aggregated,17.800000,0.000000,220,230,230,230,250,310,470,630,1200,1300,1300,12045,0,220.0,180.16024217169044,65.90740499996173,1345.726308999474,13.0
1778228636,22,,Aggregated,17.700000,0.000000,220,230,230,230,250,310,470,630,1200,1300,1300,12061,0,220.0,180.2585221789248,65.90740499996173,1345.726308999474,13.0
1778228637,22,,Aggregated,17.900000,0.000000,220,230,230,230,250,310,470,630,1200,1300,1300,12078,0,220.0,180.35279686877075,65.90740499996173,1345.726308999474,13.0
1778228638,22,,Aggregated,17.700000,0.000000,220,230,230,230,250,310,470,630,1200,1300,1300,12098,0,220.0,180.4703181027454,65.90740499996173,1345.726308999474,13.0
1778228639,22,,Aggregated,17.800000,0.000000,220,230,230,230,250,310,470,630,1200,1300,1300,12115,0,220.0,180.5343836019821,65.90740499996173,1345.726308999474,13.0
1778228640,22,,Aggregated,17.800000,0.000000,220,230,230,230,250,310,470,630,1200,1300,1300,12133,0,220.0,180.60787942363913,65.90740499996173,1345.726308999474,13.0
1778228641,22,,Aggregated,18.000000,0.000000,220,230,230,230,250,310,470,630,1200,1300,1300,12151,0,220.0,180.68413090116147,65.90740499996173,1345.726308999474,13.0
1778228642,22,,Aggregated,17.600000,0.000000,220,230,230,230,250,310,470,630,1200,1300,1300,12167,0,220.0,180.76328567000988,65.90740499996173,1345.726308999474,13.0
1778228643,22,,Aggregated,18.000000,0.000000,220,230,230,230,250,310,470,630,1200,1300,1300,12186,0,220.0,180.86850219202455,65.90740499996173,1345.726308999474,13.0
1778228644,22,,Aggregated,17.900000,0.000000,220,230,230,230,250,310,470,630,1200,1300,1300,12203,0,220.0,180.96415772375764,65.90740499996173,1345.726308999474,13.0
1778228645,22,,Aggregated,17.800000,0.000000,220,230,230,230,250,310,470,630,1200,1300,1300,12223,0,220.0,181.07467548556122,65.90740499996173,1345.726308999474,13.0
1778228646,22,,Aggregated,17.900000,0.000000,220,230,230,230,250,310,470,630,1200,1300,1300,12240,0,220.0,181.13999052328552,65.90740499996173,1345.726308999474,13.0
1778228647,22,,Aggregated,17.600000,0.000000,220,230,230,230,250,310,470,630,1200,1300,1300,12257,0,220.0,181.22191650232662,65.90740499996173,1345.726308999474,13.0
1778228648,22,,Aggregated,17.800000,0.000000,220,230,230,230,250,310,470,630,1200,1300,1300,12275,0,220.0,181.3011784196347,65.90740499996173,1345.726308999474,13.0
1778228649,22,,Aggregated,17.600000,0.000000,220,230,230,230,250,310,470,630,1200,1300,1300,12293,0,220.0,181.36773823363046,65.90740499996173,1345.726308999474,13.0
1778228650,22,,Aggregated,17.700000,0.000000,220,230,230,230,250,310,470,620,1200,1300,1300,12312,0,220.0,181.4484752426106,65.90740499996173,1345.726308999474,13.0
1778228651,22,,Aggregated,17.700000,0.000000,220,230,230,230,250,310,470,620,1200,1300,1300,12328,0,220.0,181.53818202101087,65.90740499996173,1345.726308999474,13.0
1778228652,22,,Aggregated,17.800000,0.000000,220,230,230,230,250,310,470,620,1200,1300,1300,12347,0,220.0,181.62796908536677,65.90740499996173,1345.726308999474,13.0
1778228653,22,,Aggregated,17.800000,0.000000,220,230,230,230,250,310,470,620,1200,1300,1300,12365,0,220.0,181.69489039134837,65.90740499996173,1345.726308999474,13.0
1778228654,22,,Aggregated,17.600000,0.000000,220,230,230,230,250,310,470,620,1200,1300,1300,12383,0,220.0,181.77039905854994,65.90740499996173,1345.726308999474,13.0
1778228655,22,,Aggregated,17.600000,0.000000,220,230,230,230,250,310,470,620,1200,1300,1300,12400,0,220.0,181.8745840750827,65.90740499996173,1345.726308999474,13.0
1778228656,22,,Aggregated,17.800000,0.000000,220,230,230,230,250,310,470,620,1200,1300,1300,12417,0,220.0,181.96714976532405,65.90740499996173,1345.726308999474,13.0
1778228657,22,,Aggregated,17.700000,0.000000,220,230,230,230,250,310,470,620,1200,1300,1300,12436,0,220.0,182.04532409520993,65.90740499996173,1345.726308999474,13.0
1778228658,22,,Aggregated,17.600000,0.000000,220,230,230,230,250,310,470,620,1200,1300,1300,12453,0,220.0,182.1243380892179,65.90740499996173,1345.726308999474,13.0
1778228659,22,,Aggregated,17.700000,0.000000,220,230,230,230,250,310,470,620,1200,1300,1300,12469,0,220.0,182.19505042970823,65.90740499996173,1345.726308999474,13.0
1778228660,22,,Aggregated,17.700000,0.000000,220,230,230,230,250,310,470,630,1200,1300,1300,12489,0,220.0,182.44681079774455,65.90740499996173,1345.726308999474,13.0
1778228661,22,,Aggregated,17.700000,0.000000,220,230,230,230,250,310,470,630,1200,1300,1300,12504,0,220.0,182.49560387932118,65.90740499996173,1345.726308999474,13.0
1778228662,22,,Aggregated,17.600000,0.000000,220,230,230,230,250,310,470,630,1200,1300,1300,12523,0,220.0,182.57150791703532,65.90740499996173,1345.726308999474,13.0
1778228663,22,,Aggregated,17.500000,0.000000,220,230,230,230,250,310,470,630,1200,1300,1300,12539,0,220.0,182.66562445466417,65.90740499996173,1345.726308999474,13.0
1778228664,22,,Aggregated,17.800000,0.000000,220,230,230,230,250,310,470,630,1200,1300,1300,12558,0,220.0,182.76099076660554,65.90740499996173,1345.726308999474,13.0
1778228665,22,,Aggregated,17.500000,0.000000,220,230,230,230,250,310,470,630,1200,1300,1300,12574,0,220.0,182.85994858629172,65.90740499996173,1345.726308999474,13.0
1778228666,22,,Aggregated,17.400000,0.000000,220,230,230,230,250,310,480,630,1200,1300,1300,12590,0,220.0,183.08317712669037,65.90740499996173,1345.726308999474,13.0
1778228667,22,,Aggregated,17.700000,0.000000,220,230,230,240,250,310,480,630,1200,1300,1300,12610,0,220.0,183.211897799606,65.90740499996173,1345.726308999474,13.0
1778228668,22,,Aggregated,17.400000,0.000000,220,230,230,240,250,310,480,630,1200,1300,1300,12627,0,220.0,183.29829169185336,65.90740499996173,1345.726308999474,13.0
1778228669,22,,Aggregated,17.400000,0.000000,220,230,230,240,250,310,480,630,1200,1300,1300,12645,0,220.0,183.36458476283357,65.90740499996173,1345.726308999474,13.0
1778228670,22,,Aggregated,17.400000,0.000000,220,230,230,240,250,310,480,630,1200,1300,1300,12663,0,220.0,183.43887439137885,65.90740499996173,1345.726308999474,13.0
1778228671,22,,Aggregated,17.400000,0.000000,220,230,230,240,250,310,480,630,1200,1300,1300,12682,0,220.0,183.5172937123506,65.90740499996173,1345.726308999474,13.0
1778228672,22,,Aggregated,17.500000,0.000000,220,230,230,240,250,310,480,630,1200,1300,1300,12699,0,220.0,183.57702392873674,65.90740499996173,1345.726308999474,13.0
1778228673,22,,Aggregated,17.400000,0.000000,220,230,230,240,250,310,470,630,1200,1300,1300,12717,0,220.0,183.6437314843145,65.90740499996173,1345.726308999474,13.0
1778228674,22,,Aggregated,17.500000,0.000000,220,230,230,240,250,310,470,630,1200,1300,1300,12734,0,220.0,183.70082759337438,65.90740499996173,1345.726308999474,13.0
1778228675,22,,Aggregated,17.600000,0.000000,220,230,230,240,250,310,470,630,1200,1300,1300,12752,0,220.0,183.7861125490928,65.90740499996173,1345.726308999474,13.0
1778228676,22,,Aggregated,17.600000,0.000000,220,230,230,240,250,310,470,630,1200,1300,1300,12770,0,220.0,183.89081193179567,65.90740499996173,1345.726308999474,13.0
1778228677,22,,Aggregated,17.500000,0.000000,220,230,230,240,250,310,470,630,1200,1300,1300,12787,0,220.0,183.95706709509886,65.90740499996173,1345.726308999474,13.0
1778228678,22,,Aggregated,17.600000,0.000000,220,230,230,240,250,310,470,620,1200,1300,1300,12807,0,220.0,184.05949488045815,65.90740499996173,1345.726308999474,13.0
1778228679,22,,Aggregated,17.800000,0.000000,220,230,230,240,250,310,470,620,1200,1300,1300,12821,0,220.0,184.1166553184641,65.90740499996173,1345.726308999474,13.0
1778228680,22,,Aggregated,17.800000,0.000000,220,230,230,240,250,320,470,620,1200,1300,1300,12840,0,220.0,184.23262236783717,65.90740499996173,1345.726308999474,13.0
1778228681,22,,Aggregated,17.800000,0.000000,220,230,230,240,250,320,470,620,1200,1300,1300,12859,0,220.0,184.32032502387656,65.90740499996173,1345.726308999474,13.0
1778228682,22,,Aggregated,17.800000,0.000000,220,230,230,240,250,310,470,620,1200,1300,1300,12878,0,220.0,184.38748763534946,65.90740499996173,1345.726308999474,13.0
1778228683,22,,Aggregated,17.500000,0.000000,220,230,230,240,250,310,470,620,1200,1300,1300,12895,0,220.0,184.45268272772645,65.90740499996173,1345.726308999474,13.0
1778228684,22,,Aggregated,17.400000,0.000000,220,230,230,240,250,310,470,620,1200,1300,1300,12911,0,220.0,184.5377849595718,65.90740499996173,1345.726308999474,13.0
1778228685,22,,Aggregated,17.800000,0.000000,220,230,230,240,250,310,470,620,1200,1300,1300,12929,0,220.0,184.61096141797756,65.90740499996173,1345.726308999474,13.0
1778228686,22,,Aggregated,17.800000,0.000000,220,230,230,240,250,320,470,620,1200,1300,1300,12947,0,220.0,184.70128993728508,65.90740499996173,1345.726308999474,13.0
1778228687,22,,Aggregated,17.700000,0.000000,220,230,230,240,250,320,470,620,1200,1300,1300,12968,0,220.0,184.7867865138055,65.90740499996173,1345.726308999474,13.0
1778228688,22,,Aggregated,17.700000,0.000000,220,230,230,240,250,310,470,620,1200,1300,1300,12983,0,220.0,184.8344775798374,65.90740499996173,1345.726308999474,13.0
1778228689,22,,Aggregated,17.600000,0.000000,220,230,230,240,250,310,470,620,1200,1300,1300,13000,0,220.0,184.89821579777146,65.90740499996173,1345.726308999474,13.0
1778228690,22,,Aggregated,17.700000,0.000000,220,230,230,240,250,310,470,620,1200,1300,1300,13019,0,220.0,184.96402408480122,65.90740499996173,1345.726308999474,13.0
1778228691,22,,Aggregated,17.900000,0.000000,220,230,230,240,250,310,470,620,1200,1300,1300,13038,0,220.0,185.03784425318503,65.90740499996173,1345.726308999474,13.0
1778228692,22,,Aggregated,17.600000,0.000000,220,230,230,240,250,310,470,620,1200,1300,1300,13057,0,220.0,185.10338938401046,65.90740499996173,1345.726308999474,13.0
1778228693,22,,Aggregated,17.800000,0.000000,220,230,230,240,250,310,470,620,1200,1300,1300,13072,0,220.0,185.14704036062003,65.90740499996173,1345.726308999474,13.0
1778228694,22,,Aggregated,17.900000,0.000000,220,230,230,240,250,310,470,620,1200,1300,1300,13089,0,220.0,185.22401944060084,65.90740499996173,1345.726308999474,13.0
1778228695,22,,Aggregated,17.800000,0.000000,220,230,230,240,250,310,470,620,1200,1300,1300,13108,0,220.0,185.2881473475758,65.90740499996173,1345.726308999474,13.0
1778228696,22,,Aggregated,17.800000,0.000000,220,230,230,240,250,310,470,620,1200,1300,1300,13128,0,220.0,185.3538851313239,65.90740499996173,1345.726308999474,13.0
1778228697,22,,Aggregated,17.700000,0.000000,220,230,230,240,250,310,470,620,1200,1300,1300,13144,0,220.0,185.43538404770413,65.90740499996173,1345.726308999474,13.0
1778228698,22,,Aggregated,17.900000,0.000000,220,230,230,240,250,320,470,620,1200,1300,1300,13160,0,220.0,185.55891455744856,65.90740499996173,1345.726308999474,13.0
1778228699,22,,Aggregated,17.900000,0.000000,220,230,230,240,250,320,470,620,1200,1300,1300,13179,0,220.0,185.6452435681023,65.90740499996173,1345.726308999474,13.0
1778228700,22,,Aggregated,18.000000,0.000000,220,230,230,240,250,320,470,620,1200,1300,1300,13197,0,220.0,185.7306880466788,65.90740499996173,1345.726308999474,13.0
1778228701,22,,Aggregated,17.600000,0.000000,220,230,230,240,250,310,470,620,1200,1300,1300,13215,0,220.0,185.81165074271806,65.90740499996173,1345.726308999474,13.0
1778228702,22,,Aggregated,17.700000,0.000000,220,230,230,240,250,310,470,620,1200,1300,1300,13231,0,220.0,185.877007202405,65.90740499996173,1345.726308999474,13.0
1778228703,22,,Aggregated,18.000000,0.000000,220,230,230,240,250,320,470,620,1200,1300,1300,13248,0,220.0,185.97662073550853,65.90740499996173,1345.726308999474,13.0
1778228704,22,,Aggregated,17.800000,0.000000,220,230,230,240,250,310,470,620,1200,1300,1300,13268,0,220.0,186.05209979703142,65.90740499996173,1345.726308999474,13.0
1778228705,22,,Aggregated,17.600000,0.000000,220,230,230,240,250,320,470,620,1200,1300,1300,13286,0,220.0,186.14302393481972,65.90740499996173,1345.726308999474,13.0
1778228706,22,,Aggregated,17.400000,0.000000,220,230,230,240,250,320,470,620,1200,1300,1300,13302,0,220.0,186.19226345376748,65.90740499996173,1345.726308999474,13.0
1778228707,22,,Aggregated,17.600000,0.000000,220,230,230,240,250,320,470,620,1200,1300,1300,13320,0,220.0,186.2683784562324,65.90740499996173,1345.726308999474,13.0
1778228708,22,,Aggregated,17.600000,0.000000,220,230,230,240,250,320,470,620,1200,1300,1300,13339,0,220.0,186.34594672276896,65.90740499996173,1345.726308999474,13.0
1778228709,22,,Aggregated,17.600000,0.000000,220,230,230,240,250,320,470,620,1200,1300,1300,13356,0,220.0,186.4063746168028,65.90740499996173,1345.726308999474,13.0
1778228710,22,,Aggregated,17.400000,0.000000,220,230,230,240,250,320,470,620,1200,1300,1300,13372,0,220.0,186.4964708410874,65.90740499996173,1345.726308999474,13.0
1778228711,22,,Aggregated,17.600000,0.000000,220,230,230,240,250,320,470,620,1200,1300,1300,13390,0,220.0,186.68802041650625,65.90740499996173,1345.726308999474,13.0
1778228712,22,,Aggregated,17.800000,0.000000,220,230,230,240,250,320,470,620,1200,1300,1300,13407,0,220.0,186.7771059517431,65.90740499996173,1345.726308999474,13.0
1778228713,22,,Aggregated,17.200000,0.000000,220,230,230,240,250,320,470,620,1200,1300,1300,13426,0,220.0,186.91131579502584,65.90740499996173,1345.726308999474,13.0
1778228714,22,,Aggregated,17.500000,0.000000,220,230,230,240,250,320,470,620,1200,1300,1300,13444,0,220.0,186.98148185317018,65.90740499996173,1345.726308999474,13.0
1778228715,22,,Aggregated,17.500000,0.000000,220,230,230,240,250,320,470,620,1200,1300,1300,13461,0,220.0,187.05893951318765,65.90740499996173,1345.726308999474,13.0
1778228716,22,,Aggregated,17.600000,0.000000,220,230,230,240,250,320,470,620,1200,1300,1300,13477,0,220.0,187.18069663233797,65.90740499996173,1345.726308999474,13.0
1778228717,22,,Aggregated,17.500000,0.000000,220,230,230,240,250,320,470,620,1200,1300,1300,13494,0,220.0,187.25619377679104,65.90740499996173,1345.726308999474,13.0
1778228718,22,,Aggregated,17.500000,0.000000,220,230,230,240,250,320,470,620,1200,1300,1300,13513,0,220.0,187.37101755346845,65.90740499996173,1345.726308999474,13.0
1778228719,22,,Aggregated,17.600000,0.000000,220,230,230,240,250,320,470,620,1200,1300,1300,13529,0,220.0,187.43550604102455,65.90740499996173,1345.726308999474,13.0
1778228720,22,,Aggregated,17.400000,0.000000,220,230,230,240,250,320,470,620,1200,1300,1300,13548,0,220.0,187.54318005321966,65.90740499996173,1345.726308999474,13.0
1778228721,22,,Aggregated,17.400000,0.000000,220,230,230,240,250,320,470,620,1200,1300,1300,13566,0,220.0,187.5949256329811,65.90740499996173,1345.726308999474,13.0
1778228722,22,,Aggregated,17.200000,0.000000,220,230,230,240,250,320,470,620,1200,1300,1300,13583,0,220.0,187.64434689163087,65.90740499996173,1345.726308999474,13.0
1778228723,22,,Aggregated,17.800000,0.000000,220,230,230,240,250,320,470,620,1200,1300,1300,13601,0,220.0,187.70202225064486,65.90740499996173,1345.726308999474,13.0
1778228724,22,,Aggregated,17.500000,0.000000,220,230,230,240,250,320,470,620,1200,1300,1300,13618,0,220.0,187.75892622734764,65.90740499996173,1345.726308999474,13.0
1778228725,22,,Aggregated,17.600000,0.000000,220,230,230,240,250,320,470,620,1200,1300,1300,13637,0,220.0,187.81373426186258,65.90740499996173,1345.726308999474,13.0
1778228726,22,,Aggregated,17.700000,0.000000,220,230,230,240,250,320,470,620,1200,1300,1300,13654,0,220.0,187.87421346968063,65.90740499996173,1345.726308999474,13.0
1778228727,22,,Aggregated,17.700000,0.000000,220,230,230,240,250,320,470,620,1200,1300,1300,13672,0,220.0,187.94088188246192,65.90740499996173,1345.726308999474,13.0
1778228728,22,,Aggregated,17.700000,0.000000,220,230,230,240,250,320,470,620,1200,1300,1300,13690,0,220.0,187.99127616976037,65.90740499996173,1345.726308999474,13.0
1778228729,22,,Aggregated,17.500000,0.000000,220,230,230,240,250,320,470,620,1200,1300,1300,13708,0,220.0,188.06025893040717,65.90740499996173,1345.726308999474,13.0
1778228730,22,,Aggregated,17.800000,0.000000,220,230,230,240,250,320,470,620,1200,1300,1300,13728,0,220.0,188.13278281286566,65.90740499996173,1345.726308999474,13.0
1778228731,22,,Aggregated,17.800000,0.000000,220,230,230,240,250,320,470,620,1200,1300,1300,13745,0,220.0,188.18419935867757,65.90740499996173,1345.726308999474,13.0
1778228732,22,,Aggregated,17.900000,0.000000,220,230,230,240,250,320,470,620,1200,1300,1300,13762,0,220.0,188.2511216175719,65.90740499996173,1345.726308999474,13.0
1778228733,22,,Aggregated,17.700000,0.000000,220,230,230,240,250,320,470,620,1200,1300,1300,13779,0,220.0,188.34147050954536,65.90740499996173,1345.726308999474,13.0
1778228734,22,,Aggregated,17.700000,0.000000,220,230,230,240,250,320,470,620,1200,1300,1300,13797,0,220.0,188.40154074385921,65.90740499996173,1345.726308999474,13.0
1778228735,22,,Aggregated,17.600000,0.000000,220,230,230,240,250,320,470,620,1200,1300,1300,13814,0,220.0,188.47318732756793,65.90740499996173,1345.726308999474,13.0
1778228736,22,,Aggregated,17.600000,0.000000,220,230,230,240,250,320,470,620,1200,1300,1300,13833,0,220.0,188.56771251811074,65.90740499996173,1345.726308999474,13.0
1778228737,22,,Aggregated,17.800000,0.000000,220,230,230,240,250,320,470,620,1200,1300,1300,13850,0,220.0,188.62860310353958,65.90740499996173,1345.726308999474,13.0
1778228738,22,,Aggregated,17.700000,0.000000,220,230,230,240,250,320,470,620,1200,1300,1300,13867,0,220.0,188.7079490711778,65.90740499996173,1345.726308999474,13.0
1778228739,22,,Aggregated,17.700000,0.000000,220,230,230,240,250,320,470,620,1200,1300,1300,13885,0,220.0,188.82685791156075,65.90740499996173,1345.726308999474,13.0
1778228740,22,,Aggregated,17.600000,0.000000,220,230,230,240,250,320,470,620,1200,1300,1300,13903,0,220.0,188.89326015989494,65.90740499996173,1345.726308999474,13.0
1778228741,22,,Aggregated,17.600000,0.000000,220,230,230,240,250,320,470,620,1200,1300,1300,13921,0,220.0,188.94018304626235,65.90740499996173,1345.726308999474,13.0
1778228742,22,,Aggregated,17.700000,0.000000,220,230,230,240,250,320,470,620,1200,1300,1300,13938,0,220.0,189.05287948866538,65.90740499996173,1345.726308999474,13.0
1778228743,22,,Aggregated,17.700000,0.000000,220,230,230,240,250,320,470,620,1200,1300,1300,13958,0,220.0,189.11102915804656,65.90740499996173,1345.726308999474,13.0
1778228744,22,,Aggregated,17.600000,0.000000,220,230,230,240,250,320,470,620,1200,1300,1300,13975,0,220.0,189.17134111921374,65.90740499996173,1345.726308999474,13.0
1778228745,22,,Aggregated,17.800000,0.000000,220,230,230,240,250,320,470,620,1200,1300,1300,13991,0,220.0,189.21139791759083,65.90740499996173,1345.726308999474,13.0
1778228746,22,,Aggregated,17.700000,0.000000,220,230,230,240,250,320,470,620,1200,1300,1300,14010,0,220.0,189.26456002683895,65.90740499996173,1345.726308999474,13.0
1778228747,22,,Aggregated,17.600000,0.000000,220,230,230,240,250,320,470,620,1200,1300,1300,14029,0,220.0,189.31560339418436,65.90740499996173,1345.726308999474,13.0
1778228748,22,,Aggregated,17.600000,0.000000,220,230,230,240,250,320,470,620,1200,1300,1300,14047,0,220.0,189.38154862803535,65.90740499996173,1345.726308999474,13.0
1778228749,22,,Aggregated,17.600000,0.000000,220,230,230,240,250,320,470,620,1200,1300,1300,14064,0,220.0,189.4317798986784,65.90740499996173,1345.726308999474,13.0
1778228750,22,,Aggregated,17.900000,0.000000,220,230,230,240,250,320,470,620,1200,1300,1300,14082,0,220.0,189.4834011523941,65.90740499996173,1345.726308999474,13.0
1778228751,22,,Aggregated,17.800000,0.000000,220,230,230,240,250,320,470,620,1200,1300,1300,14099,0,220.0,189.53394546258696,65.90740499996173,1345.726308999474,13.0
1778228752,22,,Aggregated,17.700000,0.000000,220,230,230,240,250,320,470,620,1200,1300,1300,14118,0,220.0,189.60588218940453,65.90740499996173,1345.726308999474,13.0
1778228753,22,,Aggregated,17.700000,0.000000,220,230,230,240,250,320,470,620,1200,1300,1300,14132,0,220.0,189.6946219925711,65.90740499996173,1345.726308999474,13.0
1778228754,22,,Aggregated,17.900000,0.000000,220,230,230,240,250,320,470,620,1200,1300,1300,14149,0,220.0,189.93792767750472,65.90740499996173,1345.726308999474,13.0
1778228755,22,,Aggregated,17.700000,0.000000,220,230,230,240,250,320,480,620,1200,1300,1300,14168,0,220.0,190.04639157912297,65.90740499996173,1345.726308999474,13.0
1778228756,22,,Aggregated,17.400000,0.000000,220,230,230,240,250,320,480,620,1200,1300,1300,14187,0,220.0,190.0963157884691,65.90740499996173,1345.726308999474,13.0
1778228757,22,,Aggregated,17.400000,0.000000,220,230,230,240,250,320,470,620,1200,1300,1300,14204,0,220.0,190.14220142650052,65.90740499996173,1345.726308999474,13.0
1778228758,22,,Aggregated,17.500000,0.000000,220,230,230,240,250,320,470,620,1200,1300,1300,14220,0,220.0,190.18364270267324,65.90740499996173,1345.726308999474,13.0
1778228759,22,,Aggregated,17.600000,0.000000,220,230,230,240,250,320,470,620,1200,1300,1300,14239,0,220.0,190.2354091394771,65.90740499996173,1345.726308999474,13.0
1778228760,22,,Aggregated,17.300000,0.000000,220,230,230,240,250,320,470,620,1200,1300,1300,14258,0,220.0,190.29013612694726,65.90740499996173,1345.726308999474,13.0
1778228761,22,,Aggregated,17.400000,0.000000,220,230,230,240,250,320,470,620,1200,1300,1300,14276,0,220.0,190.3481294370981,65.90740499996173,1345.726308999474,13.0
1778228762,22,,Aggregated,17.600000,0.000000,220,230,230,240,250,320,470,620,1200,1300,1300,14292,0,220.0,190.40807128960358,65.90740499996173,1345.726308999474,13.0
1778228763,22,,Aggregated,17.600000,0.000000,220,230,230,240,250,320,470,620,1200,1300,1300,14310,0,220.0,190.45638196485086,65.90740499996173,1345.726308999474,13.0
1778228764,22,,Aggregated,17.700000,0.000000,220,230,230,240,250,320,470,620,1200,1300,1300,14328,0,220.0,190.52571149358005,65.90740499996173,1345.726308999474,13.0
1778228765,22,,Aggregated,17.400000,0.000000,220,230,230,240,250,320,470,620,1200,1300,1300,14346,0,220.0,190.57621562805065,65.90740499996173,1345.726308999474,13.0
1778228766,22,,Aggregated,18.000000,0.000000,220,230,230,240,250,320,470,620,1200,1300,1300,14366,0,220.0,190.6305349269814,65.90740499996173,1345.726308999474,13.0
1778228767,22,,Aggregated,17.800000,0.000000,220,230,230,240,250,320,470,620,1200,1300,1300,14383,0,220.0,190.6763680974773,65.90740499996173,1345.726308999474,13.0
1778228768,22,,Aggregated,17.900000,0.000000,220,230,230,240,250,320,470,620,1200,1300,1300,14401,0,220.0,190.72341288598116,65.90740499996173,1345.726308999474,13.0
1778228769,22,,Aggregated,17.900000,0.000000,220,230,230,240,250,320,470,620,1200,1300,1300,14416,0,220.0,190.7630959942436,65.90740499996173,1345.726308999474,13.0
1778228770,22,,Aggregated,17.900000,0.000000,220,230,230,240,250,320,470,620,1200,1300,1300,14438,0,220.0,190.86782831659627,65.90740499996173,1345.726308999474,13.0
1778228771,22,,Aggregated,17.900000,0.000000,220,230,230,240,250,320,470,620,1200,1300,1300,14453,0,220.0,190.92951404054648,65.90740499996173,1345.726308999474,13.0
1778228772,22,,Aggregated,17.600000,0.000000,220,230,230,240,250,320,470,620,1200,1300,1300,14470,0,220.0,191.01101454803162,65.90740499996173,1345.726308999474,13.0
1778228774,22,,Aggregated,18.000000,0.000000,220,230,230,240,250,320,470,620,1200,1300,1300,14487,0,220.0,191.0850844497148,65.90740499996173,1345.726308999474,13.0
1778228775,22,,Aggregated,17.500000,0.000000,220,230,230,240,250,320,470,620,1200,1300,1300,14506,0,220.0,191.29263932166117,65.90740499996173,1345.726308999474,13.0
1778228776,22,,Aggregated,17.800000,0.000000,220,230,230,240,250,320,470,620,1200,1300,1300,14523,0,220.0,191.38793657006264,65.90740499996173,1345.726308999474,13.0
1778228777,22,,Aggregated,17.500000,0.000000,220,230,230,240,250,320,470,620,1200,1300,1300,14539,0,220.0,191.438149979436,65.90740499996173,1345.726308999474,13.0
1778228778,22,,Aggregated,17.800000,0.000000,220,230,230,240,250,320,470,620,1200,1300,1300,14557,0,220.0,191.50207103902022,65.90740499996173,1345.726308999474,13.0
1778228779,22,,Aggregated,17.300000,0.000000,220,230,230,240,250,320,470,620,1200,1300,1300,14576,0,220.0,191.58053815752032,65.90740499996173,1345.726308999474,13.0
1778228780,22,,Aggregated,17.400000,0.000000,220,230,230,240,250,320,470,620,1200,1300,1300,14593,0,220.0,191.6275931781002,65.90740499996173,1345.726308999474,13.0
1778228781,22,,Aggregated,17.400000,0.000000,220,230,230,240,250,320,470,620,1200,1300,1300,14610,0,220.0,191.682558093841,65.90740499996173,1345.726308999474,13.0
1778228782,22,,Aggregated,17.500000,0.000000,220,230,230,240,250,320,470,620,1200,1300,1300,14628,0,220.0,191.74073743984266,65.90740499996173,1345.726308999474,13.0
1778228783,22,,Aggregated,17.500000,0.000000,220,230,230,240,250,320,470,620,1200,1300,1300,14646,0,220.0,191.79305583497296,65.90740499996173,1345.726308999474,13.0
1778228784,22,,Aggregated,17.100000,0.000000,220,230,230,240,250,320,470,620,1200,1300,1300,14663,0,220.0,191.8789691558354,65.90740499996173,1345.726308999474,13.0
1778228785,22,,Aggregated,17.600000,0.000000,220,230,230,240,250,320,480,620,1200,1300,1300,14681,0,220.0,192.04326560268478,65.90740499996173,1345.726308999474,13.0
1778228786,22,,Aggregated,17.600000,0.000000,220,230,230,240,250,320,480,620,1200,1300,1300,14700,0,220.0,192.10551411966082,65.90740499996173,1345.726308999474,13.0
1778228787,22,,Aggregated,17.600000,0.000000,220,230,230,240,250,320,470,620,1200,1300,1300,14715,0,220.0,192.14557403737797,65.90740499996173,1345.726308999474,13.0
1778228788,22,,Aggregated,17.300000,0.000000,220,230,230,240,250,320,470,620,1200,1300,1300,14733,0,220.0,192.21396553444765,65.90740499996173,1345.726308999474,13.0
1778228789,22,,Aggregated,17.600000,0.000000,220,230,230,240,250,320,470,620,1200,1300,1300,14752,0,220.0,192.2982978309394,65.90740499996173,1345.726308999474,13.0
1778228790,22,,Aggregated,17.600000,0.000000,220,230,230,240,250,320,480,620,1200,1300,1300,14766,0,220.0,192.3960692727223,65.90740499996173,1345.726308999474,13.0
1778228791,22,,Aggregated,17.600000,0.000000,220,230,230,240,250,320,480,620,1200,1300,1300,14784,0,220.0,192.56539156419205,65.90740499996173,1345.726308999474,13.0
1778228792,22,,Aggregated,17.600000,0.000000,220,230,230,240,250,320,480,630,1200,1300,1300,14799,0,220.0,192.70919402027292,65.90740499996173,1345.726308999474,13.0
1778228793,22,,Aggregated,17.400000,0.000000,220,230,230,240,250,320,480,630,1200,1300,1300,14818,0,220.0,192.93372932514632,65.90740499996173,1345.726308999474,13.0
1778228794,22,,Aggregated,17.500000,0.000000,220,230,230,240,250,320,480,630,1200,1300,1300,14835,0,220.0,192.9781461061016,65.90740499996173,1345.726308999474,13.0
1778228795,22,,Aggregated,17.200000,0.000000,220,230,230,240,250,320,480,630,1200,1300,1300,14852,0,220.0,193.0161581159451,65.90740499996173,1345.726308999474,13.0
1778228796,22,,Aggregated,17.200000,0.000000,220,230,230,240,250,320,480,630,1200,1300,1300,14869,0,220.0,193.0568860826563,65.90740499996173,1345.726308999474,13.0
1778228797,22,,Aggregated,17.200000,0.000000,220,230,230,240,250,320,480,630,1200,1300,1300,14890,0,220.0,193.1122300634666,65.90740499996173,1345.726308999474,13.0
1778228798,22,,Aggregated,17.200000,0.000000,220,230,230,240,250,320,480,630,1200,1300,1300,14909,0,220.0,193.1581252361673,65.90740499996173,1345.726308999474,13.0
1778228799,22,,Aggregated,17.200000,0.000000,220,230,230,240,250,320,480,630,1200,1300,1300,14922,0,220.0,193.196193719543,65.90740499996173,1345.726308999474,13.0
1778228800,22,,Aggregated,17.400000,0.000000,220,230,230,240,250,320,480,630,1200,1300,1300,14942,0,220.0,193.26152886728812,65.90740499996173,1345.726308999474,13.0
1778228801,22,,Aggregated,17.100000,0.000000,220,230,230,240,250,320,480,630,1200,1300,1300,14960,0,220.0,193.31731097353057,65.90740499996173,1345.726308999474,13.0
1778228802,22,,Aggregated,17.400000,0.000000,220,230,230,240,250,320,480,630,1200,1300,1300,14979,0,220.0,193.36418508058057,65.90740499996173,1345.726308999474,13.0
1778228803,22,,Aggregated,17.300000,0.000000,220,230,230,240,250,320,480,630,1200,1300,1300,14996,0,220.0,193.4344643937063,65.90740499996173,1345.726308999474,13.0
1778228804,22,,Aggregated,17.800000,0.000000,220,230,230,240,250,320,480,630,1200,1300,1300,15012,0,220.0,193.56544757334265,65.90740499996173,1345.726308999474,13.0
1778228805,22,,Aggregated,17.600000,0.000000,220,230,230,240,250,320,480,630,1200,1300,1300,15031,0,220.0,193.60953885423598,65.90740499996173,1345.726308999474,13.0
1778228806,22,,Aggregated,17.500000,0.000000,220,230,230,240,250,320,480,630,1200,1300,1300,15049,0,220.0,193.6513291231989,65.90740499996173,1345.726308999474,13.0
1778228807,22,,Aggregated,17.900000,0.000000,220,230,230,240,250,320,480,630,1200,1300,1300,15066,0,220.0,193.68950458675283,65.90740499996173,1345.726308999474,13.0
1778228808,22,,Aggregated,17.600000,0.000000,220,230,230,240,250,320,480,630,1200,1300,1300,15085,0,220.0,193.73395132727984,65.90740499996173,1345.726308999474,13.0
1778228809,22,,Aggregated,17.600000,0.000000,220,230,230,240,250,320,480,630,1200,1300,1300,15102,0,220.0,193.77101784313433,65.90740499996173,1345.726308999474,13.0
1778228810,22,,Aggregated,17.700000,0.000000,220,230,230,240,250,320,480,630,1200,1300,1300,15120,0,220.0,193.82858069563582,65.90740499996173,1345.726308999474,13.0
1778228811,22,,Aggregated,17.700000,0.000000,220,230,230,240,250,320,480,630,1200,1300,1300,15137,0,220.0,193.86452686906324,65.90740499996173,1345.726308999474,13.0
1778228812,22,,Aggregated,17.900000,0.000000,220,230,230,240,250,320,480,630,1200,1300,1300,15155,0,220.0,193.9055495175196,65.90740499996173,1345.726308999474,13.0
1778228813,22,,Aggregated,17.700000,0.000000,220,230,230,240,250,320,480,630,1200,1300,1300,15175,0,220.0,193.95972450135156,65.90740499996173,1345.726308999474,13.0
1778228814,22,,Aggregated,17.700000,0.000000,220,230,230,240,250,320,480,630,1200,1300,1300,15193,0,220.0,194.00164740709602,65.90740499996173,1345.726308999474,13.0
1778228815,22,,Aggregated,17.800000,0.000000,220,230,230,240,250,320,480,630,1200,1300,1300,15210,0,220.0,194.04143213813353,65.90740499996173,1345.726308999474,13.0
1778228816,22,,Aggregated,18.000000,0.000000,220,230,230,240,250,320,480,630,1200,1300,1300,15227,0,220.0,194.0788353882585,65.90740499996173,1345.726308999474,13.0
1778228817,22,,Aggregated,18.000000,0.000000,220,230,230,240,250,320,480,630,1200,1300,1300,15244,0,220.0,194.12375977079583,65.90740499996173,1345.726308999474,13.0
1778228818,22,,Aggregated,17.900000,0.000000,220,230,230,240,250,320,480,630,1200,1300,1300,15265,0,220.0,194.174774947135,65.90740499996173,1345.726308999474,13.0
1778228819,22,,Aggregated,17.900000,0.000000,220,230,230,240,250,320,480,630,1200,1300,1300,15282,0,220.0,194.23033204325458,65.90740499996173,1345.726308999474,13.0
1778228820,22,,Aggregated,17.900000,0.000000,220,230,230,240,250,320,480,630,1200,1300,1300,15299,0,220.0,194.266971780052,65.90740499996173,1345.726308999474,13.0
1778228821,22,,Aggregated,17.800000,0.000000,220,230,230,240,250,320,480,630,1200,1300,1300,15318,0,220.0,194.31437141728773,65.90740499996173,1345.726308999474,13.0
1778228822,22,,Aggregated,17.800000,0.000000,220,230,230,240,250,320,480,630,1200,1300,1300,15334,0,220.0,194.40448098715342,65.90740499996173,1345.726308999474,13.0
1778228823,22,,Aggregated,17.900000,0.000000,220,230,230,240,250,320,480,630,1200,1300,1300,15351,0,220.0,194.49360595355412,65.90740499996173,1345.726308999474,13.0
1778228824,22,,Aggregated,17.800000,0.000000,220,230,230,240,250,320,480,630,1200,1300,1300,15368,0,220.0,194.6362588993369,65.90740499996173,1345.726308999474,13.0
1778228825,22,,Aggregated,17.500000,0.000000,220,230,230,240,250,320,480,630,1200,1300,1300,15384,0,220.0,194.7032991127801,65.90740499996173,1345.726308999474,13.0
1778228826,22,,Aggregated,17.700000,0.000000,220,230,230,240,250,320,480,630,1200,1300,1300,15403,0,220.0,194.7963040647282,65.90740499996173,1345.726308999474,13.0
1778228827,22,,Aggregated,17.400000,0.000000,220,230,230,240,250,320,480,630,1200,1300,1300,15420,0,220.0,194.85681014059725,65.90740499996173,1345.726308999474,13.0
1778228828,22,,Aggregated,17.700000,0.000000,220,230,230,240,250,320,480,630,1200,1300,1300,15438,0,220.0,194.97494048231695,65.90740499996173,1345.726308999474,13.0
1778228829,22,,Aggregated,17.400000,0.000000,220,230,230,240,250,320,480,630,1200,1300,1300,15456,0,220.0,195.04987648065512,65.90740499996173,1345.726308999474,13.0
1778228830,22,,Aggregated,17.200000,0.000000,220,230,230,240,250,320,480,630,1200,1300,1300,15473,0,220.0,195.0885681817361,65.90740499996173,1345.726308999474,13.0
1778228831,22,,Aggregated,17.400000,0.000000,220,230,230,240,250,320,480,630,1200,1300,1300,15491,0,220.0,195.14418927480483,65.90740499996173,1345.726308999474,13.0
1778228832,22,,Aggregated,17.300000,0.000000,220,230,230,240,250,320,480,630,1200,1300,1300,15509,0,220.0,195.20335544470967,65.90740499996173,1345.726308999474,13.0
1778228833,22,,Aggregated,17.400000,0.000000,220,230,230,240,250,320,480,630,1200,1300,1300,15527,0,220.0,195.24894778540607,65.90740499996173,1345.726308999474,13.0
1778228834,22,,Aggregated,17.500000,0.000000,220,230,230,240,250,320,480,630,1200,1300,1300,15543,0,220.0,195.3118742089687,65.90740499996173,1345.726308999474,13.0
1778228835,22,,Aggregated,17.600000,0.000000,220,230,230,240,250,330,480,630,1200,1300,1300,15560,0,220.0,195.44642273682516,65.90740499996173,1345.726308999474,13.0
1778228836,22,,Aggregated,17.200000,0.000000,220,230,230,240,250,330,480,630,1200,1300,1300,15577,0,220.0,195.57471865038195,65.90740499996173,1345.726308999474,13.0
1778228837,22,,Aggregated,17.500000,0.000000,220,230,230,240,250,330,480,640,1200,1300,1300,15590,0,220.0,195.74898957973062,65.90740499996173,1345.726308999474,13.0
1778228838,22,,Aggregated,17.200000,0.000000,220,230,230,240,250,330,490,640,1200,1300,1300,15608,0,220.0,196.0516952951053,65.90740499996173,1345.726308999474,13.0
1778228839,22,,Aggregated,17.000000,0.000000,220,230,230,240,250,330,490,640,1200,1300,1300,15626,0,220.0,196.10181416472577,65.90740499996173,1345.726308999474,13.0
1778228840,22,,Aggregated,17.000000,0.000000,220,230,230,240,250,330,490,640,1200,1300,1300,15644,0,220.0,196.1408236768732,65.90740499996173,1345.726308999474,13.0
1778228841,22,,Aggregated,17.100000,0.000000,220,230,230,240,250,330,490,640,1200,1300,1300,15663,0,220.0,196.17865341582092,65.90740499996173,1345.726308999474,13.0
1778228842,22,,Aggregated,17.100000,0.000000,220,230,230,240,250,330,490,640,1200,1300,1300,15680,0,220.0,196.21130708278088,65.90740499996173,1345.726308999474,13.0
1778228843,22,,Aggregated,17.300000,0.000000,220,230,230,240,250,330,490,640,1200,1300,1300,15698,0,220.0,196.24666386622528,65.90740499996173,1345.726308999474,13.0
1778228844,22,,Aggregated,16.900000,0.000000,220,230,230,240,250,330,490,640,1200,1300,1300,15716,0,220.0,196.30792487986795,65.90740499996173,1345.726308999474,13.0
1778228845,22,,Aggregated,17.100000,0.000000,220,230,230,240,250,330,490,640,1200,1300,1300,15734,0,220.0,196.3388402218129,65.90740499996173,1345.726308999474,13.0
1778228846,22,,Aggregated,17.300000,0.000000,220,230,230,240,250,330,480,640,1200,1300,1300,15752,0,220.0,196.3732678272603,65.90740499996173,1345.726308999474,13.0
1778228847,22,,Aggregated,17.300000,0.000000,220,230,230,240,250,330,480,640,1200,1300,1300,15769,0,220.0,196.4068143121317,65.90740499996173,1345.726308999474,13.0
1778228848,22,,Aggregated,17.400000,0.000000,220,230,230,240,250,330,480,640,1200,1300,1300,15787,0,220.0,196.45102194045765,65.90740499996173,1345.726308999474,13.0
1778228849,22,,Aggregated,17.700000,0.000000,220,230,230,240,250,330,480,640,1200,1300,1300,15805,0,220.0,196.4906713999371,65.90740499996173,1345.726308999474,13.0
1778228850,22,,Aggregated,17.800000,0.000000,220,230,230,240,250,330,480,640,1200,1300,1300,15822,0,220.0,196.5211106410699,65.90740499996173,1345.726308999474,13.0
1778228851,22,,Aggregated,17.800000,0.000000,220,230,230,240,250,330,480,640,1200,1300,1300,15842,0,220.0,196.5613274417375,65.90740499996173,1345.726308999474,13.0
1778228852,22,,Aggregated,17.900000,0.000000,220,230,230,240,250,330,480,640,1200,1300,1300,15860,0,220.0,196.59289690460312,65.90740499996173,1345.726308999474,13.0
1778228853,22,,Aggregated,17.700000,0.000000,220,230,230,240,250,330,480,640,1200,1300,1300,15877,0,220.0,196.62321069868403,65.90740499996173,1345.726308999474,13.0
1778228854,22,,Aggregated,17.900000,0.000000,220,230,230,240,250,320,480,640,1200,1300,1300,15895,0,220.0,196.65973539943423,65.90740499996173,1345.726308999474,13.0
1778228855,22,,Aggregated,17.900000,0.000000,220,230,230,240,250,320,480,640,1200,1300,1300,15912,0,220.0,196.6899462313352,65.90740499996173,1345.726308999474,13.0
1778228856,22,,Aggregated,17.800000,0.000000,220,230,230,240,250,320,480,640,1200,1300,1300,15932,0,220.0,196.73836255774577,65.90740499996173,1345.726308999474,13.0
1778228857,22,,Aggregated,18.000000,0.000000,220,230,230,240,250,320,480,640,1200,1300,1300,15949,0,220.0,196.7695177337141,65.90740499996173,1345.726308999474,13.0
1778228858,22,,Aggregated,18.000000,0.000000,220,230,230,240,250,320,480,640,1200,1300,1300,15967,0,220.0,196.82436126385707,65.90740499996173,1345.726308999474,13.0
1778228859,22,,Aggregated,17.900000,0.000000,220,230,230,240,250,320,480,640,1200,1300,1300,15984,0,220.0,196.85664450437972,65.90740499996173,1345.726308999474,13.0
1778228860,22,,Aggregated,17.900000,0.000000,220,230,230,240,250,320,480,640,1200,1300,1300,16002,0,220.0,196.88803719772568,65.90740499996173,1345.726308999474,13.0
1778228861,22,,Aggregated,18.000000,0.000000,220,230,230,240,250,320,480,640,1200,1300,1300,16020,0,220.0,196.93957201042468,65.90740499996173,1345.726308999474,13.0
1778228862,22,,Aggregated,17.800000,0.000000,220,230,230,240,250,320,480,640,1200,1300,1300,16039,0,220.0,196.97377400773124,65.90740499996173,1345.726308999474,13.0
1778228863,22,,Aggregated,18.000000,0.000000,220,230,230,240,250,320,480,640,1200,1300,1300,16056,0,220.0,197.02783412892362,65.90740499996173,1345.726308999474,13.0
1778228864,22,,Aggregated,17.900000,0.000000,220,230,230,240,250,320,480,640,1200,1300,1300,16072,0,220.0,197.07441357547276,65.90740499996173,1345.726308999474,13.0
1778228865,22,,Aggregated,17.500000,0.000000,220,230,230,240,250,320,480,640,1200,1300,1300,16091,0,220.0,197.1124525233982,65.90740499996173,1345.726308999474,13.0
1778228866,22,,Aggregated,17.700000,0.000000,220,230,230,240,250,320,480,640,1200,1300,1300,16107,0,220.0,197.18241301440364,65.90740499996173,1345.726308999474,13.0
1778228867,22,,Aggregated,17.700000,0.000000,220,230,230,240,250,330,480,640,1200,1300,1300,16126,0,220.0,197.3957058126008,65.90740499996173,1345.726308999474,13.0
1778228868,22,,Aggregated,17.800000,0.000000,220,230,230,240,250,330,480,640,1200,1300,1300,16142,0,220.0,197.44751150755806,65.90740499996173,1345.726308999474,13.0
1778228869,22,,Aggregated,17.500000,0.000000,220,230,230,240,250,330,480,640,1200,1300,1300,16159,0,220.0,197.49408621721668,65.90740499996173,1345.726308999474,13.0
1778228870,22,,Aggregated,17.400000,0.000000,220,230,230,240,250,330,480,640,1200,1300,1300,16177,0,220.0,197.55490220930983,65.90740499996173,1345.726308999474,13.0
1778228871,22,,Aggregated,17.600000,0.000000,220,230,230,240,250,330,480,640,1200,1300,1300,16195,0,220.0,197.6106887810439,65.90740499996173,1345.726308999474,13.0
1778228872,22,,Aggregated,17.500000,0.000000,220,230,230,240,250,330,480,630,1200,1300,1300,16213,0,220.0,197.6470621823849,65.90740499996173,1345.726308999474,13.0
1778228873,22,,Aggregated,17.200000,0.000000,220,230,230,240,250,330,480,630,1200,1300,1300,16231,0,220.0,197.69938389908228,65.90740499996173,1345.726308999474,13.0
1778228874,22,,Aggregated,17.400000,0.000000,220,230,230,240,250,330,480,630,1200,1300,1300,16248,0,220.0,197.74559175412386,65.90740499996173,1345.726308999474,13.0
1778228875,22,,Aggregated,17.800000,0.000000,220,230,230,240,250,330,480,630,1200,1300,1300,16267,0,220.0,197.7856592476797,65.90740499996173,1345.726308999474,13.0
1778228876,22,,Aggregated,17.600000,0.000000,220,230,230,240,250,330,480,630,1200,1300,1300,16286,0,220.0,197.82045357687636,65.90740499996173,1345.726308999474,13.0
1778228877,22,,Aggregated,17.400000,0.000000,220,230,230,240,250,330,480,630,1200,1300,1300,16303,0,220.0,197.85302934686908,65.90740499996173,1345.726308999474,13.0
1778228878,22,,Aggregated,17.300000,0.000000,220,230,230,240,250,330,480,630,1200,1300,1300,16320,0,220.0,197.894597424694,65.90740499996173,1345.726308999474,13.0
1778228879,22,,Aggregated,17.800000,0.000000,220,230,230,240,250,330,480,630,1200,1300,1300,16339,0,220.0,197.9428697516375,65.90740499996173,1345.726308999474,13.0
1778228880,22,,Aggregated,17.800000,0.000000,220,230,230,240,250,330,480,630,1200,1300,1300,16355,0,220.0,197.9984148988691,65.90740499996173,1345.726308999474,13.0
1778228881,22,,Aggregated,17.800000,0.000000,220,230,230,240,250,330,480,630,1200,1300,1300,16373,0,220.0,198.0805741668605,65.90740499996173,1345.726308999474,13.0
1778228882,22,,Aggregated,17.700000,0.000000,220,230,230,240,250,330,480,630,1200,1300,1300,16390,0,220.0,198.1118872861505,65.90740499996173,1345.726308999474,13.0
1778228883,22,,Aggregated,17.900000,0.000000,220,230,230,240,250,330,480,630,1200,1300,1300,16410,0,220.0,198.14876016849536,65.90740499996173,1345.726308999474,13.0
1778228884,22,,Aggregated,17.800000,0.000000,220,230,230,240,250,330,480,630,1200,1300,1300,16428,0,220.0,198.182479101291,65.90740499996173,1345.726308999474,13.0
1778228885,22,,Aggregated,17.700000,0.000000,220,230,230,240,250,330,480,630,1200,1300,1300,16445,0,220.0,198.21953337148125,65.90740499996173,1345.726308999474,13.0
1778228886,22,,Aggregated,17.800000,0.000000,220,230,230,240,250,330,480,630,1200,1300,1300,16463,0,220.0,198.25414858270113,65.90740499996173,1345.726308999474,13.0
1778228887,22,,Aggregated,17.800000,0.000000,220,230,230,240,250,330,480,630,1200,1300,1300,16479,0,220.0,198.3055462251963,65.90740499996173,1345.726308999474,13.0
1778228888,22,,Aggregated,17.800000,0.000000,220,230,230,240,250,330,480,630,1200,1300,1300,16497,0,220.0,198.34091990646849,65.90740499996173,1345.726308999474,13.0
1778228889,22,,Aggregated,17.800000,0.000000,220,230,230,240,250,330,480,630,1200,1300,1300,16516,0,220.0,198.46949628881143,65.90740499996173,1345.726308999474,13.0
1778228890,22,,Aggregated,17.900000,0.000000,220,230,230,240,250,330,480,630,1200,1300,1300,16533,0,220.0,198.49790027381655,65.90740499996173,1345.726308999474,13.0
1778228891,22,,Aggregated,17.500000,0.000000,220,230,230,240,250,330,480,630,1200,1300,1300,16551,0,220.0,198.52909397969967,65.90740499996173,1345.726308999474,13.0
1778228892,22,,Aggregated,17.600000,0.000000,220,230,230,240,250,330,480,630,1200,1300,1300,16569,0,220.0,198.55899403283294,65.90740499996173,1345.726308999474,13.0
1778228893,22,,Aggregated,17.500000,0.000000,220,230,230,240,250,330,480,630,1200,1300,1300,16587,0,220.0,198.59106119563555,65.90740499996173,1345.726308999474,13.0
1778228894,22,,Aggregated,17.700000,0.000000,220,230,230,240,250,330,480,630,1200,1300,1300,16605,0,220.0,198.6269259125568,65.90740499996173,1345.726308999474,13.0
1778228895,22,,Aggregated,17.900000,0.000000,220,230,230,240,250,330,480,630,1200,1300,1300,16622,0,220.0,198.66125437083426,65.90740499996173,1345.726308999474,13.0
1778228896,22,,Aggregated,17.800000,0.000000,220,230,230,240,250,330,480,630,1200,1300,1300,16641,0,220.0,198.69395086659486,65.90740499996173,1345.726308999474,13.0
1778228897,22,,Aggregated,17.800000,0.000000,220,230,230,240,250,330,480,630,1200,1300,1300,16658,0,220.0,198.72708536619064,65.90740499996173,1345.726308999474,13.0
1778228898,22,,Aggregated,17.600000,0.000000,220,230,230,240,250,330,480,630,1200,1300,1300,16675,0,220.0,198.75951696965527,65.90740499996173,1345.726308999474,13.0
1778228899,22,,Aggregated,17.800000,0.000000,220,230,230,240,250,330,480,630,1200,1300,1300,16694,0,220.0,198.80134806894716,65.90740499996173,1345.726308999474,13.0
1778228900,22,,Aggregated,17.800000,0.000000,220,230,230,240,250,330,480,630,1200,1300,1300,16712,0,220.0,198.84634606791545,65.90740499996173,1345.726308999474,13.0
1778228901,22,,Aggregated,17.800000,0.000000,220,230,230,240,250,330,480,630,1200,1300,1300,16731,0,220.0,198.88085479660526,65.90740499996173,1345.726308999474,13.0
1778228902,22,,Aggregated,17.900000,0.000000,220,230,230,240,250,330,480,630,1200,1300,1300,16748,0,220.0,198.91257914365917,65.90740499996173,1345.726308999474,13.0
1778228903,22,,Aggregated,18.000000,0.000000,220,230,230,240,250,330,480,630,1200,1300,1300,16764,0,220.0,198.96772312019817,65.90740499996173,1345.726308999474,13.0
1778228904,22,,Aggregated,17.800000,0.000000,220,230,230,240,250,330,480,630,1200,1300,1300,16784,0,220.0,199.0409984533485,65.90740499996173,1345.726308999474,13.0
1778228905,22,,Aggregated,17.700000,0.000000,220,230,230,240,250,330,480,630,1200,1300,1300,16800,0,220.0,199.08966577511893,65.90740499996173,1345.726308999474,13.0
1778228906,22,,Aggregated,17.600000,0.000000,220,230,230,240,250,330,480,630,1200,1300,1300,16818,0,220.0,199.18088830776546,65.90740499996173,1345.726308999474,13.0
1778228907,22,,Aggregated,17.700000,0.000000,220,230,230,240,250,330,480,630,1200,1300,1300,16836,0,220.0,199.2637735258969,65.90740499996173,1345.726308999474,13.0
1778228908,22,,Aggregated,17.800000,0.000000,220,230,230,240,250,330,480,630,1200,1300,1300,16854,0,220.0,199.30948939693843,65.90740499996173,1345.726308999474,13.0
1778228909,22,,Aggregated,17.500000,0.000000,220,230,230,240,250,330,480,630,1200,1300,1300,16870,0,220.0,199.35439666680503,65.90740499996173,1345.726308999474,13.0
1778228910,22,,Aggregated,17.400000,0.000000,220,230,230,240,250,330,480,630,1200,1300,1300,16888,0,220.0,199.389630372158,65.90740499996173,1345.726308999474,13.0
1778228911,22,,Aggregated,17.600000,0.000000,220,230,230,240,250,330,480,630,1200,1300,1300,16907,0,220.0,199.43272575235133,65.90740499996173,1345.726308999474,13.0
1778228912,22,,Aggregated,17.700000,0.000000,220,230,230,240,250,330,480,630,1200,1300,1300,16924,0,220.0,199.48303651778556,65.90740499996173,1345.726308999474,13.0
1778228913,22,,Aggregated,17.600000,0.000000,220,230,230,240,250,330,480,630,1200,1300,1300,16941,0,220.0,199.52726348645325,65.90740499996173,1345.726308999474,13.0
1778228914,22,,Aggregated,17.500000,0.000000,220,230,230,240,250,330,480,630,1200,1300,1300,16959,0,220.0,199.62655405460234,65.90740499996173,1345.726308999474,13.0
1778228915,22,,Aggregated,17.500000,0.000000,220,230,230,240,250,330,480,630,1200,1300,1300,16977,0,220.0,199.66506628579842,65.90740499996173,1345.726308999474,13.0
1778228916,22,,Aggregated,17.500000,0.000000,220,230,230,240,250,330,480,630,1200,1300,1300,16994,0,220.0,199.6968225471931,65.90740499996173,1345.726308999474,13.0
1778228917,22,,Aggregated,17.400000,0.000000,220,230,230,240,250,330,480,630,1100,1300,1300,17012,0,220.0,199.74039272484143,65.90740499996173,1345.726308999474,13.0
1778228918,22,,Aggregated,17.700000,0.000000,220,230,230,240,250,330,480,630,1100,1300,1300,17031,0,220.0,199.82301156291481,65.90740499996173,1345.726308999474,13.0
1778228919,22,,Aggregated,17.600000,0.000000,220,230,230,240,250,330,480,630,1100,1300,1300,17047,0,220.0,199.8466635852644,65.90740499996173,1345.726308999474,13.0
1778228920,22,,Aggregated,17.600000,0.000000,220,230,230,240,250,330,480,630,1100,1300,1300,17065,0,220.0,199.88963725590406,65.90740499996173,1345.726308999474,13.0
1778228921,22,,Aggregated,17.600000,0.000000,220,230,230,240,250,330,480,630,1100,1300,1300,17083,0,220.0,199.92617858924106,65.90740499996173,1345.726308999474,13.0
1778228922,22,,Aggregated,17.700000,0.000000,220,230,230,240,250,330,480,620,1100,1300,1300,17103,0,220.0,199.96315343302376,65.90740499996173,1345.726308999474,13.0
1778228923,22,,Aggregated,17.700000,0.000000,220,230,230,240,250,330,480,620,1100,1300,1300,17120,0,220.0,200.00656567745352,65.90740499996173,1345.726308999474,13.0
1778228924,22,,Aggregated,17.500000,0.000000,220,230,230,240,250,330,480,620,1100,1300,1300,17135,0,220.0,200.02991984557943,65.90740499996173,1345.726308999474,13.0
1778228925,22,,Aggregated,17.700000,0.000000,220,230,230,240,250,330,480,620,1100,1300,1300,17155,0,220.0,200.0887304170213,65.90740499996173,1345.726308999474,13.0
1778228926,22,,Aggregated,17.900000,0.000000,220,230,230,240,250,330,480,620,1100,1300,1300,17173,0,220.0,200.1496953517731,65.90740499996173,1345.726308999474,13.0
1778228927,22,,Aggregated,17.900000,0.000000,220,230,230,240,250,330,480,620,1100,1300,1300,17190,0,220.0,200.18000681925537,65.90740499996173,1345.726308999474,13.0
1778228928,22,,Aggregated,17.500000,0.000000,220,230,230,240,250,330,480,620,1100,1300,1300,17207,0,220.0,200.22423730574772,65.90740499996173,1345.726308999474,13.0
1778228929,22,,Aggregated,17.700000,0.000000,220,230,230,240,250,330,480,620,1100,1300,1300,17224,0,220.0,200.28165761745242,65.90740499996173,1345.726308999474,13.0
1778228930,22,,Aggregated,17.900000,0.000000,220,230,230,240,250,330,480,620,1100,1300,1300,17242,0,220.0,200.36658479120757,65.90740499996173,1345.726308999474,13.0
1778228931,22,,Aggregated,17.700000,0.000000,220,230,230,240,250,330,480,620,1100,1300,1300,17260,0,220.0,200.4095802382388,65.90740499996173,1345.726308999474,13.0
1778228932,22,,Aggregated,17.400000,0.000000,220,230,230,240,250,330,480,620,1100,1300,1300,17277,0,220.0,200.45806453313656,65.90740499996173,1345.726308999474,13.0
1778228933,22,,Aggregated,17.500000,0.000000,220,230,230,240,250,330,480,620,1100,1300,1300,17295,0,220.0,200.48633834651648,65.90740499996173,1345.726308999474,13.0
1778228934,22,,Aggregated,17.700000,0.000000,220,230,230,240,250,330,480,620,1100,1300,1300,17313,0,220.0,200.51725986230005,65.90740499996173,1345.726308999474,13.0
1778228935,22,,Aggregated,17.500000,0.000000,220,230,230,240,250,330,480,620,1100,1300,1300,17332,0,220.0,200.5536626290677,65.90740499996173,1345.726308999474,13.0
1778228936,22,,Aggregated,17.600000,0.000000,220,230,230,240,250,330,480,620,1100,1300,1300,17350,0,220.0,200.58390649746408,65.90740499996173,1345.726308999474,13.0
1778228937,22,,Aggregated,17.600000,0.000000,220,230,230,240,250,330,480,620,1100,1300,1300,17367,0,220.0,200.62273688207526,65.90740499996173,1345.726308999474,13.0
1778228938,22,,Aggregated,17.700000,0.000000,220,230,230,240,250,330,480,620,1100,1300,1300,17384,0,220.0,200.67222118206394,65.90740499996173,1345.726308999474,13.0
1778228939,22,,Aggregated,17.700000,0.000000,220,230,230,240,250,330,480,620,1100,1300,1300,17402,0,220.0,200.7152904570163,65.90740499996173,1345.726308999474,13.0
1778228940,22,,Aggregated,17.600000,0.000000,220,230,230,240,250,330,480,620,1100,1300,1300,17421,0,220.0,200.75542497853147,65.90740499996173,1345.726308999474,13.0
1778228941,22,,Aggregated,17.900000,0.000000,220,230,230,240,250,330,480,620,1100,1300,1300,17440,0,220.0,200.79024292517178,65.90740499996173,1345.726308999474,13.0
1778228942,22,,Aggregated,17.900000,0.000000,220,230,230,240,250,330,480,620,1100,1300,1300,17456,0,220.0,200.8170372531506,65.90740499996173,1345.726308999474,13.0
1778228943,22,,Aggregated,17.700000,0.000000,220,230,230,240,250,330,480,620,1100,1300,1300,17472,0,220.0,200.84733003840412,65.90740499996173,1345.726308999474,13.0
1778228944,22,,Aggregated,17.800000,0.000000,220,230,230,240,250,330,480,620,1100,1300,1300,17491,0,220.0,200.88244099336782,65.90740499996173,1345.726308999474,13.0
1778228945,22,,Aggregated,17.900000,0.000000,220,230,230,240,250,330,480,620,1100,1300,1300,17511,0,220.0,200.9336626628975,65.90740499996173,1345.726308999474,13.0
1778228946,22,,Aggregated,17.900000,0.000000,220,230,230,240,250,330,480,620,1100,1300,1300,17527,0,220.0,200.96071077263653,65.90740499996173,1345.726308999474,13.0
1778228947,22,,Aggregated,17.700000,0.000000,220,230,230,240,250,330,480,620,1100,1300,1300,17545,0,220.0,200.99215312846968,65.90740499996173,1345.726308999474,13.0
1778228948,22,,Aggregated,17.700000,0.000000,220,230,230,240,250,330,480,620,1100,1300,1300,17562,0,220.0,201.02219049413503,65.90740499996173,1345.726308999474,13.0
1778228949,22,,Aggregated,17.700000,0.000000,220,230,230,240,250,330,480,620,1100,1300,1300,17582,0,220.0,201.05646766039132,65.90740499996173,1345.726308999474,13.0
1778228950,22,,Aggregated,17.900000,0.000000,220,230,230,240,250,330,480,620,1100,1300,1300,17600,0,220.0,201.09395121267045,65.90740499996173,1345.726308999474,13.0
1778228951,22,,Aggregated,17.600000,0.000000,220,230,230,240,250,330,470,620,1100,1300,1300,17616,0,220.0,201.11619614299508,65.90740499996173,1345.726308999474,13.0
1778228952,22,,Aggregated,17.700000,0.000000,220,230,230,240,250,330,470,620,1100,1300,1300,17634,0,220.0,201.15024982669846,65.90740499996173,1345.726308999474,13.0
1778228953,22,,Aggregated,17.900000,0.000000,220,230,230,240,250,330,470,620,1100,1300,1300,17654,0,220.0,201.18111558989466,65.90740499996173,1345.726308999474,13.0
1778228954,22,,Aggregated,18.000000,0.000000,220,230,230,240,250,330,470,620,1100,1300,1300,17670,0,220.0,201.23718184046416,65.90740499996173,1345.726308999474,13.0
1778228955,22,,Aggregated,17.900000,0.000000,220,230,230,240,250,330,470,620,1100,1300,1300,17688,0,220.0,201.2626963550432,65.90740499996173,1345.726308999474,13.0
1778228956,22,,Aggregated,17.700000,0.000000,220,230,230,240,250,330,470,620,1100,1300,1300,17706,0,220.0,201.28933036450945,65.90740499996173,1345.726308999474,13.0
1778228957,22,,Aggregated,17.700000,0.000000,220,230,230,240,250,330,470,620,1100,1300,1300,17725,0,220.0,201.31802688609346,65.90740499996173,1345.726308999474,13.0
1778228958,22,,Aggregated,18.000000,0.000000,220,230,230,240,250,330,470,620,1100,1300,1300,17741,0,220.0,201.3520529689426,65.90740499996173,1345.726308999474,13.0
1778228959,22,,Aggregated,17.900000,0.000000,220,230,230,240,250,330,470,620,1100,1300,1300,17758,0,220.0,201.39274981152215,65.90740499996173,1345.726308999474,13.0
1778228960,22,,Aggregated,17.700000,0.000000,220,230,230,240,250,330,470,620,1100,1300,1300,17774,0,220.0,201.46365281962474,65.90740499996173,1345.726308999474,13.0
1778228961,22,,Aggregated,17.900000,0.000000,220,230,230,240,250,330,480,620,1100,1300,1300,17787,0,220.0,201.65240603733122,65.90740499996173,1345.726308999474,13.0
1778228962,22,,Aggregated,17.700000,0.000000,220,230,230,240,250,330,480,630,1200,1400,1400,17803,0,220.0,201.95857697595955,65.90740499996173,1400.4553429995212,13.0
1778228963,22,,Aggregated,17.300000,0.000000,220,230,230,240,250,330,480,640,1200,1400,1400,17820,0,220.0,202.2190609584179,65.90740499996173,1400.4553429995212,13.0
1778228964,22,,Aggregated,16.800000,0.000000,220,230,230,240,250,330,480,640,1200,1400,1400,17837,0,220.0,202.3932786513993,65.90740499996173,1400.4553429995212,13.0
1778228965,22,,Aggregated,16.600000,0.000000,220,230,230,240,250,330,480,640,1200,1400,1400,17854,0,220.0,202.4212543874207,65.90740499996173,1400.4553429995212,13.0
1778228966,22,,Aggregated,16.500000,0.000000,220,230,230,240,250,330,480,640,1200,1400,1400,17870,0,220.0,202.44138501343065,65.90740499996173,1400.4553429995212,13.0
1778228967,22,,Aggregated,16.800000,0.000000,220,230,230,240,250,330,480,640,1200,1400,1400,17890,0,220.0,202.47798635869222,65.90740499996173,1400.4553429995212,13.0
1778228968,22,,Aggregated,16.600000,0.000000,220,230,230,240,250,330,480,640,1200,1400,1400,17910,0,220.0,202.53039162479078,65.90740499996173,1400.4553429995212,13.0
1778228969,22,,Aggregated,16.600000,0.000000,220,230,230,240,250,330,480,640,1200,1400,1400,17927,0,220.0,202.55441514073752,65.90740499996173,1400.4553429995212,13.0
1778228970,22,,Aggregated,16.400000,0.000000,220,230,230,240,250,330,480,640,1200,1400,1400,17944,0,220.0,202.57707520536118,65.90740499996173,1400.4553429995212,13.0
1778228971,22,,Aggregated,16.400000,0.000000,220,230,230,240,250,330,480,640,1200,1400,1400,17962,0,220.0,202.6137986605055,65.90740499996173,1400.4553429995212,13.0
1778228972,22,,Aggregated,16.800000,0.000000,220,230,230,240,250,330,480,640,1200,1400,1400,17980,0,220.0,202.64496190695226,65.90740499996173,1400.4553429995212,13.0
1778228973,22,,Aggregated,17.200000,0.000000,220,230,230,240,250,330,480,640,1200,1400,1400,17998,0,220.0,202.6695109062118,65.90740499996173,1400.4553429995212,13.0
1778228974,22,,Aggregated,17.500000,0.000000,220,230,230,240,250,330,480,640,1200,1400,1400,18016,0,220.0,202.6992583838808,65.90740499996173,1400.4553429995212,13.0
1778228975,22,,Aggregated,17.600000,0.000000,220,230,230,240,250,330,480,640,1200,1400,1400,18033,0,220.0,202.72138602656227,65.90740499996173,1400.4553429995212,13.0
1778228976,22,,Aggregated,17.800000,0.000000,220,230,230,240,250,330,480,640,1200,1400,1400,18050,0,220.0,202.745025896011,65.90740499996173,1400.4553429995212,13.0
1778228977,22,,Aggregated,17.900000,0.000000,220,230,230,240,250,330,480,640,1200,1400,1400,18068,0,220.0,202.77057211788792,65.90740499996173,1400.4553429995212,13.0
1778228978,22,,Aggregated,17.900000,0.000000,220,230,230,240,250,330,480,640,1200,1400,1400,18089,0,220.0,202.79959083155512,65.90740499996173,1400.4553429995212,13.0
1778228979,22,,Aggregated,17.700000,0.000000,220,230,230,240,250,330,480,640,1200,1400,1400,18106,0,220.0,202.8252719237271,65.90740499996173,1400.4553429995212,13.0
1778228980,22,,Aggregated,18.000000,0.000000,220,230,230,240,250,330,480,640,1200,1400,1400,18121,0,220.0,202.84687419209757,65.90740499996173,1400.4553429995212,13.0
1778228981,22,,Aggregated,18.000000,0.000000,220,230,230,240,250,330,480,640,1200,1400,1400,18140,0,220.0,202.90356112723268,65.90740499996173,1400.4553429995212,13.0
1778228982,22,,Aggregated,17.800000,0.000000,220,230,230,240,250,330,480,640,1200,1400,1400,18158,0,220.0,202.92760201993622,65.90740499996173,1400.4553429995212,13.0
1778228983,22,,Aggregated,17.800000,0.000000,220,230,230,240,250,330,480,640,1200,1400,1400,18178,0,220.0,202.99083847337448,65.90740499996173,1400.4553429995212,13.0
1778228984,22,,Aggregated,17.800000,0.000000,220,230,230,240,250,330,480,640,1200,1400,1400,18194,0,220.0,203.0126206979775,65.90740499996173,1400.4553429995212,13.0
1778228985,22,,Aggregated,17.700000,0.000000,220,230,230,240,250,330,480,640,1200,1400,1400,18210,0,220.0,203.05028121768268,65.90740499996173,1400.4553429995212,13.0
1778228986,22,,Aggregated,17.900000,0.000000,220,230,230,240,250,330,480,640,1200,1400,1400,18229,0,220.0,203.08259603494434,65.90740499996173,1400.4553429995212,13.0
1778228987,22,,Aggregated,17.600000,0.000000,220,230,230,240,250,330,480,640,1200,1400,1400,18248,0,220.0,203.1113055559514,65.90740499996173,1400.4553429995212,13.0
1778228988,22,,Aggregated,17.800000,0.000000,220,230,230,240,250,330,480,640,1200,1400,1400,18266,0,220.0,203.13691787446635,65.90740499996173,1400.4553429995212,13.0
1778228989,22,,Aggregated,17.800000,0.000000,220,230,230,240,250,330,480,640,1200,1400,1400,18284,0,220.0,203.1751308364693,65.90740499996173,1400.4553429995212,13.0
1778228990,22,,Aggregated,17.700000,0.000000,220,230,230,240,250,330,480,640,1200,1400,1400,18300,0,220.0,203.19644297371605,65.90740499996173,1400.4553429995212,13.0
1778228991,22,,Aggregated,17.900000,0.000000,230,230,230,240,250,330,480,630,1200,1400,1400,18319,0,230.0,203.23177519160433,65.90740499996173,1400.4553429995212,13.0
1778228992,22,,Aggregated,17.800000,0.000000,230,230,230,240,250,330,480,630,1200,1400,1400,18338,0,230.0,203.2581625755808,65.90740499996173,1400.4553429995212,13.0
1778228993,22,,Aggregated,17.800000,0.000000,230,230,230,240,250,330,480,630,1200,1400,1400,18355,0,230.0,203.2943711566876,65.90740499996173,1400.4553429995212,13.0
1778228994,22,,Aggregated,17.700000,0.000000,230,230,230,240,250,330,480,630,1200,1400,1400,18370,0,230.0,203.3766529501362,65.90740499996173,1400.4553429995212,13.0
1778228995,22,,Aggregated,17.900000,0.000000,230,230,230,240,250,330,480,640,1200,1400,1400,18387,0,230.0,203.45782741572856,65.90740499996173,1400.4553429995212,13.0
1778228996,22,,Aggregated,17.700000,0.000000,230,230,230,240,250,330,480,640,1200,1400,1400,18407,0,230.0,203.489302343891,65.90740499996173,1400.4553429995212,13.0
1778228997,22,,Aggregated,17.800000,0.000000,230,230,230,240,250,330,480,640,1200,1400,1400,18424,0,230.0,203.55479222058187,65.90740499996173,1400.4553429995212,13.0
1778228998,22,,Aggregated,17.600000,0.000000,230,230,230,240,250,330,480,640,1200,1400,1400,18441,0,230.0,203.6474401745568,65.90740499996173,1400.4553429995212,13.0
1778228999,22,,Aggregated,17.600000,0.000000,230,230,230,240,250,330,480,640,1200,1400,1400,18457,0,230.0,203.68545549953976,65.90740499996173,1400.4553429995212,13.0
1778229000,22,,Aggregated,17.600000,0.000000,230,230,230,240,250,330,480,640,1200,1400,1400,18475,0,230.0,203.80165032725327,65.90740499996173,1400.4553429995212,13.0
1778229001,22,,Aggregated,17.400000,0.000000,230,230,230,240,250,330,480,640,1200,1400,1400,18492,0,230.0,203.8801330552132,65.90740499996173,1400.4553429995212,13.0
1778229002,22,,Aggregated,17.200000,0.000000,230,230,230,240,250,330,480,640,1200,1400,1400,18510,0,230.0,203.93737884051873,65.90740499996173,1400.4553429995212,13.0
1778229003,22,,Aggregated,17.200000,0.000000,230,230,230,240,250,330,480,640,1200,1400,1400,18527,0,230.0,203.9568051307282,65.90740499996173,1400.4553429995212,13.0
1778229004,22,,Aggregated,17.300000,0.000000,230,230,230,240,250,330,480,640,1200,1400,1400,18546,0,230.0,203.97814545691796,65.90740499996173,1400.4553429995212,13.0
1778229005,22,,Aggregated,17.300000,0.000000,230,230,230,240,250,330,480,640,1200,1400,1400,18564,0,230.0,204.03113148755662,65.90740499996173,1400.4553429995212,13.0
1778229006,22,,Aggregated,17.400000,0.000000,230,230,230,240,250,330,480,640,1200,1400,1400,18581,0,230.0,204.04975083999804,65.90740499996173,1400.4553429995212,13.0
1778229007,22,,Aggregated,17.300000,0.000000,230,230,230,240,250,330,480,640,1200,1400,1400,18599,0,230.0,204.07084584612087,65.90740499996173,1400.4553429995212,13.0
1778229008,22,,Aggregated,17.400000,0.000000,230,230,230,240,250,330,480,640,1200,1400,1400,18617,0,230.0,204.12078891996558,65.90740499996173,1400.4553429995212,13.0
1778229009,22,,Aggregated,17.700000,0.000000,230,230,230,240,250,330,480,640,1200,1400,1400,18634,0,230.0,204.13945132483622,65.90740499996173,1400.4553429995212,13.0
1778229010,22,,Aggregated,17.400000,0.000000,230,230,230,240,250,330,480,640,1200,1400,1400,18653,0,230.0,204.1631228121479,65.90740499996173,1400.4553429995212,13.0
1778229011,22,,Aggregated,17.500000,0.000000,230,230,230,240,250,330,480,640,1200,1400,1400,18671,0,230.0,204.19434834084927,65.90740499996173,1400.4553429995212,13.0
1778229012,22,,Aggregated,17.800000,0.000000,230,230,230,240,250,330,480,640,1200,1400,1400,18689,0,230.0,204.2177515788965,65.90740499996173,1400.4553429995212,13.0
1778229013,22,,Aggregated,17.600000,0.000000,230,230,230,240,250,330,480,640,1200,1400,1400,18706,0,230.0,204.2401180019244,65.90740499996173,1400.4553429995212,13.0
1778229014,22,,Aggregated,17.900000,0.000000,230,230,230,240,250,330,480,640,1200,1400,1400,18724,0,230.0,204.26299641048897,65.90740499996173,1400.4553429995212,13.0
1778229015,22,,Aggregated,17.900000,0.000000,230,230,230,240,250,330,480,640,1200,1400,1400,18743,0,230.0,204.29316929723083,65.90740499996173,1400.4553429995212,13.0
1778229016,22,,Aggregated,17.800000,0.000000,230,230,230,240,250,330,480,640,1200,1400,1400,18760,0,230.0,204.31501618011725,65.90740499996173,1400.4553429995212,13.0
1778229017,22,,Aggregated,17.800000,0.000000,230,230,230,240,250,330,480,640,1200,1400,1400,18778,0,230.0,204.36199945803597,65.90740499996173,1400.4553429995212,13.0
1778229018,22,,Aggregated,17.700000,0.000000,230,230,230,240,250,330,480,640,1200,1400,1400,18795,0,230.0,204.38087726890126,65.90740499996173,1400.4553429995212,13.0
1778229019,22,,Aggregated,17.600000,0.000000,230,230,230,240,250,330,480,640,1200,1400,1400,18812,0,230.0,204.40231062539846,65.90740499996173,1400.4553429995212,13.0
1778229020,22,,Aggregated,18.000000,0.000000,230,230,230,240,250,330,480,640,1200,1400,1400,18831,0,230.0,204.45050791237827,65.90740499996173,1400.4553429995212,13.0
1778229021,22,,Aggregated,17.900000,0.000000,230,230,230,240,250,330,480,640,1200,1400,1400,18850,0,230.0,204.47354222159132,65.90740499996173,1400.4553429995212,13.0
1778229022,22,,Aggregated,17.700000,0.000000,230,230,230,240,250,330,480,640,1200,1400,1400,18868,0,230.0,204.49424254388364,65.90740499996173,1400.4553429995212,13.0
1778229023,22,,Aggregated,18.100000,0.000000,230,230,230,240,250,330,480,640,1200,1400,1400,18885,0,230.0,204.51926860455362,65.90740499996173,1400.4553429995212,13.0
1778229024,22,,Aggregated,17.700000,0.000000,230,230,230,240,250,330,480,640,1200,1400,1400,18904,0,230.0,204.56540348391846,65.90740499996173,1400.4553429995212,13.0
1778229025,22,,Aggregated,17.800000,0.000000,230,230,230,240,250,330,480,640,1200,1400,1400,18919,0,230.0,204.5831553076269,65.90740499996173,1400.4553429995212,13.0
1778229026,22,,Aggregated,17.800000,0.000000,230,230,230,240,250,330,480,640,1200,1400,1400,18938,0,230.0,204.61325306104095,65.90740499996173,1400.4553429995212,13.0
1778229027,22,,Aggregated,17.800000,0.000000,230,230,230,240,250,330,480,640,1200,1400,1400,18957,0,230.0,204.63637672353192,65.90740499996173,1400.4553429995212,13.0
1778229028,22,,Aggregated,17.900000,0.000000,230,230,230,240,250,330,480,640,1200,1400,1400,18976,0,230.0,204.66036019324386,65.90740499996173,1400.4553429995212,13.0
1778229029,22,,Aggregated,17.700000,0.000000,230,230,230,240,250,330,480,640,1200,1400,1400,18992,0,230.0,204.68335886815467,65.90740499996173,1400.4553429995212,13.0
1778229030,22,,Aggregated,17.800000,0.000000,230,230,230,240,250,330,480,630,1200,1400,1400,19010,0,230.0,204.70816662835313,65.90740499996173,1400.4553429995212,13.0
1778229031,22,,Aggregated,17.800000,0.000000,230,230,230,240,250,330,480,630,1200,1400,1400,19027,0,230.0,204.79210732685104,65.90740499996173,1400.4553429995212,13.0
1778229032,22,,Aggregated,18.100000,0.000000,230,230,230,240,250,330,480,630,1200,1400,1400,19044,0,230.0,204.86175221991155,65.90740499996173,1400.4553429995212,13.0
1778229033,22,,Aggregated,17.700000,0.000000,230,230,230,240,250,330,480,630,1200,1400,1400,19062,0,230.0,204.9230400969991,65.90740499996173,1400.4553429995212,13.0
1778229034,22,,Aggregated,17.600000,0.000000,230,230,230,240,250,330,480,630,1200,1400,1400,19080,0,230.0,204.97134578574418,65.90740499996173,1400.4553429995212,13.0
1778229035,22,,Aggregated,17.600000,0.000000,230,230,230,240,250,330,480,640,1200,1400,1400,19096,0,230.0,205.04069535640966,65.90740499996173,1400.4553429995212,13.0
1778229036,22,,Aggregated,17.600000,0.000000,230,230,230,240,250,330,480,630,1200,1400,1400,19114,0,230.0,205.0987684747304,65.90740499996173,1400.4553429995212,13.0
1778229037,22,,Aggregated,17.700000,0.000000,230,230,230,240,250,330,480,630,1200,1400,1400,19131,0,230.0,205.12156992206354,65.90740499996173,1400.4553429995212,13.0
1778229038,22,,Aggregated,17.500000,0.000000,230,230,230,240,250,330,480,630,1200,1400,1400,19149,0,230.0,205.15305357637467,65.90740499996173,1400.4553429995212,13.0
1778229039,22,,Aggregated,17.700000,0.000000,230,230,230,240,250,330,480,630,1200,1400,1400,19168,0,230.0,205.1766475258243,65.90740499996173,1400.4553429995212,13.0
1778229040,22,,Aggregated,17.500000,0.000000,230,230,230,240,250,330,480,630,1200,1400,1400,19185,0,230.0,205.1961413555381,65.90740499996173,1400.4553429995212,13.0
1778229041,22,,Aggregated,17.400000,0.000000,230,230,230,240,250,330,480,630,1200,1400,1400,19204,0,230.0,205.21895816564245,65.90740499996173,1400.4553429995212,13.0
1778229042,22,,Aggregated,17.300000,0.000000,230,230,230,240,250,330,480,630,1200,1400,1400,19220,0,230.0,205.25472535556716,65.90740499996173,1400.4553429995212,13.0
1778229043,22,,Aggregated,17.500000,0.000000,230,230,230,240,250,330,480,630,1200,1400,1400,19239,0,230.0,205.2895601326472,65.90740499996173,1400.4553429995212,13.0
1778229044,22,,Aggregated,17.800000,0.000000,230,230,230,240,250,330,480,630,1200,1400,1400,19256,0,230.0,205.30890331335675,65.90740499996173,1400.4553429995212,13.0
1778229045,22,,Aggregated,17.600000,0.000000,230,230,230,240,250,330,480,630,1200,1400,1400,19275,0,230.0,205.33247462889744,65.90740499996173,1400.4553429995212,13.0
1778229046,22,,Aggregated,17.500000,0.000000,230,230,230,240,250,330,480,630,1200,1400,1400,19292,0,230.0,205.34966232049544,65.90740499996173,1400.4553429995212,13.0
1778229047,22,,Aggregated,17.600000,0.000000,230,230,230,240,250,330,480,630,1200,1400,1400,19310,0,230.0,205.41372355556703,65.90740499996173,1400.4553429995212,13.0
1778229048,22,,Aggregated,17.700000,0.000000,230,230,230,240,250,330,480,630,1200,1400,1400,19329,0,230.0,205.43681378803856,65.90740499996173,1400.4553429995212,13.0
1778229049,22,,Aggregated,17.700000,0.000000,230,230,230,240,250,330,480,630,1200,1400,1400,19346,0,230.0,205.4585798584719,65.90740499996173,1400.4553429995212,13.0
1778229050,22,,Aggregated,17.600000,0.000000,230,230,230,240,250,330,480,630,1200,1400,1400,19364,0,230.0,205.47962598905173,65.90740499996173,1400.4553429995212,13.0
1778229051,22,,Aggregated,17.700000,0.000000,230,230,230,240,250,330,480,630,1200,1400,1400,19382,0,230.0,205.50958124718787,65.90740499996173,1400.4553429995212,13.0
1778229052,22,,Aggregated,17.900000,0.000000,230,230,230,240,250,330,480,630,1200,1400,1400,19400,0,230.0,205.53932911402012,65.90740499996173,1400.4553429995212,13.0
1778229053,22,,Aggregated,17.600000,0.000000,230,230,230,240,250,330,480,630,1200,1400,1400,19418,0,230.0,205.56435018318015,65.90740499996173,1400.4553429995212,13.0
1778229054,22,,Aggregated,17.700000,0.000000,230,230,230,240,250,330,480,630,1200,1400,1400,19435,0,230.0,205.58441918765078,65.90740499996173,1400.4553429995212,13.0
1778229055,22,,Aggregated,17.800000,0.000000,230,230,230,240,250,330,480,630,1200,1400,1400,19453,0,230.0,205.60918343180956,65.90740499996173,1400.4553429995212,13.0
1778229056,22,,Aggregated,18.000000,0.000000,230,230,230,240,250,330,480,630,1200,1400,1400,19472,0,230.0,205.63203958144985,65.90740499996173,1400.4553429995212,13.0
1778229057,22,,Aggregated,17.800000,0.000000,230,230,230,240,250,330,480,630,1200,1400,1400,19487,0,230.0,205.67442085492857,65.90740499996173,1400.4553429995212,13.0
1778229058,22,,Aggregated,17.800000,0.000000,230,230,230,240,250,330,480,630,1200,1400,1400,19504,0,230.0,205.76443245257326,65.90740499996173,1400.4553429995212,13.0
1778229059,22,,Aggregated,17.900000,0.000000,230,230,230,240,250,330,480,630,1200,1400,1400,19522,0,230.0,205.83207866903962,65.90740499996173,1400.4553429995212,13.0
1778229060,22,,Aggregated,17.900000,0.000000,230,230,230,240,250,330,480,630,1200,1400,1400,19540,0,230.0,205.86255101243552,65.90740499996173,1400.4553429995212,13.0
1778229061,22,,Aggregated,17.700000,0.000000,230,230,230,240,250,330,480,630,1200,1400,1400,19559,0,230.0,205.93440531008676,65.90740499996173,1400.4553429995212,13.0
1778229062,22,,Aggregated,17.400000,0.000000,230,230,230,240,250,330,480,630,1200,1400,1400,19575,0,230.0,205.9627234585434,65.90740499996173,1400.4553429995212,13.0
1778229063,22,,Aggregated,17.800000,0.000000,230,230,230,240,250,330,480,630,1200,1400,1400,19592,0,230.0,205.993183004491,65.90740499996173,1400.4553429995212,13.0
1778229064,22,,Aggregated,17.700000,0.000000,230,230,230,240,250,330,480,630,1200,1400,1400,19611,0,230.0,206.0210839070414,65.90740499996173,1400.4553429995212,13.0
1778229065,22,,Aggregated,17.700000,0.000000,230,230,230,240,250,330,480,630,1200,1400,1400,19630,0,230.0,206.05492223713645,65.90740499996173,1400.4553429995212,13.0
1778229066,22,,Aggregated,17.400000,0.000000,230,230,230,240,250,330,480,630,1200,1400,1400,19648,0,230.0,206.07785215044728,65.90740499996173,1400.4553429995212,13.0
1778229067,22,,Aggregated,17.500000,0.000000,230,230,230,240,250,330,480,630,1200,1400,1400,19665,0,230.0,206.1102448704291,65.90740499996173,1400.4553429995212,13.0
1778229068,22,,Aggregated,17.500000,0.000000,230,230,230,240,250,330,480,630,1200,1400,1400,19681,0,230.0,206.1384769167719,65.90740499996173,1400.4553429995212,13.0
1778229069,22,,Aggregated,17.500000,0.000000,230,230,230,240,250,330,480,630,1200,1400,1400,19700,0,230.0,206.21206545045627,65.90740499996173,1400.4553429995212,13.0
1778229070,22,,Aggregated,17.700000,0.000000,230,230,230,240,250,330,480,630,1200,1400,1400,19717,0,230.0,206.24517110838292,65.90740499996173,1400.4553429995212,13.0
1778229071,22,,Aggregated,17.600000,0.000000,230,230,230,240,250,330,480,630,1200,1400,1400,19735,0,230.0,206.27917460329294,65.90740499996173,1400.4553429995212,13.0
1778229072,22,,Aggregated,17.600000,0.000000,230,230,230,240,250,330,480,630,1200,1400,1400,19754,0,230.0,206.3024833867059,65.90740499996173,1400.4553429995212,13.0
1778229073,22,,Aggregated,17.400000,0.000000,230,230,230,240,250,330,480,630,1200,1400,1400,19771,0,230.0,206.3229143366036,65.90740499996173,1400.4553429995212,13.0
1778229074,22,,Aggregated,17.500000,0.000000,230,230,230,240,250,330,480,630,1200,1400,1400,19788,0,230.0,206.34286798726455,65.90740499996173,1400.4553429995212,13.0
1778229075,22,,Aggregated,17.500000,0.000000,230,230,230,240,250,330,480,630,1200,1400,1400,19805,0,230.0,206.39008335379913,65.90740499996173,1400.4553429995212,13.0
1778229076,22,,Aggregated,17.700000,0.000000,230,230,230,240,250,330,480,630,1200,1400,1400,19824,0,230.0,206.41375078515904,65.90740499996173,1400.4553429995212,13.0
1778229077,22,,Aggregated,17.600000,0.000000,230,230,230,240,250,330,480,630,1200,1400,1400,19841,0,230.0,206.44045827080254,65.90740499996173,1400.4553429995212,13.0
1778229078,22,,Aggregated,17.800000,0.000000,230,230,230,240,250,330,480,630,1200,1400,1400,19860,0,230.0,206.47468327250704,65.90740499996173,1400.4553429995212,13.0
1778229079,22,,Aggregated,17.800000,0.000000,230,230,230,240,250,330,480,630,1200,1400,1400,19876,0,230.0,206.49315160706325,65.90740499996173,1400.4553429995212,13.0
1778229080,22,,Aggregated,17.500000,0.000000,230,230,230,240,250,330,480,630,1200,1400,1400,19895,0,230.0,206.5172305142996,65.90740499996173,1400.4553429995212,13.0
1778229081,22,,Aggregated,17.900000,0.000000,230,230,230,240,250,330,480,630,1200,1400,1400,19915,0,230.0,206.54726820582434,65.90740499996173,1400.4553429995212,13.0
1778229082,22,,Aggregated,17.800000,0.000000,230,230,230,240,250,330,480,630,1200,1400,1400,19931,0,230.0,206.56795846224438,65.90740499996173,1400.4553429995212,13.0
1778229083,22,,Aggregated,17.900000,0.000000,230,230,230,240,250,330,480,630,1200,1400,1400,19950,0,230.0,206.5947093999996,65.90740499996173,1400.4553429995212,13.0
1778229084,22,,Aggregated,17.900000,0.000000,230,230,230,240,250,330,480,630,1200,1400,1400,19965,0,230.0,206.61306329010722,65.90740499996173,1400.4553429995212,13.0
1778229085,22,,Aggregated,18.000000,0.000000,230,230,230,240,250,330,480,630,1200,1400,1400,19984,0,230.0,206.6555571005801,65.90740499996173,1400.4553429995212,13.0
1778229086,22,,Aggregated,17.900000,0.000000,230,230,230,240,250,330,480,630,1200,1400,1400,20003,0,230.0,206.67985911398264,65.90740499996173,1400.4553429995212,13.0
1778229087,22,,Aggregated,17.700000,0.000000,230,230,230,240,250,330,480,630,1200,1400,1400,20021,0,230.0,206.6993751885018,65.90740499996173,1400.4553429995212,13.0
1778229088,22,,Aggregated,17.600000,0.000000,230,230,230,240,250,330,480,630,1200,1400,1400,20038,0,230.0,206.72154704007355,65.90740499996173,1400.4553429995212,13.0
1778229089,22,,Aggregated,17.600000,0.000000,230,230,230,240,250,330,480,630,1200,1400,1400,20055,0,230.0,206.74443045205646,65.90740499996173,1400.4553429995212,13.0
1778229090,22,,Aggregated,18.000000,0.000000,230,230,230,240,250,330,480,630,1200,1400,1400,20074,0,230.0,206.7814353859715,65.90740499996173,1400.4553429995212,13.0
1778229091,22,,Aggregated,17.700000,0.000000,230,230,230,240,250,330,480,630,1200,1400,1400,20091,0,230.0,206.81817518844215,65.90740499996173,1400.4553429995212,13.0
1778229092,22,,Aggregated,17.700000,0.000000,230,230,230,240,250,330,480,620,1200,1400,1400,20110,0,230.0,206.84250863237153,65.90740499996173,1400.4553429995212,13.0
1778229093,22,,Aggregated,17.800000,0.000000,230,230,230,240,250,330,480,620,1200,1400,1400,20127,0,230.0,206.86055713340235,65.90740499996173,1400.4553429995212,13.0
1778229094,22,,Aggregated,17.800000,0.000000,230,230,230,240,250,330,480,620,1200,1400,1400,20145,0,230.0,206.87891980536048,65.90740499996173,1400.4553429995212,13.0
1778229095,22,,Aggregated,17.600000,0.000000,230,230,230,240,250,330,480,620,1200,1400,1400,20163,0,230.0,206.8956679572974,65.90740499996173,1400.4553429995212,13.0
1778229096,22,,Aggregated,17.600000,0.000000,230,230,230,240,250,330,480,630,1200,1400,1400,20181,0,230.0,206.9552554974474,65.90740499996173,1400.4553429995212,13.0
1778229097,22,,Aggregated,17.900000,0.000000,230,230,230,240,250,330,480,630,1200,1400,1400,20198,0,230.0,206.97208700628715,65.90740499996173,1400.4553429995212,13.0
1778229098,22,,Aggregated,18.000000,0.000000,230,230,230,240,250,330,480,620,1200,1400,1400,20216,0,230.0,206.99126766630326,65.90740499996173,1400.4553429995212,13.0
1778229099,22,,Aggregated,17.900000,0.000000,230,230,230,240,250,330,480,620,1200,1400,1400,20234,0,230.0,207.02682413506906,65.90740499996173,1400.4553429995212,13.0
1778229100,22,,Aggregated,17.600000,0.000000,230,230,230,240,250,330,480,620,1200,1400,1400,20253,0,230.0,207.05237118387336,65.90740499996173,1400.4553429995212,13.0
1778229101,22,,Aggregated,17.700000,0.000000,230,230,230,240,250,330,480,620,1200,1400,1400,20267,0,230.0,207.06396049819833,65.90740499996173,1400.4553429995212,13.0
1778229102,22,,Aggregated,17.900000,0.000000,230,230,230,240,250,330,480,620,1200,1400,1400,20288,0,230.0,207.1145106978995,65.90740499996173,1400.4553429995212,13.0
1778229103,22,,Aggregated,17.900000,0.000000,230,230,230,240,250,330,480,620,1200,1400,1400,20305,0,230.0,207.15225699684746,65.90740499996173,1400.4553429995212,13.0
1778229104,22,,Aggregated,17.500000,0.000000,230,230,230,240,250,330,480,620,1200,1400,1400,20323,0,230.0,207.1817510883229,65.90740499996173,1400.4553429995212,13.0
1778229106,22,,Aggregated,17.800000,0.000000,230,230,230,240,250,330,480,620,1200,1400,1400,20340,0,230.0,207.21161248574177,65.90740499996173,1400.4553429995212,13.0
1778229107,22,,Aggregated,17.900000,0.000000,230,230,230,240,250,330,480,620,1200,1400,1400,20358,0,230.0,207.23788489424246,65.90740499996173,1400.4553429995212,13.0
1778229108,22,,Aggregated,17.800000,0.000000,230,230,230,240,250,330,480,620,1200,1400,1400,20376,0,230.0,207.27321436842288,65.90740499996173,1400.4553429995212,13.0
1778229109,22,,Aggregated,17.600000,0.000000,230,230,230,240,250,330,480,620,1200,1400,1400,20394,0,230.0,207.3079136577908,65.90740499996173,1400.4553429995212,13.0
1778229110,22,,Aggregated,17.600000,0.000000,230,230,230,240,250,330,480,620,1200,1400,1400,20411,0,230.0,207.3486389287632,65.90740499996173,1400.4553429995212,13.0
1778229111,22,,Aggregated,17.700000,0.000000,230,230,230,240,250,330,480,620,1200,1400,1400,20430,0,230.0,207.39802718242717,65.90740499996173,1400.4553429995212,13.0
1778229112,22,,Aggregated,17.700000,0.000000,230,230,230,240,250,330,480,620,1200,1400,1400,20447,0,230.0,207.41458747532573,65.90740499996173,1400.4553429995212,13.0
1778229113,22,,Aggregated,17.700000,0.000000,230,230,230,240,250,330,480,620,1200,1400,1400,20464,0,230.0,207.4462578060001,65.90740499996173,1400.4553429995212,13.0
1778229114,22,,Aggregated,17.700000,0.000000,230,230,230,240,250,330,480,620,1200,1400,1400,20483,0,230.0,207.49247951906395,65.90740499996173,1400.4553429995212,13.0
1778229115,22,,Aggregated,17.900000,0.000000,230,230,230,240,250,330,480,620,1200,1400,1400,20500,0,230.0,207.51161961814572,65.90740499996173,1400.4553429995212,13.0
1778229116,22,,Aggregated,17.600000,0.000000,230,230,230,240,250,330,480,620,1200,1400,1400,20515,0,230.0,207.53164214374777,65.90740499996173,1400.4553429995212,13.0
1778229117,22,,Aggregated,17.700000,0.000000,230,230,230,240,250,330,480,630,1200,1400,1400,20534,0,230.0,207.65316641643062,65.90740499996173,1400.4553429995212,13.0
1778229118,22,,Aggregated,17.700000,0.000000,230,230,230,240,250,330,480,630,1200,1400,1400,20550,0,230.0,207.73389545990213,65.90740499996173,1400.4553429995212,13.0
1778229119,22,,Aggregated,17.500000,0.000000,230,230,230,240,250,330,480,630,1200,1400,1400,20567,0,230.0,207.7692443256669,65.90740499996173,1400.4553429995212,13.0
1778229120,22,,Aggregated,17.400000,0.000000,230,230,230,240,250,330,480,630,1200,1400,1400,20585,0,230.0,207.79839245178488,65.90740499996173,1400.4553429995212,13.0
1778229121,22,,Aggregated,17.400000,0.000000,230,230,230,240,250,330,480,630,1200,1400,1400,20604,0,230.0,207.85154081484137,65.90740499996173,1400.4553429995212,13.0
1778229122,22,,Aggregated,17.400000,0.000000,230,230,230,240,250,330,480,630,1200,1400,1400,20621,0,230.0,207.88666391547406,65.90740499996173,1400.4553429995212,13.0
1778229123,22,,Aggregated,17.300000,0.000000,230,230,230,240,250,330,480,630,1200,1400,1400,20640,0,230.0,207.9227288202999,65.90740499996173,1400.4553429995212,13.0
1778229124,22,,Aggregated,17.400000,0.000000,230,230,230,240,250,330,480,630,1200,1400,1400,20657,0,230.0,207.9415543881003,65.90740499996173,1400.4553429995212,13.0
1778229125,22,,Aggregated,17.500000,0.000000,230,230,230,240,250,330,480,630,1200,1400,1400,20674,0,230.0,207.95490821427822,65.90740499996173,1400.4553429995212,13.0
1778229126,22,,Aggregated,17.500000,0.000000,230,230,230,240,250,330,480,630,1200,1400,1400,20692,0,230.0,207.97785443944449,65.90740499996173,1400.4553429995212,13.0
1778229127,22,,Aggregated,17.300000,0.000000,230,230,230,240,250,330,480,630,1200,1400,1400,20711,0,230.0,208.02416731731861,65.90740499996173,1400.4553429995212,13.0
1778229128,22,,Aggregated,17.700000,0.000000,230,230,230,240,250,330,480,630,1200,1400,1400,20727,0,230.0,208.03707265653424,65.90740499996173,1400.4553429995212,13.0
1778229129,22,,Aggregated,17.700000,0.000000,230,230,230,240,250,330,480,630,1200,1400,1400,20746,0,230.0,208.05483249725194,65.90740499996173,1400.4553429995212,13.0
1778229130,22,,Aggregated,17.600000,0.000000,230,230,230,240,250,330,480,630,1200,1400,1400,20764,0,230.0,208.07577745492128,65.90740499996173,1400.4553429995212,13.0
1778229131,22,,Aggregated,17.800000,0.000000,230,230,230,240,250,330,480,630,1200,1400,1400,20780,0,230.0,208.10923590899841,65.90740499996173,1400.4553429995212,13.0
1778229132,22,,Aggregated,17.800000,0.000000,230,230,230,240,250,330,480,630,1200,1400,1400,20799,0,230.0,208.14749368859,65.90740499996173,1400.4553429995212,13.0
1778229133,22,,Aggregated,17.600000,0.000000,230,230,230,240,250,330,480,620,1200,1400,1400,20818,0,230.0,208.1656788478713,65.90740499996173,1400.4553429995212,13.0
1778229134,22,,Aggregated,17.800000,0.000000,230,230,230,240,250,330,480,620,1200,1400,1400,20836,0,230.0,208.18180056555886,65.90740499996173,1400.4553429995212,13.0
1778229135,22,,Aggregated,17.600000,0.000000,230,230,230,240,250,330,480,620,1200,1400,1400,20854,0,230.0,208.1981414648022,65.90740499996173,1400.4553429995212,13.0
1778229136,22,,Aggregated,17.800000,0.000000,230,230,230,240,250,330,480,620,1200,1400,1400,20870,0,230.0,208.21262208672658,65.90740499996173,1400.4553429995212,13.0
1778229137,22,,Aggregated,18.000000,0.000000,230,230,230,240,250,330,480,620,1200,1400,1400,20889,0,230.0,208.23146672090485,65.90740499996173,1400.4553429995212,13.0
1778229138,22,,Aggregated,17.700000,0.000000,230,230,230,240,250,330,480,620,1200,1400,1400,20908,0,230.0,208.25258348933343,65.90740499996173,1400.4553429995212,13.0
1778229139,22,,Aggregated,17.700000,0.000000,230,230,230,240,250,330,480,620,1200,1400,1400,20924,0,230.0,208.26647161565592,65.90740499996173,1400.4553429995212,13.0
1778229140,22,,Aggregated,17.700000,0.000000,230,230,230,240,250,330,480,620,1200,1400,1400,20942,0,230.0,208.283520564845,65.90740499996173,1400.4553429995212,13.0
1778229141,22,,Aggregated,17.900000,0.000000,230,230,230,240,250,330,480,620,1200,1400,1400,20960,0,230.0,208.3210003471366,65.90740499996173,1400.4553429995212,13.0
1778229142,22,,Aggregated,18.000000,0.000000,230,230,230,240,250,330,480,620,1200,1400,1400,20978,0,230.0,208.3411454940883,65.90740499996173,1400.4553429995212,13.0
1778229143,22,,Aggregated,17.900000,0.000000,230,230,230,240,250,330,480,620,1200,1400,1400,20997,0,230.0,208.3639480333851,65.90740499996173,1400.4553429995212,13.0
1778229144,22,,Aggregated,17.800000,0.000000,230,230,230,240,250,330,480,620,1200,1400,1400,21013,0,230.0,208.38583800618608,65.90740499996173,1400.4553429995212,13.0
1778229145,22,,Aggregated,18.000000,0.000000,230,230,230,240,250,330,480,620,1200,1400,1400,21030,0,230.0,208.4344889576315,65.90740499996173,1400.4553429995212,13.0
1778229146,22,,Aggregated,17.800000,0.000000,230,230,230,240,250,330,480,620,1200,1400,1400,21050,0,230.0,208.45570551843176,65.90740499996173,1400.4553429995212,13.0
1778229147,22,,Aggregated,17.700000,0.000000,230,230,230,240,250,330,480,620,1200,1400,1400,21066,0,230.0,208.490938666856,65.90740499996173,1400.4553429995212,13.0
1778229148,22,,Aggregated,17.900000,0.000000,230,230,230,240,250,330,480,620,1200,1400,1400,21086,0,230.0,208.5335283486668,65.90740499996173,1400.4553429995212,13.0
1778229149,22,,Aggregated,17.600000,0.000000,230,230,230,240,250,330,480,620,1200,1400,1400,21102,0,230.0,208.54901360107988,65.90740499996173,1400.4553429995212,13.0
1778229150,22,,Aggregated,17.500000,0.000000,230,230,230,240,250,330,480,620,1200,1400,1400,21121,0,230.0,208.57105576416762,65.90740499996173,1400.4553429995212,13.0
1778229151,22,,Aggregated,17.500000,0.000000,230,230,230,240,250,330,480,620,1200,1400,1400,21139,0,230.0,208.58920578106736,65.90740499996173,1400.4553429995212,13.0
1778229152,22,,Aggregated,17.600000,0.000000,230,230,230,240,250,330,480,620,1200,1400,1400,21156,0,230.0,208.60974423099756,65.90740499996173,1400.4553429995212,13.0
1778229153,22,,Aggregated,17.800000,0.000000,230,230,230,240,250,330,480,620,1200,1400,1400,21173,0,230.0,208.67605657818845,65.90740499996173,1400.4553429995212,13.0
1778229154,22,,Aggregated,17.700000,0.000000,230,230,230,240,250,330,480,620,1200,1400,1400,21190,0,230.0,208.72222379112722,65.90740499996173,1400.4553429995212,13.0
1778229155,22,,Aggregated,17.400000,0.000000,230,230,230,240,250,330,480,620,1200,1400,1400,21209,0,230.0,208.77156518732545,65.90740499996173,1400.4553429995212,13.0
1778229156,22,,Aggregated,17.600000,0.000000,230,230,230,240,250,330,480,620,1200,1400,1400,21226,0,230.0,208.80865901936227,65.90740499996173,1400.4553429995212,13.0
1778229157,22,,Aggregated,17.600000,0.000000,230,230,230,240,250,330,480,620,1200,1400,1400,21244,0,230.0,208.83457041159784,65.90740499996173,1400.4553429995212,13.0
1778229158,22,,Aggregated,17.600000,0.000000,230,230,230,240,250,330,480,620,1200,1400,1400,21258,0,230.0,208.87286991532534,65.90740499996173,1400.4553429995212,13.0
1778229159,22,,Aggregated,17.500000,0.000000,230,230,230,240,250,330,480,620,1200,1400,1400,21277,0,230.0,208.97184172834443,65.90740499996173,1400.4553429995212,13.0
1778229160,22,,Aggregated,17.500000,0.000000,230,230,230,240,250,330,480,620,1200,1400,1400,21296,0,230.0,209.043069771177,65.90740499996173,1400.4553429995212,13.0
1778229161,22,,Aggregated,17.600000,0.000000,230,230,230,240,250,330,480,620,1200,1400,1400,21311,0,230.0,209.05756718567807,65.90740499996173,1400.4553429995212,13.0
1778229162,22,,Aggregated,17.600000,0.000000,230,230,230,240,250,330,480,620,1200,1400,1400,21329,0,230.0,209.09794667616794,65.90740499996173,1400.4553429995212,13.0
1778229163,22,,Aggregated,17.100000,0.000000,230,230,230,240,250,330,480,620,1200,1400,1400,21347,0,230.0,209.1289307854025,65.90740499996173,1400.4553429995212,13.0
1778229164,22,,Aggregated,17.300000,0.000000,230,230,230,240,250,330,480,620,1200,1400,1400,21367,0,230.0,209.15987006355527,65.90740499996173,1400.4553429995212,13.0
1778229165,22,,Aggregated,17.600000,0.000000,230,230,230,240,250,330,480,620,1200,1400,1400,21383,0,230.0,209.18428537936592,65.90740499996173,1400.4553429995212,13.0
1778229166,22,,Aggregated,17.500000,0.000000,230,230,230,240,250,330,480,620,1200,1400,1400,21400,0,230.0,209.26353992200853,65.90740499996173,1400.4553429995212,13.0
1778229167,22,,Aggregated,17.400000,0.000000,230,230,230,240,250,330,480,620,1200,1400,1400,21418,0,230.0,209.27743539980295,65.90740499996173,1400.4553429995212,13.0
1778229168,22,,Aggregated,17.300000,0.000000,230,230,230,240,250,330,480,620,1200,1400,1400,21435,0,230.0,209.31077900900317,65.90740499996173,1400.4553429995212,13.0
1778229169,22,,Aggregated,17.600000,0.000000,230,230,230,240,250,330,480,620,1200,1400,1400,21454,0,230.0,209.32673658250124,65.90740499996173,1400.4553429995212,13.0
1778229170,22,,Aggregated,17.700000,0.000000,230,230,230,240,250,330,480,620,1200,1400,1400,21471,0,230.0,209.33973132560115,65.90740499996173,1400.4553429995212,13.0
1778229171,22,,Aggregated,17.400000,0.000000,230,230,230,240,250,330,480,620,1200,1400,1400,21489,0,230.0,209.3529932474746,65.90740499996173,1400.4553429995212,13.0
1778229172,22,,Aggregated,17.400000,0.000000,230,230,230,240,250,330,480,620,1200,1400,1400,21508,0,230.0,209.36856826864346,65.90740499996173,1400.4553429995212,13.0
